cgpa,python,java,cpp,sql,web_dev,machine_learning,data_analysis,cloud_computing,cybersecurity,devops,ui_ux,logical_reasoning,problem_solving,mathematics,communication,teamwork,interest_ai,interest_web,interest_data,interest_cybersecurity,interest_cloud,interest_software_dev,interest_ui_ux,interest_business,certifications_count,projects_count,internship_done,preferred_work_style,recommended_career
6.36,5.7,4.4,2.3,4.9,10.0,1.8,1.9,2.0,4.9,4.9,6.5,8.4,8.6,6.2,7.5,7.5,4.6,7.5,3.1,2.4,5.3,8.9,8.0,4.7,2,3,1,Managerial,Web Developer
6.59,7.8,6.1,6.4,6.5,3.6,2.1,3.7,10.0,7.8,7.4,2.8,6.5,6.5,7.7,8.0,7.2,6.5,6.5,5.2,6.7,8.3,7.5,4.0,5.8,2,1,0,Technical,Cloud Engineer
8.42,10.0,7.5,3.7,8.5,6.1,5.0,5.0,10.0,7.7,8.6,2.5,7.5,7.0,6.4,8.2,8.1,3.6,7.1,3.7,6.9,10.0,5.2,3.2,4.7,3,3,0,Managerial,Cloud Engineer
8.8,9.8,6.3,7.7,4.1,4.5,4.7,5.2,4.8,9.6,5.2,2.9,7.1,8.5,8.4,6.6,8.5,3.2,4.5,5.5,8.8,6.1,4.7,0.6,5.4,2,1,0,Technical,Cybersecurity Analyst
6.94,7.3,7.7,9.4,7.2,5.5,3.2,5.0,5.6,5.8,4.1,5.1,7.5,8.7,6.4,6.3,7.2,4.7,6.1,1.3,3.9,6.6,8.9,5.6,3.9,1,1,1,Technical,Software Developer
8.12,6.0,5.9,4.4,6.4,5.8,3.7,3.6,8.0,7.1,7.0,4.0,7.2,7.6,5.8,8.5,9.6,4.5,5.3,4.4,7.4,9.2,7.9,2.9,6.8,2,2,0,Technical,Cloud Engineer
8.47,4.3,6.6,3.7,7.3,8.6,3.4,2.3,6.9,5.2,4.9,9.1,5.6,6.9,6.1,7.6,8.5,4.2,10.0,1.9,1.9,3.5,6.6,8.1,4.9,3,1,1,Creative,Web Developer
6.8,7.0,4.6,2.8,6.9,8.7,0.2,3.2,3.9,1.4,5.2,5.7,7.6,7.2,4.5,8.3,8.6,4.6,9.0,2.3,3.3,4.8,6.5,8.4,6.6,1,2,1,Creative,Web Developer
9.13,8.3,4.5,9.5,7.2,2.1,9.2,8.5,6.4,4.2,5.9,2.8,8.9,8.2,7.5,6.6,7.3,6.4,3.4,8.2,3.7,7.4,7.2,3.6,3.5,2,2,1,Technical,Machine Learning Engineer
8.12,8.1,3.2,2.3,10.0,2.8,4.1,10.0,2.4,2.1,2.2,5.3,8.6,8.2,8.6,7.7,7.3,5.6,4.0,8.1,2.3,3.6,4.1,4.6,7.2,1,2,1,Analytical,Data Analyst
8.78,5.2,3.7,0.9,7.8,9.8,0.0,5.1,4.8,3.3,3.3,6.1,7.9,9.0,4.8,5.4,7.7,2.9,9.6,4.5,2.9,5.5,9.3,8.2,5.5,2,5,1,Creative,Web Developer
8.55,6.5,4.9,3.6,6.7,7.9,3.5,3.8,7.4,7.7,8.7,3.9,10.0,7.4,8.0,7.2,8.4,5.1,4.3,4.7,6.7,9.4,7.2,2.4,4.5,4,2,0,Technical,DevOps Engineer
8.07,6.4,3.3,1.4,8.0,2.0,4.1,8.0,5.7,4.0,2.6,8.0,8.8,9.0,6.8,10.0,8.9,4.2,4.8,8.0,2.7,5.9,3.7,7.9,9.4,2,2,1,Managerial,Business Analyst
8.9,9.1,5.4,4.0,9.4,2.7,6.9,9.4,6.3,3.3,4.7,1.5,8.0,9.7,8.7,8.2,9.9,9.6,2.6,7.1,3.8,2.8,4.1,3.2,6.9,0,6,0,Analytical,Data Scientist
8.45,4.7,4.6,2.0,9.6,3.4,4.9,9.6,4.9,1.6,4.1,3.8,8.0,8.4,8.6,8.5,7.1,6.0,2.3,10.0,1.9,2.3,2.7,5.0,8.2,2,4,1,Analytical,Data Analyst
7.38,9.1,2.9,2.5,5.5,3.2,7.2,9.5,3.8,3.6,2.6,2.3,7.2,9.7,7.7,8.8,7.2,7.9,1.8,10.0,2.4,4.4,6.6,5.8,6.8,4,4,1,Analytical,Data Scientist
7.29,9.6,4.6,5.3,7.0,3.7,8.7,8.0,6.9,3.9,6.2,4.8,10.0,10.0,8.5,5.9,8.9,9.3,3.6,8.5,3.4,6.1,5.7,3.3,8.7,4,3,1,Analytical,Data Scientist
7.9,9.0,7.7,7.8,5.8,5.2,9.8,8.2,7.9,5.0,5.9,3.4,9.9,6.3,6.1,6.3,6.6,10.0,3.5,9.3,4.2,6.1,8.9,3.8,3.6,5,2,1,Technical,AI Engineer
9.19,5.4,4.0,1.5,6.6,3.6,3.2,7.5,4.4,2.9,3.2,6.9,10.0,9.1,10.0,8.3,8.1,5.1,2.2,8.0,2.8,3.0,3.0,8.8,8.9,3,2,1,Managerial,Business Analyst
9.9,7.2,4.4,3.4,4.4,6.6,3.7,2.8,8.5,7.3,10.0,2.3,10.0,8.7,5.4,8.6,7.8,3.6,6.3,5.4,7.1,9.5,6.4,1.0,5.9,0,2,0,Technical,DevOps Engineer
7.82,6.2,7.5,8.6,5.4,5.8,3.3,3.0,6.2,4.8,7.2,4.9,6.9,9.1,8.1,7.6,6.1,3.0,4.7,5.8,4.7,4.1,9.1,3.9,2.9,2,2,0,Technical,Software Developer
8.22,6.4,4.9,7.1,7.2,2.1,3.2,3.3,6.0,8.5,6.2,2.7,10.0,8.9,7.7,5.4,6.6,3.3,5.7,5.1,9.1,7.6,5.7,4.0,6.5,3,2,1,Technical,Cybersecurity Analyst
8.06,7.5,10.0,6.0,5.3,7.9,3.1,3.7,3.7,4.5,5.6,2.8,7.8,8.1,7.3,5.3,8.4,5.0,5.6,3.8,3.8,4.1,8.5,3.7,5.8,3,3,1,Technical,Software Developer
7.04,7.4,4.9,7.8,6.9,4.1,7.9,5.2,9.2,5.7,5.2,3.5,8.3,8.6,8.8,5.6,6.8,9.6,2.1,7.1,2.4,5.8,7.2,3.3,4.8,4,4,0,Technical,AI Engineer
8.4,8.4,5.2,5.5,4.9,3.3,9.1,10.0,7.9,2.3,7.5,1.5,10.0,8.4,7.9,7.6,6.4,10.0,3.4,9.5,3.6,7.2,6.4,1.0,4.0,0,2,0,Technical,Machine Learning Engineer
7.55,9.9,5.7,6.0,6.5,3.8,8.0,9.4,7.4,3.1,5.3,3.6,9.4,6.8,10.0,7.2,6.0,10.0,4.5,9.7,5.4,9.2,8.7,4.5,5.8,1,3,0,Technical,AI Engineer
8.0,6.7,3.2,3.3,7.1,3.1,8.9,9.3,6.7,3.6,1.9,2.8,8.3,8.7,9.9,7.5,7.1,8.8,2.7,9.1,4.2,4.9,5.0,4.0,8.4,2,3,0,Analytical,Data Scientist
7.96,6.6,1.8,2.9,9.3,1.5,5.0,9.4,4.9,2.2,4.6,4.9,7.7,6.4,6.5,6.9,7.7,4.7,3.4,8.2,1.1,3.0,6.4,4.8,7.9,2,2,0,Analytical,Data Analyst
8.78,4.7,5.4,2.5,7.3,8.9,3.4,1.3,4.6,5.7,4.9,4.9,6.7,9.1,4.8,6.9,8.7,4.3,8.0,1.6,3.3,5.3,8.3,9.4,2.9,1,6,0,Creative,Web Developer
8.36,4.2,1.2,2.7,9.1,3.8,4.8,6.9,2.6,2.3,2.8,5.0,6.8,8.2,6.8,9.2,9.3,4.3,2.3,9.9,5.3,4.6,5.9,5.1,8.3,1,1,1,Managerial,Business Analyst
6.41,4.8,3.4,3.1,4.5,8.3,0.4,4.0,3.0,2.0,3.5,9.5,6.0,5.7,5.0,10.0,7.3,4.6,9.3,1.6,2.7,3.0,5.4,10.0,7.5,2,2,0,Creative,UI/UX Developer
8.0,7.1,5.6,7.0,5.9,4.8,3.9,5.9,7.1,9.3,5.2,1.5,7.1,7.7,7.4,8.5,7.2,3.7,5.0,4.3,10.0,5.1,7.0,3.2,4.2,1,2,0,Technical,Cybersecurity Analyst
7.6,8.2,6.4,4.5,7.1,5.1,3.4,5.3,8.5,6.0,9.3,2.2,6.3,6.6,6.8,8.2,9.9,3.8,4.0,7.2,7.5,9.2,6.1,2.6,5.2,3,2,1,Technical,Cloud Engineer
7.96,8.3,4.6,4.2,8.6,3.7,8.8,7.3,5.6,3.7,3.9,3.9,6.4,10.0,7.5,6.8,6.1,8.8,3.4,9.7,3.8,6.9,4.7,3.1,6.7,1,2,0,Analytical,Data Scientist
7.08,4.9,3.1,1.0,8.1,2.8,3.4,6.8,3.6,3.3,3.0,7.4,7.4,9.8,6.6,10.0,9.4,6.8,3.7,6.3,2.7,4.5,5.8,4.1,8.5,2,1,0,Managerial,Business Analyst
8.42,3.8,1.4,3.6,4.3,8.0,2.5,4.4,3.9,0.0,4.5,7.5,7.7,6.3,4.6,8.2,8.6,4.9,9.9,3.7,2.9,2.7,5.1,10.0,7.6,2,2,0,Creative,UI/UX Developer
8.15,7.2,7.2,7.1,6.9,7.0,2.7,2.7,6.1,3.0,5.3,4.0,7.8,8.0,7.7,2.6,8.3,3.0,6.4,4.4,5.4,5.2,8.1,2.2,3.6,2,1,0,Technical,Software Developer
7.47,7.4,8.2,9.7,6.0,5.9,1.6,4.7,5.4,5.6,6.2,4.4,7.5,8.7,6.9,7.5,7.9,3.7,4.4,5.5,4.6,4.6,9.6,4.1,5.5,1,4,1,Technical,Software Developer
7.47,7.7,3.1,2.4,8.1,2.6,3.7,9.8,4.1,2.3,1.9,5.8,8.3,8.3,7.9,8.3,5.5,6.3,1.5,10.0,1.9,2.2,3.9,3.3,9.2,3,0,0,Creative,Data Analyst
7.78,7.0,8.0,5.3,7.2,5.6,3.0,5.7,8.8,8.6,8.2,3.7,8.0,10.0,5.4,6.6,6.5,3.2,6.4,4.6,6.1,9.2,6.6,1.4,4.2,4,2,1,Technical,Cloud Engineer
6.26,8.6,5.6,5.9,7.5,4.1,8.4,8.4,6.9,3.4,5.8,3.3,8.4,9.4,8.9,7.9,5.2,9.6,5.5,7.4,3.8,8.5,4.9,5.2,5.6,2,1,0,Technical,AI Engineer
9.2,3.2,1.5,1.8,3.6,9.9,2.9,4.6,3.1,2.1,1.6,9.1,5.9,6.8,3.8,9.4,9.8,4.5,10.0,4.1,1.4,3.6,7.9,8.8,8.0,2,1,1,Creative,UI/UX Developer
7.9,7.6,1.7,5.1,7.2,4.5,8.3,10.0,9.0,3.5,2.5,4.6,8.9,7.1,8.3,7.0,7.4,7.5,1.9,7.7,0.9,5.7,5.1,4.9,6.2,1,1,1,Analytical,Data Scientist
6.86,5.4,4.9,8.6,7.0,6.3,2.4,2.8,7.9,10.0,7.1,2.7,8.1,8.8,6.7,7.4,7.3,5.2,3.6,5.8,8.2,8.5,5.6,1.4,5.9,1,1,0,Technical,Cybersecurity Analyst
7.69,5.2,4.7,9.2,6.8,4.0,4.5,4.8,5.8,8.4,5.0,2.8,8.5,7.9,7.8,7.3,5.9,4.2,5.3,5.7,8.4,5.4,5.3,3.6,4.4,2,2,1,Technical,Cybersecurity Analyst
6.31,7.2,8.5,8.3,4.7,6.7,2.7,3.0,4.3,4.9,5.3,4.1,8.3,9.5,6.9,6.6,8.3,3.6,6.7,3.4,3.5,4.9,9.6,5.3,4.1,2,5,1,Technical,Software Developer
6.65,6.3,5.4,6.3,7.3,7.8,2.0,3.7,6.5,9.7,4.7,2.8,7.7,9.0,7.0,7.4,7.6,5.2,3.4,5.2,10.0,6.9,5.2,2.5,4.9,1,3,0,Technical,Cybersecurity Analyst
7.97,5.8,5.0,3.1,7.1,8.6,0.0,3.5,6.2,5.1,5.6,7.4,7.7,8.9,4.3,9.5,9.1,6.0,9.8,2.9,4.5,5.8,10.0,7.7,4.5,2,3,0,Creative,Web Developer
7.23,8.7,3.9,5.4,8.0,3.7,9.0,7.8,6.1,3.4,4.1,1.9,7.7,8.7,8.9,8.3,7.8,8.9,3.8,9.6,2.4,5.0,3.8,5.6,5.6,4,3,1,Analytical,Data Scientist
7.54,8.0,8.6,6.9,6.5,8.4,4.9,4.5,5.0,4.1,5.7,2.9,7.7,6.7,7.4,7.2,6.5,5.7,4.7,2.4,4.2,6.2,10.0,3.5,5.2,2,3,1,Technical,Software Developer
7.35,5.9,10.0,5.9,9.0,5.7,2.9,3.3,5.9,2.4,3.0,5.8,7.1,9.3,5.8,7.3,8.9,3.4,3.9,5.9,5.0,4.5,8.8,2.8,5.6,3,1,1,Technical,Software Developer
7.78,7.1,2.6,0.5,7.1,3.6,5.3,8.5,4.4,1.5,2.1,5.2,6.7,9.6,5.9,8.3,7.7,5.1,4.6,6.5,2.5,3.7,4.6,5.1,7.9,3,1,0,Analytical,Data Analyst
6.61,6.8,6.4,6.4,4.7,4.0,5.5,4.1,7.1,5.4,8.7,3.3,5.8,9.3,5.7,8.6,8.4,5.0,6.2,4.3,8.0,7.6,7.5,3.6,6.5,1,2,1,Technical,DevOps Engineer
7.86,6.3,2.1,2.5,7.5,3.7,4.3,7.9,4.2,4.1,3.2,4.5,7.4,9.7,7.8,10.0,10.0,4.6,3.6,8.7,1.9,5.0,5.1,6.1,8.4,0,4,0,Managerial,Business Analyst
8.37,10.0,4.3,6.2,7.0,4.1,9.1,6.4,8.7,5.8,7.0,2.0,8.3,8.0,7.4,5.8,7.5,9.6,5.7,6.8,2.5,4.3,7.7,4.8,4.5,4,6,0,Technical,Machine Learning Engineer
7.75,5.9,8.1,7.1,7.1,6.3,3.0,3.9,4.2,4.1,6.0,2.9,8.0,9.6,7.6,7.9,6.4,2.0,6.2,4.4,5.5,6.3,9.6,4.8,3.8,1,5,1,Technical,Software Developer
6.46,8.0,6.0,7.0,7.0,5.0,10.0,6.8,4.2,4.4,4.3,4.5,9.0,8.7,9.8,5.1,6.8,10.0,4.3,7.5,3.5,8.7,8.5,2.8,6.5,5,3,0,Creative,AI Engineer
7.88,7.5,4.1,2.4,9.8,4.0,3.8,7.6,4.0,0.7,3.1,5.0,9.4,8.1,8.6,7.5,9.2,6.0,3.5,7.5,3.3,6.0,4.0,5.0,7.4,1,1,1,Analytical,Data Analyst
7.47,6.9,5.6,3.4,5.6,7.8,2.2,5.1,8.4,7.5,8.0,3.8,8.5,7.1,6.0,6.8,7.0,3.4,7.4,5.5,6.1,8.3,6.3,1.4,6.0,3,1,1,Technical,Cloud Engineer
6.39,7.0,3.4,4.1,7.2,7.3,2.4,5.0,5.0,4.4,5.9,7.0,9.2,8.4,7.4,7.9,8.1,3.3,10.0,3.1,3.6,2.6,7.0,7.2,4.9,1,4,0,Creative,Web Developer
7.8,4.2,3.1,0.7,4.6,9.4,0.8,1.8,5.2,3.0,2.4,9.9,6.9,7.0,3.9,7.5,6.8,3.4,8.0,4.0,0.3,2.8,3.3,9.1,6.4,3,4,1,Creative,UI/UX Developer
8.09,8.2,4.8,8.8,6.0,2.8,7.7,7.3,8.1,2.9,6.0,3.2,9.0,10.0,9.4,6.9,6.7,10.0,3.1,7.6,3.1,7.8,6.6,2.3,5.2,3,3,0,Managerial,Machine Learning Engineer
6.9,6.7,0.9,2.4,6.8,2.9,3.0,10.0,1.7,1.7,3.6,5.4,6.6,5.6,8.4,7.9,6.3,5.9,2.4,8.8,1.0,3.2,3.1,5.4,9.7,1,0,0,Analytical,Data Analyst
6.93,8.4,7.8,7.7,6.6,6.1,4.7,2.5,3.1,1.9,6.2,3.1,8.1,8.4,6.0,7.4,6.9,3.7,6.3,4.8,2.9,6.0,10.0,2.4,4.3,1,2,0,Creative,Software Developer
9.49,6.5,4.6,3.6,5.9,9.2,2.2,3.1,6.1,3.7,5.1,7.9,8.5,9.4,6.0,7.1,10.0,1.2,10.0,3.3,4.6,5.0,9.4,8.5,3.4,1,4,0,Analytical,Web Developer
7.25,4.1,1.3,2.1,4.5,5.9,1.1,3.2,2.5,1.3,3.8,9.9,6.8,6.0,5.8,10.0,7.0,2.2,8.9,2.7,2.2,3.6,5.6,8.3,8.6,2,6,1,Creative,UI/UX Developer
9.06,6.8,9.2,7.3,6.3,6.5,2.0,4.1,4.6,2.5,5.4,3.7,7.8,7.2,8.8,7.5,8.1,3.7,4.1,6.1,3.9,4.2,9.5,5.3,4.0,0,0,0,Technical,Software Developer
7.84,6.7,4.0,1.8,7.3,9.6,1.8,4.2,4.2,3.4,2.3,7.9,5.7,6.9,5.4,8.7,7.4,5.3,7.8,4.0,4.9,4.9,9.2,7.6,5.1,2,3,0,Creative,Web Developer
7.82,8.8,4.7,4.3,6.8,3.0,7.7,6.8,6.0,2.2,4.2,3.9,7.3,7.2,8.6,6.1,8.1,10.0,3.9,9.4,3.1,3.8,5.9,5.5,6.6,0,1,0,Analytical,Data Scientist
8.09,8.3,6.5,2.4,5.1,6.8,3.1,3.0,8.7,7.0,9.2,2.8,7.1,7.4,8.1,6.2,8.7,3.7,5.8,4.4,7.3,5.5,7.1,1.7,5.0,1,3,1,Technical,DevOps Engineer
7.78,6.1,6.1,7.4,8.2,4.8,1.7,3.3,8.0,6.2,7.5,3.3,7.6,8.5,6.1,6.5,6.4,3.4,5.2,2.6,5.1,8.7,4.9,4.2,6.1,1,1,1,Technical,DevOps Engineer
7.38,9.5,3.0,3.1,7.1,3.3,9.6,9.1,4.5,5.0,3.2,2.2,10.0,7.6,8.9,7.4,7.6,6.5,2.7,8.6,4.6,4.4,4.6,4.8,7.6,2,4,0,Analytical,Data Scientist
9.29,6.3,3.8,3.5,7.5,2.5,6.4,7.9,2.5,3.7,4.3,5.5,7.9,7.0,7.8,9.7,7.8,7.4,2.0,9.5,1.6,2.8,3.8,5.5,8.6,2,6,1,Analytical,Data Analyst
8.13,7.5,5.4,8.9,5.3,2.9,10.0,6.9,7.6,2.2,7.0,4.7,10.0,10.0,8.0,8.4,7.6,9.4,4.3,10.0,3.0,7.2,8.8,3.8,3.6,1,1,0,Creative,AI Engineer
8.41,8.0,2.6,3.0,6.3,2.3,7.1,7.8,6.6,3.3,5.4,3.6,7.5,8.4,8.3,8.0,5.3,8.4,4.7,8.0,2.5,3.1,6.2,3.9,6.4,2,2,1,Creative,Data Scientist
8.06,7.6,7.2,8.0,4.8,2.8,4.6,5.6,8.1,9.6,5.4,3.6,7.4,10.0,7.3,6.2,6.0,4.7,4.9,4.8,8.1,6.3,6.9,1.7,5.3,2,5,1,Technical,Cybersecurity Analyst
8.51,5.6,2.3,2.0,6.1,3.7,3.8,5.8,6.2,3.9,3.3,8.4,7.4,8.3,5.3,10.0,9.7,3.7,2.8,9.1,4.7,3.9,4.9,5.0,10.0,1,2,1,Managerial,Business Analyst
7.22,5.8,6.3,4.7,8.0,3.8,4.1,5.0,8.6,7.4,6.3,1.5,6.0,7.5,6.8,7.3,6.9,6.3,6.2,2.9,8.7,10.0,7.5,3.4,5.7,2,3,0,Analytical,Cloud Engineer
8.64,4.3,1.3,2.2,7.1,2.9,3.2,9.7,2.6,2.3,1.9,6.8,8.5,7.7,7.3,7.3,9.9,3.4,2.7,8.7,0.2,4.2,4.2,6.0,10.0,1,1,0,Managerial,Business Analyst
6.91,3.8,3.7,3.6,5.2,9.6,5.1,3.8,3.5,4.4,6.1,8.9,7.7,8.7,6.9,8.2,8.4,3.3,10.0,2.9,6.9,4.3,8.9,6.6,4.5,0,2,0,Analytical,Web Developer
8.99,5.4,4.1,1.5,2.5,9.3,0.9,3.1,2.1,4.1,3.1,9.9,6.5,6.2,5.7,9.5,7.8,3.6,9.7,2.2,1.8,3.9,4.4,9.6,5.9,1,3,0,Creative,UI/UX Developer
7.41,2.0,2.2,3.0,2.9,10.0,1.8,1.9,2.1,2.5,2.4,10.0,5.7,6.9,4.3,9.5,6.9,1.2,7.9,3.3,0.1,3.5,6.3,9.1,5.7,1,1,1,Analytical,UI/UX Developer
7.97,4.2,4.1,1.1,5.9,2.2,2.7,8.3,3.6,1.6,4.8,6.5,7.1,5.8,6.3,8.7,9.0,5.3,4.6,4.7,2.8,6.2,3.2,6.0,7.7,2,1,1,Managerial,Business Analyst
8.19,6.9,1.6,3.2,7.9,4.6,3.3,7.6,3.6,1.5,1.0,6.1,8.4,7.9,6.7,9.1,10.0,6.1,5.1,8.0,3.5,3.9,4.3,7.1,9.4,3,4,1,Managerial,Business Analyst
7.75,5.1,2.5,3.7,4.0,6.9,2.5,1.5,1.2,2.0,3.2,9.6,5.7,6.1,8.0,7.3,7.6,5.1,7.6,3.2,2.0,2.6,6.8,10.0,7.4,4,1,0,Creative,UI/UX Developer
8.79,5.0,5.5,5.6,5.8,6.5,1.6,4.2,7.3,6.9,9.2,2.1,7.5,9.1,6.3,8.2,7.9,4.2,7.0,5.5,7.0,9.0,6.6,3.6,5.0,3,3,0,Technical,DevOps Engineer
7.18,10.0,5.6,6.3,6.1,3.4,8.0,6.7,7.5,3.1,6.9,3.1,10.0,10.0,8.9,9.0,6.2,9.3,4.7,9.4,2.5,6.5,7.5,5.6,5.7,2,2,0,Technical,Machine Learning Engineer
7.56,7.7,4.7,4.8,5.7,6.0,2.5,3.2,7.9,5.2,9.5,2.7,6.4,8.7,5.4,6.1,10.0,4.6,5.9,4.0,6.2,10.0,7.3,3.6,3.3,2,2,0,Technical,DevOps Engineer
8.64,6.6,7.3,8.2,6.5,6.6,3.3,4.5,4.5,4.3,4.0,5.4,7.3,9.7,6.7,6.7,6.5,2.9,4.1,2.8,3.6,5.2,10.0,3.5,3.0,4,5,0,Technical,Software Developer
7.65,8.8,7.5,7.4,7.0,9.0,3.3,3.7,3.6,5.6,4.8,5.8,9.2,8.0,5.5,6.8,6.3,4.0,7.2,2.2,4.3,5.8,9.9,2.5,4.5,0,0,1,Technical,Software Developer
8.36,7.2,5.9,6.5,6.7,5.6,6.1,4.5,5.8,10.0,5.3,2.5,7.8,9.6,6.7,6.1,6.4,5.3,5.0,5.0,10.0,5.2,6.5,4.0,6.0,1,2,0,Technical,Cybersecurity Analyst
8.13,5.4,1.9,1.7,8.0,3.2,3.8,8.1,3.9,2.6,1.1,5.0,7.7,6.2,5.9,9.6,8.3,5.2,4.4,6.1,5.2,4.2,2.5,7.1,9.6,1,3,1,Managerial,Business Analyst
8.17,10.0,3.7,5.5,10.0,3.4,7.9,7.1,5.2,3.1,6.2,2.6,8.6,6.5,8.5,7.8,7.6,9.1,3.4,9.6,3.1,3.8,3.0,3.4,6.9,0,1,1,Analytical,Data Scientist
8.06,7.8,5.4,6.3,4.4,7.1,3.4,4.8,8.1,6.0,8.7,3.9,8.8,7.6,6.5,7.0,9.2,2.3,6.5,4.5,5.1,7.3,6.8,1.5,4.5,3,4,1,Technical,DevOps Engineer
6.0,3.2,1.1,2.1,7.4,3.2,3.7,8.2,2.6,1.3,4.5,6.4,8.0,6.6,6.0,7.3,10.0,5.5,3.3,7.4,4.9,2.6,2.4,6.0,9.8,2,4,1,Managerial,Business Analyst
6.0,7.5,5.4,4.6,6.4,6.5,4.4,4.1,6.3,6.9,8.4,2.3,10.0,7.8,4.5,6.7,8.3,3.9,6.6,4.5,5.6,8.2,8.4,3.2,5.1,2,2,1,Technical,DevOps Engineer
8.0,7.4,9.8,6.5,4.5,6.7,3.4,2.9,3.3,5.7,6.6,1.3,7.5,10.0,6.5,6.0,6.7,2.8,4.1,5.2,2.0,5.3,10.0,2.4,3.0,5,3,0,Technical,Software Developer
8.56,9.5,4.3,5.1,6.8,3.0,8.4,6.6,7.4,2.8,7.1,3.4,8.4,8.8,10.0,5.4,6.1,7.2,3.8,6.2,3.0,4.5,8.3,2.8,1.3,1,1,1,Technical,Machine Learning Engineer
7.78,6.9,3.9,3.5,8.7,7.8,3.9,2.5,4.1,2.3,4.4,7.9,8.3,9.0,3.7,5.6,8.3,4.6,10.0,3.9,2.7,3.9,8.1,6.4,3.9,2,2,1,Creative,Web Developer
9.49,6.9,3.6,1.1,6.2,5.1,3.3,9.9,4.8,1.1,5.2,5.1,8.2,5.8,5.2,7.7,8.9,3.0,3.2,9.6,3.4,5.1,4.2,4.9,7.2,1,3,0,Analytical,Data Analyst
8.59,7.8,9.6,6.1,7.8,8.6,2.6,2.6,4.6,4.0,5.6,3.3,9.7,7.3,5.1,7.7,4.5,3.8,9.4,4.0,2.8,4.9,8.9,4.2,4.7,3,5,0,Technical,Software Developer
7.98,6.9,7.4,5.6,6.2,4.7,3.8,3.0,10.0,6.9,10.0,2.6,7.7,8.4,6.3,6.8,5.9,4.3,4.2,4.1,6.0,8.5,6.3,2.8,8.4,3,2,0,Technical,Cloud Engineer
6.95,9.9,4.2,9.4,7.4,6.3,9.2,6.8,6.7,4.2,6.2,3.0,9.0,9.3,8.1,6.6,8.5,10.0,3.1,10.0,3.1,7.4,9.0,2.6,3.8,2,1,0,Technical,AI Engineer
6.92,8.5,4.5,6.7,8.6,6.4,8.5,8.4,5.6,4.3,6.0,2.2,10.0,7.5,5.8,7.3,6.6,8.8,7.0,9.3,3.4,5.7,8.0,1.1,4.4,2,2,0,Technical,Machine Learning Engineer
8.98,7.6,1.2,0.1,8.4,1.7,5.2,9.0,4.2,1.2,4.9,8.1,7.7,7.9,7.6,7.7,6.6,3.8,1.8,9.9,1.4,1.2,4.5,5.0,9.5,3,1,1,Managerial,Data Analyst
6.6,6.9,7.9,8.0,7.9,6.0,1.4,4.9,5.8,1.9,5.0,2.3,7.3,7.5,7.9,6.6,5.6,5.0,4.4,4.4,3.1,4.6,9.6,4.6,5.5,3,3,0,Technical,Software Developer
8.23,3.1,2.0,3.3,4.6,8.9,2.0,4.7,3.7,2.5,0.5,9.5,5.9,6.3,5.4,8.9,9.4,3.5,7.7,2.7,4.5,4.5,5.6,8.0,6.7,4,4,1,Creative,UI/UX Developer
7.63,2.6,2.2,1.2,4.2,8.9,2.1,4.7,3.3,1.8,3.2,9.9,8.7,7.4,3.8,8.0,7.6,2.9,8.5,3.9,0.8,4.8,3.9,9.4,4.3,6,3,0,Managerial,UI/UX Developer
8.87,6.5,4.1,4.0,8.9,1.8,4.7,8.4,5.0,2.2,2.9,3.9,6.0,6.6,8.2,9.3,7.2,4.0,3.2,10.0,2.9,4.2,6.3,6.4,6.7,2,1,1,Analytical,Data Analyst
8.68,8.4,8.5,7.1,6.4,5.8,2.7,3.3,5.3,3.3,5.2,1.7,7.3,9.7,6.0,7.2,6.1,4.9,5.7,3.6,4.1,3.5,10.0,5.4,3.6,3,1,1,Technical,Software Developer
7.36,6.9,8.3,8.3,6.3,4.7,2.2,4.2,5.2,4.3,5.6,4.0,8.3,8.5,8.3,8.1,5.7,3.7,6.0,3.7,6.0,5.2,8.1,4.7,4.3,2,3,1,Managerial,Software Developer
8.91,8.3,4.3,1.5,7.4,3.1,4.3,8.3,2.7,2.0,2.6,5.8,8.7,8.7,6.1,8.4,6.7,3.7,2.5,10.0,1.6,5.7,4.6,4.6,9.3,2,0,1,Managerial,Data Analyst
6.94,8.0,6.9,8.5,7.6,4.7,9.3,7.9,5.5,5.1,8.5,2.4,10.0,8.5,7.6,6.0,6.5,10.0,3.5,9.4,2.7,6.4,6.2,1.5,5.4,1,2,0,Creative,Machine Learning Engineer
6.73,7.7,3.0,5.5,8.7,4.9,10.0,5.9,5.9,2.4,5.2,3.2,7.3,6.9,8.7,8.5,7.3,7.2,5.4,9.7,3.9,6.4,3.2,3.0,7.9,1,2,1,Managerial,Data Scientist
8.08,7.3,5.0,5.4,5.0,4.9,3.8,4.9,5.2,7.7,6.3,3.2,10.0,9.6,8.6,5.7,7.4,4.2,5.9,4.4,10.0,6.3,6.9,1.0,5.3,1,3,0,Technical,Cybersecurity Analyst
6.06,7.4,3.3,2.1,8.3,0.2,4.0,10.0,4.0,1.7,3.0,5.4,8.7,7.2,8.0,9.8,8.6,7.6,2.3,10.0,1.1,4.4,4.8,4.4,8.1,0,4,1,Managerial,Data Analyst
7.21,3.8,2.8,0.3,6.7,4.5,3.4,8.0,5.2,2.8,2.5,5.2,6.1,10.0,5.8,8.0,10.0,3.5,3.6,8.7,2.1,4.7,5.3,7.7,9.6,2,6,0,Managerial,Business Analyst
7.89,4.3,1.4,2.4,8.9,2.9,6.0,9.6,5.7,0.0,4.9,4.3,8.0,8.8,5.2,7.7,8.6,4.3,4.0,10.0,2.2,4.7,5.4,5.7,9.0,3,3,0,Analytical,Data Analyst
7.13,7.7,8.1,5.2,5.2,5.5,3.7,2.7,10.0,6.8,9.5,2.8,9.1,9.6,5.8,8.3,5.8,3.0,5.1,3.4,7.0,10.0,8.2,3.5,4.2,1,4,0,Technical,DevOps Engineer
8.32,5.2,5.1,3.9,9.1,7.8,3.8,3.2,7.1,5.2,6.0,6.7,7.3,8.4,5.4,8.2,10.0,3.3,8.7,2.9,5.6,4.8,9.8,8.9,5.5,1,1,1,Creative,Web Developer
7.31,10.0,5.1,5.6,8.1,2.1,9.0,6.6,5.1,3.2,6.6,4.4,8.7,8.4,7.5,7.6,7.1,7.4,1.7,8.5,3.1,4.5,3.8,4.3,7.6,3,1,1,Creative,Data Scientist
7.39,7.6,6.6,5.7,5.2,7.4,0.8,2.1,7.7,6.9,9.3,3.1,8.4,8.1,5.1,5.5,6.6,2.8,4.9,2.4,6.2,9.7,7.5,2.0,4.2,2,1,0,Analytical,DevOps Engineer
8.44,4.0,3.5,2.4,6.4,5.6,5.2,8.4,2.5,3.5,3.1,7.6,6.6,7.6,8.3,9.8,8.4,5.4,3.2,7.2,3.9,5.4,3.7,5.1,8.9,1,2,1,Analytical,Business Analyst
7.59,10.0,6.8,8.0,3.8,3.8,10.0,8.9,5.5,3.4,7.2,1.2,7.3,10.0,8.2,4.4,6.2,9.9,4.9,7.8,2.2,7.5,6.5,2.7,5.7,2,4,1,Technical,Machine Learning Engineer
6.69,8.1,2.0,1.4,9.7,3.5,3.4,9.0,6.1,2.2,2.8,6.0,8.4,9.1,8.3,9.0,9.1,4.7,2.3,8.0,1.8,2.6,4.4,4.3,9.1,2,3,0,Analytical,Data Analyst
7.46,8.6,3.7,5.2,7.0,1.6,7.0,9.6,4.4,3.4,3.7,4.9,8.2,10.0,10.0,7.2,6.5,10.0,1.8,8.9,3.0,5.0,3.1,4.5,5.9,4,2,1,Analytical,Data Scientist
7.01,4.7,8.0,6.8,7.0,6.2,3.9,5.5,7.3,7.6,6.6,4.8,10.0,10.0,9.1,5.6,6.4,3.5,8.8,5.3,7.9,5.3,6.1,1.0,7.1,3,3,1,Technical,Cybersecurity Analyst
7.42,6.5,3.8,2.7,6.5,9.4,0.9,1.6,5.9,3.5,5.8,8.4,6.8,7.4,5.3,6.0,6.2,3.8,8.0,3.3,3.0,4.0,7.7,9.9,6.7,0,3,1,Creative,Web Developer
6.64,7.6,4.0,5.9,7.4,2.2,7.9,8.6,6.3,4.1,2.8,3.0,8.1,9.3,7.6,6.8,6.3,9.5,3.6,10.0,4.5,4.7,3.7,2.7,5.0,1,3,1,Analytical,Data Scientist
7.09,7.4,10.0,8.3,5.5,7.6,1.2,6.4,5.9,5.9,3.2,4.2,7.9,7.4,5.6,7.1,7.7,5.4,5.4,3.8,2.5,6.7,9.1,4.8,4.8,1,3,1,Technical,Software Developer
7.18,7.4,6.5,7.1,5.4,5.3,2.7,6.1,8.0,9.3,5.7,4.2,10.0,6.3,7.5,6.7,5.3,6.2,4.0,5.9,8.8,5.1,6.1,0.6,7.2,1,1,0,Technical,Cybersecurity Analyst
8.41,8.5,6.8,4.5,6.4,5.4,1.8,5.0,6.3,4.1,4.8,4.1,7.3,9.1,5.3,5.3,6.1,4.6,5.7,5.5,4.9,4.1,9.7,3.6,4.5,4,2,1,Creative,Software Developer
7.0,7.4,6.7,6.8,6.6,5.1,2.6,5.1,4.4,4.9,3.8,4.6,9.6,5.8,6.1,7.1,6.8,4.4,5.3,4.1,3.8,6.3,9.3,4.4,3.5,1,3,0,Technical,Software Developer
7.18,2.4,2.7,1.4,3.8,7.5,0.0,2.5,2.9,1.8,3.1,10.0,8.1,5.9,6.2,7.7,10.0,3.2,7.7,4.8,1.7,0.5,6.0,9.6,5.2,1,2,1,Creative,UI/UX Developer
6.53,7.2,2.9,6.2,6.3,6.3,5.4,4.8,6.7,9.4,6.3,3.7,8.3,8.3,7.1,7.5,6.2,4.4,4.4,5.3,8.8,7.4,4.8,2.1,3.7,2,2,1,Technical,Cybersecurity Analyst
7.38,4.6,7.8,6.1,6.5,6.2,3.5,2.4,9.8,7.4,8.3,1.2,4.5,6.8,4.7,5.6,7.3,7.3,5.6,3.9,6.7,9.5,7.9,0.9,4.2,1,5,1,Technical,Cloud Engineer
6.66,4.1,2.9,3.5,3.5,7.9,0.3,2.1,1.1,0.4,2.3,10.0,6.9,8.7,5.5,6.4,8.7,5.3,7.2,3.9,1.6,2.8,6.6,9.6,6.5,0,0,0,Creative,UI/UX Developer
8.45,5.1,2.5,2.2,4.1,9.2,0.0,5.1,1.6,0.8,2.0,9.6,6.4,6.3,4.8,8.6,8.1,2.8,9.6,1.7,1.6,3.6,6.1,10.0,7.0,0,5,1,Creative,UI/UX Developer
9.12,5.0,2.5,2.3,9.9,3.2,5.9,8.3,4.4,2.4,4.4,6.0,8.8,8.4,6.2,7.8,6.4,4.3,2.8,7.0,1.8,3.1,2.8,5.1,7.6,1,3,1,Analytical,Data Analyst
7.09,6.7,2.6,3.0,9.2,3.2,4.7,7.7,4.8,2.9,5.5,5.5,8.7,8.0,6.7,9.4,7.4,4.8,2.9,9.4,1.5,4.2,3.9,4.8,8.5,2,1,1,Analytical,Data Analyst
7.77,9.6,4.2,7.5,7.1,4.8,10.0,7.0,6.0,2.1,8.2,2.5,9.3,9.7,10.0,4.9,8.0,7.4,2.7,8.3,3.5,8.2,7.6,3.0,5.2,3,4,1,Technical,Machine Learning Engineer
7.37,5.6,1.3,3.2,6.1,10.0,1.6,1.7,2.2,2.1,2.7,9.8,4.5,7.9,4.3,8.5,8.0,4.3,7.9,1.6,2.6,1.2,5.3,10.0,7.1,2,6,0,Creative,UI/UX Developer
7.07,7.0,6.5,6.7,7.1,6.5,3.5,5.2,5.7,10.0,5.5,2.7,9.5,7.8,5.4,5.7,9.1,3.8,6.4,3.5,9.5,7.3,6.5,3.0,4.9,0,2,1,Creative,Cybersecurity Analyst
7.83,8.1,5.5,7.1,7.9,4.2,9.2,7.9,6.6,5.4,7.0,3.9,8.4,7.7,9.0,6.9,6.1,9.2,2.7,9.8,5.1,5.6,7.8,1.3,4.7,0,2,0,Technical,AI Engineer
9.5,6.7,5.0,3.6,6.2,6.6,2.9,4.9,9.8,7.0,6.6,3.5,7.9,9.5,6.7,7.1,8.5,4.0,8.8,4.1,6.2,8.3,4.6,2.6,5.2,2,1,1,Technical,Cloud Engineer
8.07,7.1,5.4,6.1,3.7,4.5,2.9,1.7,7.6,6.5,10.0,4.1,9.2,6.7,5.2,6.7,9.2,4.8,6.7,1.7,7.3,7.9,6.2,3.8,4.2,2,0,1,Technical,DevOps Engineer
7.54,7.2,6.9,4.5,6.6,6.8,6.1,4.0,7.2,5.4,7.2,2.9,7.6,9.9,6.2,7.3,5.8,3.6,3.2,6.0,8.3,8.7,7.2,4.9,6.9,2,4,1,Technical,Cloud Engineer
7.64,7.8,6.5,7.5,6.5,5.7,7.7,8.7,6.3,4.7,6.9,4.2,9.1,8.5,8.4,6.7,7.4,10.0,4.0,9.2,5.9,5.7,8.6,2.3,4.0,2,3,0,Technical,Machine Learning Engineer
8.08,10.0,5.7,8.5,4.0,3.5,7.8,6.2,7.0,2.4,5.0,3.4,7.2,8.5,9.7,5.7,7.9,8.6,4.3,6.8,4.5,6.7,8.0,2.9,5.6,2,0,1,Technical,AI Engineer
8.44,6.2,3.8,2.6,8.5,2.8,3.6,9.5,3.3,2.3,2.9,3.5,7.0,7.9,6.9,7.4,6.7,4.2,4.8,8.3,3.6,3.6,3.3,5.4,8.1,4,1,0,Analytical,Data Analyst
8.84,8.1,5.5,7.5,7.4,4.5,3.8,4.4,6.3,3.2,6.1,4.2,9.9,10.0,8.7,7.0,9.6,4.7,5.0,4.0,4.8,5.9,7.8,2.8,3.6,3,2,1,Technical,Software Developer
7.89,8.7,6.2,5.2,6.5,5.3,3.1,4.5,10.0,7.8,9.0,3.2,8.8,7.5,7.8,8.3,7.4,3.6,5.4,3.4,6.0,7.9,5.4,3.5,4.8,5,2,1,Technical,Cloud Engineer
6.0,8.5,5.8,4.8,7.1,4.3,4.0,4.6,6.6,9.2,5.2,1.7,10.0,10.0,5.8,8.3,7.3,5.2,6.5,4.9,9.6,8.1,5.8,2.1,3.8,1,0,1,Analytical,Cybersecurity Analyst
9.34,9.2,2.5,2.2,7.1,3.6,10.0,7.8,3.8,3.3,3.5,4.1,8.3,8.2,10.0,8.1,7.2,6.1,2.7,9.9,1.9,4.7,4.9,4.2,6.5,0,2,1,Analytical,Data Scientist
7.44,8.3,7.3,4.1,6.3,5.3,2.4,3.6,9.3,7.0,10.0,3.1,7.0,9.9,7.5,4.6,7.7,3.9,7.2,5.0,7.0,8.4,5.6,5.3,6.7,0,0,1,Technical,DevOps Engineer
7.74,8.8,4.7,7.7,6.8,4.3,7.7,8.3,6.0,2.9,5.8,4.7,7.7,9.7,8.4,5.0,6.7,6.9,5.9,8.1,4.7,8.0,6.9,3.0,5.2,2,2,1,Technical,Machine Learning Engineer
8.0,7.8,8.8,7.8,6.4,6.6,4.3,3.0,3.4,3.4,5.2,5.0,6.9,5.8,6.4,6.3,5.7,3.2,7.0,4.1,4.4,4.6,8.2,3.6,4.5,2,4,1,Technical,Software Developer
7.93,6.4,5.0,4.2,7.3,9.3,1.6,3.4,3.9,2.1,4.7,6.9,8.2,6.9,9.1,7.0,7.9,3.4,10.0,3.3,2.9,3.0,8.6,8.7,5.4,0,1,1,Creative,Web Developer
9.1,4.8,8.6,7.2,8.3,7.7,3.4,2.3,4.4,3.5,3.5,5.3,6.4,10.0,9.2,6.1,7.4,3.9,7.0,5.4,4.3,5.5,8.3,4.5,4.2,0,2,1,Technical,Software Developer
9.39,4.8,4.4,4.6,6.7,9.8,2.5,3.4,6.0,4.3,4.5,8.8,6.8,6.8,4.7,7.0,8.0,4.3,9.2,3.1,4.3,6.1,4.4,5.8,6.0,2,2,0,Creative,Web Developer
8.74,6.5,6.3,7.4,5.4,5.3,2.1,5.5,6.8,6.0,9.8,2.6,8.4,9.0,7.0,7.5,8.6,4.5,8.0,2.9,6.7,7.0,5.8,3.4,4.9,0,3,0,Technical,DevOps Engineer
6.83,3.1,2.9,2.7,3.3,8.1,4.1,2.1,3.0,1.7,1.8,10.0,5.9,5.6,5.8,7.9,7.5,3.0,7.5,3.3,0.8,3.4,3.8,9.9,6.1,0,3,0,Creative,UI/UX Developer
8.56,7.7,9.1,6.7,7.4,6.7,3.3,5.4,4.4,3.8,5.1,2.9,8.2,6.6,8.2,6.6,6.4,3.1,5.7,4.8,4.6,4.2,8.1,4.7,3.2,4,1,0,Technical,Software Developer
7.55,7.4,6.8,4.1,5.7,5.7,0.7,1.8,6.9,6.3,9.8,2.3,6.7,9.5,6.8,6.8,8.3,2.8,7.6,4.4,6.3,8.1,7.1,3.5,3.1,0,2,0,Technical,DevOps Engineer
7.85,8.5,4.2,7.2,7.0,2.9,8.6,5.8,6.5,2.1,9.2,3.6,9.3,9.6,8.0,6.3,7.6,8.4,4.8,10.0,1.9,7.1,6.6,3.8,5.4,3,5,1,Technical,Machine Learning Engineer
6.58,8.1,4.5,4.3,7.5,3.8,9.9,8.7,4.0,5.3,2.9,2.7,7.7,7.8,9.3,10.0,6.0,9.7,5.1,8.5,2.9,5.3,4.5,2.0,8.5,1,2,1,Analytical,Data Scientist
6.45,10.0,5.9,9.8,7.7,6.6,9.5,6.6,7.3,1.5,5.8,3.5,10.0,9.2,8.5,5.5,6.2,9.3,3.2,5.1,4.0,6.5,7.0,3.7,4.5,1,1,0,Technical,AI Engineer
8.26,6.7,5.8,4.5,7.7,7.1,2.0,5.4,10.0,6.9,9.3,1.6,8.6,9.4,5.8,5.6,8.8,4.0,5.4,2.9,5.9,8.7,4.5,2.4,6.8,1,5,1,Technical,Cloud Engineer
8.76,8.0,6.0,3.8,6.2,7.0,3.6,5.3,9.3,5.6,9.3,4.1,10.0,7.8,7.4,7.3,7.5,6.1,6.8,5.1,6.8,8.1,6.9,3.7,5.1,2,2,1,Technical,Cloud Engineer
7.58,6.9,5.3,7.2,6.1,4.5,9.3,7.4,5.9,2.5,7.0,2.4,7.6,9.0,9.5,8.4,6.0,8.7,4.2,8.7,3.4,7.7,6.8,3.6,3.6,3,2,1,Analytical,AI Engineer
8.52,6.6,3.5,3.5,8.2,7.6,0.8,4.4,4.3,4.8,6.9,5.9,5.8,8.9,7.4,9.4,8.9,3.9,9.6,3.9,5.9,5.3,7.2,8.2,3.3,1,2,0,Creative,Web Developer
6.0,7.4,6.1,4.3,7.5,2.6,8.1,8.1,5.5,4.3,3.1,4.2,9.4,7.8,8.3,5.8,8.8,9.1,2.4,8.3,1.9,5.2,4.6,3.0,6.2,2,2,0,Analytical,Data Scientist
7.56,7.7,3.8,2.2,8.6,4.3,3.3,8.6,5.1,2.6,2.7,5.4,7.4,7.7,8.3,9.4,8.2,6.5,1.4,7.1,0.0,5.2,4.7,4.2,7.6,0,4,1,Analytical,Data Analyst
8.32,9.6,6.6,6.8,6.2,3.5,10.0,5.9,3.2,4.5,6.8,3.0,7.6,7.1,7.8,6.9,6.4,10.0,3.0,7.9,4.3,6.1,7.1,2.3,4.1,2,1,1,Technical,Machine Learning Engineer
8.49,3.4,3.7,5.9,6.6,9.0,2.5,5.4,4.6,2.0,6.1,6.3,5.9,9.7,6.8,7.1,9.3,5.1,8.7,3.7,3.9,4.3,8.0,8.8,4.0,1,3,0,Creative,Web Developer
7.95,5.5,3.8,1.2,3.9,9.5,1.8,2.9,3.0,3.5,1.3,8.6,5.8,9.1,6.5,7.5,8.4,4.5,9.4,3.7,2.0,5.2,5.3,7.8,6.7,3,0,0,Creative,UI/UX Developer
6.9,10.0,3.6,4.5,8.4,2.8,9.0,8.5,6.9,4.3,1.2,2.3,8.3,9.4,9.1,8.0,10.0,7.8,3.5,9.2,3.9,6.0,5.6,5.5,8.5,1,3,0,Analytical,Data Scientist
9.9,7.5,7.2,4.4,5.6,4.3,3.6,5.9,8.5,5.3,9.0,3.1,8.5,9.8,9.3,8.2,7.3,2.5,5.4,5.8,6.0,7.9,8.8,1.1,4.7,5,3,0,Technical,DevOps Engineer
6.91,9.5,5.7,4.5,9.3,4.1,7.3,9.5,5.9,1.9,3.4,4.5,10.0,10.0,6.8,7.5,8.6,8.1,2.4,8.4,3.9,5.4,5.6,3.8,8.9,2,2,1,Analytical,Data Scientist
6.55,5.4,2.7,1.7,4.7,4.3,3.9,7.0,5.1,3.0,4.1,5.5,7.1,7.4,8.7,7.0,8.5,4.5,3.9,8.3,4.1,4.7,2.5,7.1,9.9,3,2,1,Managerial,Business Analyst
7.3,4.1,4.1,1.4,7.3,4.7,6.7,9.4,4.7,3.1,0.7,5.5,7.9,8.6,6.5,10.0,9.4,5.3,3.8,8.9,2.9,5.1,7.4,6.5,9.6,2,4,0,Managerial,Business Analyst
8.35,9.3,3.9,6.0,8.4,4.6,8.6,8.6,5.5,4.7,5.0,3.2,8.8,9.0,9.2,7.6,6.5,7.3,2.1,8.1,3.5,6.9,7.7,4.0,7.0,0,1,1,Creative,Machine Learning Engineer
7.77,7.9,7.2,7.9,6.2,4.2,2.9,3.8,6.2,1.5,5.3,2.7,8.4,8.9,6.9,7.4,5.6,5.2,5.2,2.3,3.7,2.7,9.3,3.7,5.4,1,2,0,Technical,Software Developer
7.12,8.2,8.0,4.9,5.9,6.4,2.6,1.2,6.5,4.2,5.5,3.5,8.6,10.0,6.2,8.3,7.4,3.0,8.4,4.4,4.7,4.7,8.1,4.2,5.7,3,5,1,Technical,Software Developer
6.59,10.0,5.7,4.5,6.0,4.8,8.9,5.7,5.7,4.1,4.5,4.4,8.7,9.7,7.8,5.5,8.1,9.4,2.2,7.1,4.2,5.4,4.4,1.8,5.9,3,2,0,Technical,AI Engineer
7.77,9.0,3.1,3.0,7.3,2.7,7.3,9.4,6.1,1.8,4.2,3.6,8.4,8.5,7.4,5.3,7.0,8.1,2.8,8.3,3.0,3.2,5.0,1.2,6.2,1,5,0,Analytical,Data Scientist
8.07,6.8,2.6,7.0,8.8,2.3,8.8,8.0,6.9,2.9,5.3,3.7,6.9,9.4,7.6,6.8,8.3,8.7,3.6,8.0,6.0,6.4,7.3,2.9,6.5,4,3,1,Analytical,Machine Learning Engineer
7.88,9.2,3.9,8.1,6.4,5.3,9.6,8.8,6.1,6.2,4.8,3.1,9.2,9.6,8.7,6.9,9.2,8.8,2.9,6.6,3.3,3.3,7.5,5.4,4.9,0,2,1,Managerial,AI Engineer
8.37,5.8,3.5,2.8,6.0,7.0,3.0,1.4,3.8,3.9,6.8,6.7,5.2,7.8,5.9,6.4,7.7,3.1,9.9,2.7,3.2,5.9,7.8,7.3,6.7,1,3,0,Creative,Web Developer
7.91,4.5,1.3,3.5,4.6,10.0,1.7,3.2,1.5,2.9,1.5,9.7,7.7,6.7,4.9,10.0,5.8,3.3,7.3,4.1,3.4,1.7,6.1,9.9,7.4,1,2,1,Technical,UI/UX Developer
8.17,8.0,5.5,4.9,6.1,8.5,3.6,4.5,8.2,6.4,8.4,2.7,7.3,8.7,6.0,8.0,6.8,3.8,6.9,5.7,8.1,8.5,6.6,4.0,6.9,3,6,0,Technical,Cloud Engineer
8.63,5.5,5.5,6.5,5.8,6.3,2.0,4.7,8.5,6.1,10.0,2.5,10.0,7.6,7.6,8.5,6.2,1.5,7.5,4.0,7.3,7.8,8.8,4.0,5.7,1,2,1,Technical,DevOps Engineer
8.71,6.3,3.2,2.0,7.4,5.3,6.0,5.9,4.8,2.7,5.4,6.3,7.2,7.1,6.9,6.6,7.7,2.9,0.6,8.7,3.8,5.5,2.8,6.5,9.5,1,3,0,Managerial,Business Analyst
7.88,10.0,3.5,8.2,7.4,3.0,7.5,8.3,6.9,1.8,7.5,2.5,9.5,9.8,9.5,5.4,9.2,8.5,5.0,8.0,3.6,6.4,8.0,4.2,4.3,2,0,1,Technical,Machine Learning Engineer
8.75,4.2,6.2,6.9,5.6,8.3,5.0,5.2,7.8,9.9,6.4,2.7,7.9,9.7,6.9,8.3,8.3,5.6,4.5,4.1,9.5,6.5,5.6,3.6,6.0,3,3,1,Technical,Cybersecurity Analyst
7.94,5.4,3.0,3.1,7.0,3.5,2.9,6.2,3.9,0.7,2.7,4.8,8.0,9.9,6.5,9.3,9.6,3.7,3.7,9.0,2.7,6.5,6.3,5.0,8.3,2,2,1,Managerial,Business Analyst
7.82,7.0,7.4,3.8,4.6,5.5,4.6,2.4,9.1,6.5,7.2,1.2,9.9,7.7,5.5,8.2,6.0,3.7,4.2,3.8,5.6,9.9,7.5,4.1,5.1,2,6,0,Managerial,Cloud Engineer
7.04,6.4,4.4,3.7,6.6,8.3,1.2,2.1,6.2,5.4,3.1,7.4,7.6,7.3,5.1,7.6,7.2,4.0,8.3,2.9,3.7,4.6,9.3,7.4,6.0,2,3,1,Creative,Web Developer
9.41,9.2,4.2,7.8,6.0,4.7,9.7,8.2,7.5,5.5,4.0,3.5,9.9,6.7,10.0,6.7,6.3,10.0,3.1,9.5,4.0,8.6,8.9,3.6,4.3,3,0,0,Managerial,AI Engineer
8.46,10.0,4.4,7.2,6.9,5.5,8.8,9.5,5.1,5.0,5.6,3.9,8.0,9.7,7.4,7.6,7.9,8.8,4.6,9.5,2.5,5.4,6.3,1.7,3.8,1,1,0,Analytical,Machine Learning Engineer
8.11,10.0,4.3,7.3,7.3,3.9,6.8,7.3,6.7,3.4,7.2,3.8,8.7,7.9,10.0,5.0,6.3,8.6,4.8,9.9,3.3,6.8,8.0,5.0,3.0,5,6,1,Technical,Machine Learning Engineer
8.63,6.1,8.5,6.5,6.3,4.9,3.9,3.1,5.6,3.6,4.9,4.2,7.2,8.7,8.7,5.6,8.3,5.6,5.1,2.4,4.3,4.4,10.0,4.0,3.1,1,4,0,Managerial,Software Developer
8.26,6.8,5.6,1.9,8.0,7.3,1.1,3.8,3.5,5.3,5.9,10.0,7.0,8.6,6.1,7.4,9.6,3.7,9.6,4.1,5.1,4.3,9.1,8.8,5.1,2,0,0,Creative,Web Developer
8.48,10.0,3.1,8.7,4.9,5.2,8.2,7.9,8.6,3.1,7.8,3.5,9.1,10.0,10.0,6.9,5.3,9.6,2.3,7.9,3.6,5.4,6.5,4.9,4.6,2,6,1,Technical,AI Engineer
7.94,7.7,9.2,8.4,7.0,7.7,2.8,2.3,5.1,3.9,2.7,2.8,6.6,7.6,6.6,6.2,6.1,2.6,6.4,4.1,4.2,7.0,9.2,3.6,3.9,1,3,1,Technical,Software Developer
7.93,7.3,4.7,5.3,5.7,7.2,4.6,2.6,8.4,6.2,9.4,2.6,9.3,7.9,7.6,6.8,8.7,2.7,6.3,4.6,6.7,7.2,7.3,0.0,3.1,1,3,1,Technical,DevOps Engineer
7.39,4.0,1.6,0.4,3.5,9.9,2.6,2.9,3.2,0.5,3.0,7.4,5.2,7.9,4.3,8.0,8.4,5.2,4.4,2.5,4.6,4.3,6.0,9.8,6.2,1,2,1,Analytical,UI/UX Developer
8.76,6.0,1.5,1.5,6.5,3.7,2.0,7.3,6.7,4.1,2.2,8.3,8.1,5.4,7.5,8.9,9.1,5.3,2.1,5.5,5.5,3.0,3.8,5.2,10.0,1,3,0,Managerial,Business Analyst
8.17,2.0,3.8,2.9,4.8,10.0,2.8,3.0,3.3,3.0,3.4,8.9,7.4,7.3,5.2,8.5,8.1,3.3,8.5,2.9,3.1,3.0,4.0,9.0,6.1,2,4,0,Creative,UI/UX Developer
7.38,9.5,5.9,3.9,5.3,6.7,5.0,5.7,8.9,6.4,8.3,1.6,7.0,10.0,7.7,6.4,6.6,5.3,8.2,4.9,6.5,10.0,6.1,3.2,5.6,1,3,0,Technical,Cloud Engineer
7.72,7.2,6.1,4.5,8.4,7.3,3.0,3.5,6.8,5.9,7.1,4.4,8.4,8.9,6.6,6.4,6.3,3.4,5.6,5.0,7.6,8.7,6.2,4.1,5.2,0,4,1,Technical,Cloud Engineer
7.06,8.7,1.3,3.4,8.5,2.5,4.7,9.8,5.5,2.3,2.0,5.1,10.0,9.0,8.5,8.9,8.3,6.3,2.5,8.0,2.1,3.1,2.8,4.2,10.0,0,4,0,Analytical,Data Analyst
7.63,4.1,3.6,0.7,4.6,7.8,1.6,3.6,2.9,0.2,4.5,10.0,6.3,8.0,4.6,7.4,8.6,2.2,9.2,2.7,0.2,0.0,5.4,9.9,8.0,2,0,0,Creative,UI/UX Developer
8.75,4.6,2.0,3.3,7.5,3.9,3.3,8.6,4.8,0.6,5.9,7.4,7.1,7.6,7.7,10.0,8.4,3.6,2.8,7.2,1.9,2.4,3.8,6.9,9.8,0,2,1,Managerial,Business Analyst
8.98,6.1,3.4,2.0,8.1,3.0,4.5,5.7,4.5,3.3,4.1,6.8,6.4,7.5,6.4,10.0,7.7,4.0,4.9,8.8,2.3,3.4,5.7,5.2,9.8,0,5,0,Technical,Business Analyst
8.16,4.8,2.8,1.0,8.8,4.6,2.1,8.7,3.4,2.0,4.9,5.0,9.5,6.1,7.1,7.3,7.8,2.9,3.5,8.6,2.4,3.7,2.8,8.3,9.4,1,2,0,Creative,Business Analyst
7.0,6.9,5.1,6.8,7.0,3.6,10.0,7.4,6.1,3.2,5.7,5.0,8.4,7.2,10.0,5.0,9.6,7.5,3.6,7.5,5.0,7.8,9.6,1.8,3.1,3,2,1,Technical,AI Engineer
7.48,9.0,7.2,6.4,5.7,5.7,1.7,4.8,9.9,6.2,8.2,1.6,9.7,7.6,5.4,5.3,8.6,7.2,7.3,2.4,5.8,6.2,8.4,2.4,5.3,4,1,1,Technical,DevOps Engineer
7.88,8.5,5.5,4.3,5.1,6.3,1.7,4.0,5.9,5.9,8.9,5.2,6.3,9.4,6.7,8.1,9.7,4.1,5.6,6.3,7.4,6.5,8.8,2.0,5.5,3,3,1,Technical,DevOps Engineer
7.04,5.6,3.9,4.8,6.9,5.1,4.1,2.2,7.2,6.4,8.7,2.4,8.7,8.5,8.4,6.1,7.1,4.7,6.5,2.8,6.5,9.7,5.9,5.2,5.5,1,4,1,Technical,Cloud Engineer
9.83,9.8,3.8,7.4,9.3,5.4,9.8,6.7,7.0,2.8,5.5,3.7,8.3,10.0,8.4,7.4,8.1,10.0,4.4,6.9,4.0,9.2,8.5,3.7,5.6,1,1,0,Technical,AI Engineer
7.5,9.0,3.5,2.6,9.3,2.3,8.1,8.5,6.9,4.1,4.2,5.3,10.0,8.0,8.6,8.3,8.9,7.7,1.0,9.7,4.5,5.1,7.9,3.1,6.2,1,0,1,Technical,Data Scientist
6.85,7.1,10.0,8.5,6.1,4.2,4.5,5.3,4.7,4.4,4.8,4.6,6.9,7.2,7.9,7.5,6.5,3.2,7.3,3.2,4.1,4.9,7.4,4.2,4.1,5,0,1,Technical,Software Developer
8.46,8.3,3.7,8.9,5.3,3.5,9.7,9.8,6.3,3.5,5.5,3.1,7.7,8.2,9.3,6.0,8.0,9.3,2.5,9.8,2.1,5.8,7.3,4.1,4.4,1,1,1,Technical,Machine Learning Engineer
7.8,7.6,4.9,5.7,7.1,6.2,3.3,4.3,7.5,8.1,8.9,4.9,7.2,9.5,6.7,7.1,7.3,4.7,7.1,6.0,7.2,8.1,6.5,3.4,6.6,0,5,0,Technical,DevOps Engineer
7.86,5.8,7.6,6.1,5.9,4.4,2.2,6.7,8.1,7.3,5.6,0.8,9.4,9.2,5.9,6.5,8.5,4.3,4.3,6.1,9.6,7.9,7.1,3.2,4.0,2,2,1,Technical,Cybersecurity Analyst
8.02,7.6,2.0,3.5,6.2,4.6,4.5,7.8,4.2,2.1,4.1,5.9,6.4,8.7,7.1,9.2,7.2,6.6,3.4,8.1,3.0,5.6,5.3,6.4,10.0,2,0,1,Managerial,Business Analyst
7.23,9.9,4.1,7.0,6.5,5.1,7.0,9.4,8.1,4.2,6.7,0.8,9.7,10.0,8.6,5.8,8.6,8.5,5.2,9.1,3.3,9.2,8.0,3.6,5.6,2,1,1,Analytical,Machine Learning Engineer
9.2,5.4,3.5,4.8,6.9,7.5,1.5,2.5,6.3,2.9,2.4,7.4,7.8,8.6,3.0,7.3,7.5,4.5,7.3,3.7,4.2,6.2,8.4,8.8,3.6,2,2,0,Creative,Web Developer
8.35,3.9,5.0,4.0,6.7,9.9,5.3,3.7,4.6,5.2,6.2,7.2,6.9,9.2,5.5,7.4,8.3,3.8,9.5,2.6,4.6,4.6,9.7,8.1,6.1,2,3,0,Creative,Web Developer
8.88,6.7,5.6,4.4,5.7,4.0,4.5,2.5,10.0,6.9,8.7,3.1,9.3,8.6,7.9,7.9,8.7,3.7,5.6,5.0,6.5,10.0,5.7,3.0,6.2,2,6,1,Technical,Cloud Engineer
8.59,7.9,3.6,7.0,8.4,4.4,9.3,9.7,6.0,4.4,7.2,2.5,9.9,9.3,7.5,8.0,7.4,9.6,4.4,9.8,4.0,6.1,6.1,2.7,4.0,1,2,1,Technical,AI Engineer
7.37,8.4,4.7,3.8,8.0,3.7,8.1,10.0,7.5,2.7,3.1,3.5,9.0,8.4,7.6,7.3,7.4,9.6,4.9,8.5,2.3,4.7,4.0,3.2,6.2,0,4,0,Analytical,Data Scientist
8.74,5.6,3.3,3.4,7.1,5.7,2.2,9.8,3.9,2.4,3.1,6.2,8.3,8.5,6.6,9.0,9.4,4.5,4.2,6.5,4.0,5.4,2.6,5.1,8.7,4,3,1,Managerial,Business Analyst
7.54,9.0,3.6,6.8,8.6,2.8,7.5,6.6,9.4,4.0,6.2,3.1,9.3,8.3,7.9,6.3,6.2,9.1,4.4,7.4,6.4,7.3,6.1,0.3,4.2,2,1,0,Technical,Machine Learning Engineer
8.36,6.1,4.0,4.7,7.1,7.9,3.3,3.9,3.1,5.5,5.1,8.6,8.0,7.6,6.5,7.4,8.3,4.7,9.7,4.0,3.6,4.4,8.9,9.6,4.4,0,3,0,Creative,Web Developer
6.0,10.0,6.5,6.1,4.3,4.0,8.1,5.7,6.6,5.6,6.5,4.4,10.0,9.8,8.8,8.3,6.1,7.8,5.5,9.7,3.6,6.4,8.1,2.3,4.7,0,3,1,Managerial,AI Engineer
7.38,7.3,6.7,3.0,5.6,10.0,0.0,2.4,4.1,4.8,4.8,6.3,10.0,7.6,4.7,6.2,6.7,4.0,8.9,2.9,4.1,4.7,8.3,7.7,4.6,1,4,1,Technical,Web Developer
7.18,7.2,8.1,5.8,4.9,6.7,2.8,3.3,4.2,3.2,5.1,4.5,5.7,10.0,8.5,3.9,8.2,5.2,6.0,2.6,5.1,4.7,9.6,6.4,4.3,0,1,1,Technical,Software Developer
8.34,8.7,3.2,4.1,9.9,2.4,9.7,6.0,4.9,2.5,5.2,5.9,9.7,9.1,10.0,6.0,8.0,7.3,2.2,9.4,1.6,6.3,5.0,2.6,8.7,0,2,1,Analytical,Data Scientist
7.13,5.9,3.1,2.7,7.8,5.1,4.5,8.4,4.1,1.2,3.0,4.5,7.1,8.4,5.6,9.9,7.8,7.0,4.1,8.0,2.1,2.0,3.0,4.8,7.2,0,4,1,Analytical,Data Analyst
7.45,6.4,9.0,6.8,4.3,6.3,3.8,3.1,4.4,3.3,4.6,5.2,7.9,9.4,5.9,6.1,8.0,3.1,7.1,3.3,3.6,6.8,8.5,4.2,4.7,2,1,1,Analytical,Software Developer
7.41,8.0,6.7,6.8,7.7,5.7,8.0,8.8,6.4,5.0,5.6,3.2,9.7,8.2,8.3,6.3,8.2,10.0,5.7,10.0,0.0,6.6,7.6,3.9,3.4,1,3,1,Technical,Machine Learning Engineer
6.39,7.0,5.6,6.4,5.1,5.9,4.2,3.5,7.6,6.9,10.0,2.9,9.2,7.9,4.3,8.0,6.9,3.3,6.8,5.1,6.4,7.9,8.6,2.7,4.7,0,2,0,Technical,DevOps Engineer
8.09,5.0,4.8,4.3,7.7,8.7,1.1,3.5,4.6,4.0,5.1,7.1,6.7,8.5,7.7,7.7,7.9,5.1,9.2,4.9,4.9,2.0,8.4,7.3,5.9,0,1,0,Creative,Web Developer
7.56,4.4,4.7,2.8,6.9,8.5,1.9,3.5,3.6,5.1,4.2,7.6,7.1,8.7,6.7,8.1,6.7,3.8,10.0,3.1,5.2,5.0,7.7,8.2,4.1,3,0,1,Creative,Web Developer
8.24,5.7,4.5,7.0,5.4,3.8,4.0,4.3,4.7,9.8,7.1,3.5,7.5,9.0,6.5,5.6,6.2,1.4,3.8,3.4,9.7,6.8,4.1,3.4,4.3,3,2,0,Technical,Cybersecurity Analyst
8.41,7.2,5.3,1.9,7.7,4.3,9.0,7.1,6.9,4.6,5.1,3.0,8.3,9.9,9.5,6.8,6.8,6.8,4.3,8.9,4.9,3.0,3.9,3.9,9.5,0,1,1,Technical,Data Scientist
7.58,4.8,4.3,1.5,5.6,8.1,2.9,4.0,2.4,1.6,2.3,8.4,6.8,6.3,5.4,9.9,8.6,3.0,9.6,2.8,2.3,0.0,6.5,10.0,4.0,1,2,1,Managerial,UI/UX Developer
7.59,5.3,7.0,3.7,7.8,8.5,2.4,3.4,3.5,4.1,5.8,9.4,7.8,7.9,5.9,7.9,8.8,5.2,7.2,4.7,2.7,3.9,7.8,8.6,3.6,1,4,1,Creative,Web Developer
7.87,9.6,4.5,6.8,6.1,4.3,8.0,8.7,6.8,4.8,4.5,2.7,9.9,10.0,7.7,7.3,7.4,8.7,4.4,6.3,3.0,7.7,7.5,3.6,4.8,4,1,0,Technical,AI Engineer
7.15,5.3,3.6,3.1,8.5,3.3,2.7,8.4,4.0,2.8,5.0,6.0,8.1,8.2,7.0,7.5,9.3,5.4,0.7,8.0,4.4,5.1,4.2,6.1,10.0,3,1,0,Managerial,Business Analyst
7.71,6.0,5.5,1.0,6.8,7.6,3.3,4.3,4.7,4.5,5.4,9.3,8.1,6.8,5.2,7.6,5.8,5.3,9.9,1.7,4.0,7.9,7.4,6.4,4.4,0,1,1,Creative,Web Developer
8.51,8.7,7.0,6.9,6.8,5.5,0.9,3.4,5.3,5.2,6.9,4.1,8.6,9.6,4.7,5.4,7.1,5.7,6.7,4.4,3.7,5.5,8.3,3.1,3.2,1,1,0,Technical,Software Developer
8.5,7.6,2.8,2.3,7.0,3.4,10.0,7.4,6.7,3.2,4.5,4.2,6.5,7.3,9.6,7.6,5.2,8.3,3.7,7.6,2.6,6.7,5.6,5.7,6.6,2,4,1,Technical,Data Scientist
7.79,4.8,6.2,2.6,5.9,10.0,4.4,0.5,4.0,3.8,5.3,8.2,10.0,6.8,6.2,5.9,8.2,5.8,6.4,1.9,4.9,5.9,7.1,8.9,6.4,3,2,1,Creative,Web Developer
8.85,4.5,4.1,0.7,3.4,8.8,2.2,4.1,4.3,0.1,2.4,10.0,6.3,5.7,3.6,8.5,8.0,5.9,8.3,2.7,3.4,2.9,6.4,10.0,8.1,3,2,0,Creative,UI/UX Developer
8.28,10.0,6.1,6.2,5.8,2.5,7.3,5.5,4.5,3.7,7.3,3.9,9.8,9.1,9.2,7.9,6.8,9.6,3.6,6.7,3.9,5.7,8.5,4.0,6.6,1,2,0,Technical,AI Engineer
8.86,8.2,3.4,1.9,9.2,3.5,7.7,8.8,5.7,3.2,3.8,5.8,8.4,10.0,9.6,7.9,6.9,9.6,3.1,8.0,1.9,5.5,4.0,3.9,8.2,4,5,1,Analytical,Data Scientist
8.61,3.3,6.2,2.0,8.5,8.0,3.0,3.0,4.1,6.9,4.7,5.9,9.1,8.9,7.7,6.0,7.0,4.4,9.1,2.9,4.8,3.7,6.7,8.3,3.9,1,1,0,Creative,Web Developer
8.32,10.0,4.5,7.6,8.8,4.0,9.0,9.6,6.2,4.7,6.4,3.2,9.2,8.6,7.9,5.8,5.6,9.0,3.7,8.9,3.4,7.7,8.6,4.5,4.8,2,2,0,Technical,Machine Learning Engineer
8.87,8.2,7.8,7.5,6.3,7.2,3.0,4.3,4.4,5.3,6.3,4.0,7.4,6.7,6.0,4.1,6.0,4.4,5.9,6.6,3.6,4.5,10.0,1.9,2.4,3,1,0,Technical,Software Developer
8.87,7.7,8.2,6.8,6.2,5.0,4.5,4.3,3.8,4.1,5.2,1.5,9.5,7.4,9.3,7.4,5.8,3.7,7.0,3.7,5.3,4.6,8.9,5.0,4.7,1,1,0,Technical,Software Developer
7.23,7.4,4.5,5.3,5.1,4.7,4.5,4.1,7.5,5.7,9.3,1.6,9.9,6.1,6.2,7.0,7.6,4.8,6.9,3.6,5.7,7.8,7.6,2.2,7.7,4,2,0,Analytical,DevOps Engineer
8.06,6.0,3.2,1.5,8.7,2.3,4.3,8.0,5.4,1.8,3.1,5.8,9.2,7.7,8.7,10.0,9.6,3.9,2.0,7.6,2.6,4.2,3.3,5.9,7.7,0,6,0,Managerial,Business Analyst
7.21,8.7,5.6,4.9,7.1,6.3,3.6,6.2,7.9,7.8,8.3,6.3,8.0,6.8,6.3,5.9,9.0,4.1,5.9,5.0,5.6,8.7,5.0,0.8,5.4,2,2,1,Technical,Cloud Engineer
8.03,8.2,3.9,5.2,4.9,2.8,6.6,7.2,8.1,3.7,5.0,3.9,9.3,6.6,10.0,6.6,6.4,9.1,3.3,9.1,1.5,5.1,6.1,3.4,8.4,3,2,0,Analytical,Data Scientist
7.81,7.3,6.8,4.3,8.4,4.2,3.3,5.9,7.3,6.0,5.8,2.6,7.9,6.8,6.5,5.9,8.0,4.9,6.6,4.9,5.5,8.2,6.7,1.3,7.0,1,3,1,Creative,Cloud Engineer
9.62,7.6,9.2,6.4,6.9,5.6,5.1,5.8,7.5,3.2,5.0,4.4,7.3,8.6,8.0,5.9,6.2,3.2,4.5,4.9,3.2,4.1,9.6,4.0,3.4,2,1,1,Managerial,Software Developer
8.2,8.7,7.9,7.4,4.8,5.7,1.9,3.5,3.8,3.5,4.6,4.1,6.2,6.9,7.4,5.6,8.2,4.2,6.7,5.6,3.7,4.4,10.0,4.6,3.8,0,0,1,Analytical,Software Developer
6.95,2.1,3.2,2.9,7.6,3.8,5.3,7.0,4.1,3.2,3.9,6.1,8.4,7.9,8.0,9.2,9.7,3.7,3.4,7.3,3.0,4.5,4.0,5.5,7.6,2,3,1,Managerial,Business Analyst
7.19,7.3,3.9,4.4,9.1,1.7,5.9,9.5,4.0,3.2,5.6,4.8,7.1,9.0,10.0,8.2,7.5,5.2,3.5,8.0,2.3,4.3,4.2,5.2,8.1,2,6,1,Analytical,Data Analyst
9.54,5.9,2.4,2.3,9.0,3.8,5.0,9.0,3.3,2.4,5.0,6.1,8.6,8.6,7.1,7.4,6.7,4.9,2.5,10.0,1.5,3.1,6.1,4.5,8.2,1,6,1,Analytical,Data Analyst
9.16,8.3,5.6,6.6,8.5,3.6,7.6,7.5,6.1,4.1,6.1,3.5,8.1,8.7,7.6,5.6,8.4,8.7,3.6,9.6,4.3,8.3,8.0,2.3,7.3,4,4,1,Technical,Machine Learning Engineer
8.89,6.8,8.4,9.7,6.3,6.2,5.2,4.7,3.4,3.1,5.8,4.5,8.2,10.0,6.3,6.4,4.8,5.3,5.1,5.2,5.0,7.6,9.7,3.6,4.5,4,4,0,Technical,Software Developer
8.89,6.9,2.8,3.2,9.7,5.0,3.8,9.5,4.0,2.4,1.8,3.5,8.0,6.6,8.5,6.3,5.9,4.5,1.3,10.0,1.8,3.3,4.5,6.0,8.2,0,3,0,Analytical,Data Analyst
8.84,6.7,3.3,2.1,9.7,3.8,5.7,10.0,4.2,2.9,3.4,6.5,6.1,7.2,8.0,8.6,7.5,3.2,2.8,10.0,1.7,4.1,6.1,4.8,7.8,0,0,1,Analytical,Data Analyst
7.77,5.3,3.2,2.1,5.8,1.9,3.6,7.2,6.1,4.0,3.3,4.8,8.0,7.6,5.4,10.0,8.6,4.9,2.6,8.8,2.7,4.1,3.2,5.8,8.6,3,1,0,Managerial,Business Analyst
8.17,5.0,5.9,5.9,5.2,7.9,2.7,3.1,6.9,6.6,7.0,2.2,8.5,7.0,5.9,7.0,6.7,4.7,7.5,2.9,6.3,8.4,7.4,2.7,4.2,2,3,0,Technical,DevOps Engineer
7.63,6.7,4.5,8.6,6.3,5.6,4.2,6.4,5.6,9.8,5.7,2.7,8.1,10.0,6.9,5.3,6.9,4.6,5.1,3.6,8.2,8.5,5.8,2.4,7.3,0,5,1,Technical,Cybersecurity Analyst
9.3,9.4,3.0,7.5,6.8,5.2,10.0,7.2,6.1,3.0,6.0,1.3,9.4,9.1,8.1,6.8,7.4,10.0,5.0,9.6,2.5,5.3,8.5,4.9,5.9,0,1,1,Technical,Machine Learning Engineer
8.22,6.0,3.6,2.0,5.6,8.9,2.6,2.9,5.4,3.9,4.6,8.7,6.8,7.6,6.3,8.3,6.8,4.1,9.4,4.3,3.3,5.0,9.8,7.5,6.2,1,1,1,Creative,Web Developer
6.99,7.1,8.0,7.1,6.3,6.4,4.4,5.4,5.8,2.6,4.6,3.7,7.3,8.9,5.2,8.4,8.3,4.5,5.9,5.4,4.8,6.2,8.9,6.0,5.3,3,0,0,Technical,Software Developer
6.39,4.8,1.5,1.7,8.3,5.1,3.0,8.7,3.4,3.0,2.4,8.0,7.2,8.1,6.6,9.2,8.3,6.8,3.4,8.4,2.2,4.2,5.0,6.1,10.0,0,4,0,Managerial,Business Analyst
8.45,8.6,7.6,5.9,4.2,7.4,3.7,4.1,4.5,3.4,3.8,3.5,5.7,7.7,6.7,7.2,7.0,4.9,7.5,5.2,4.5,5.0,7.9,4.8,5.8,1,3,1,Managerial,Software Developer
8.45,9.0,3.6,3.8,9.4,1.7,9.6,8.4,5.0,2.7,4.0,5.0,8.7,8.0,9.8,7.4,7.6,8.8,1.8,9.6,1.2,4.9,3.9,1.8,7.3,4,2,1,Analytical,Data Scientist
8.69,6.0,2.6,0.0,9.9,2.8,3.6,9.7,2.8,0.9,2.6,3.7,7.3,7.3,7.4,6.5,7.2,5.6,3.8,9.0,1.8,3.7,2.5,4.4,8.9,3,4,1,Analytical,Data Analyst
6.01,7.3,4.3,2.9,7.1,5.5,4.1,3.2,7.4,6.9,6.2,1.0,7.9,6.3,5.9,6.4,7.7,4.8,8.0,3.6,4.2,7.0,6.9,3.6,6.0,1,2,1,Technical,Cloud Engineer
7.57,9.2,3.8,4.9,6.8,5.6,10.0,6.0,6.8,2.4,5.6,5.1,7.3,9.1,8.2,8.1,7.1,7.7,1.5,9.3,3.5,4.8,4.1,3.5,5.8,3,3,1,Analytical,Data Scientist
7.59,4.2,3.5,0.3,5.7,8.4,1.5,1.8,2.3,0.1,0.7,9.7,6.6,5.2,5.2,7.1,8.7,4.0,6.2,3.5,2.7,1.7,5.1,10.0,6.1,3,3,0,Managerial,UI/UX Developer
8.47,3.4,3.8,1.3,4.2,7.7,3.3,4.3,2.0,2.0,2.2,10.0,5.7,7.9,5.3,7.8,10.0,3.3,7.0,3.6,1.3,5.1,6.4,10.0,4.9,3,1,0,Creative,UI/UX Developer
8.27,7.0,3.5,2.8,9.0,2.7,4.3,10.0,4.1,3.5,4.6,4.1,8.8,6.3,9.3,8.2,7.7,4.0,2.3,9.7,2.1,3.6,5.0,5.0,6.9,0,1,1,Analytical,Data Analyst
8.67,8.1,5.3,7.7,6.8,6.0,2.3,5.3,6.4,1.6,4.1,3.8,9.0,8.5,6.2,7.3,6.8,3.9,6.0,4.6,3.7,5.8,8.9,2.8,4.0,3,0,0,Technical,Software Developer
7.28,7.0,2.7,2.3,7.7,2.8,4.5,9.7,3.3,2.0,1.0,5.6,7.7,9.6,7.9,7.0,6.3,5.7,5.0,10.0,0.7,4.2,5.2,3.5,9.1,1,2,1,Analytical,Data Analyst
8.11,6.3,6.5,4.5,8.2,5.0,1.5,5.2,9.6,5.5,7.6,3.2,7.6,6.8,6.3,8.0,7.1,4.7,5.8,3.6,6.4,9.0,7.3,4.4,6.5,1,0,1,Technical,Cloud Engineer
7.75,7.1,7.0,5.6,6.7,7.9,3.7,4.5,9.0,7.6,8.0,3.1,10.0,5.3,6.6,7.6,7.5,2.8,6.5,5.6,6.1,7.6,7.3,0.4,4.2,0,2,0,Technical,DevOps Engineer
7.03,8.5,7.6,2.9,5.2,7.2,4.0,1.4,7.7,6.7,8.0,2.5,8.4,8.4,6.2,7.4,9.1,4.6,6.3,5.9,6.1,9.0,5.1,0.5,3.9,1,3,0,Technical,DevOps Engineer
8.35,8.9,5.0,7.8,7.7,4.3,9.0,9.3,7.4,4.0,6.1,4.2,9.9,8.7,6.4,6.6,6.2,10.0,4.2,6.7,3.8,8.4,7.3,3.0,4.6,1,4,0,Analytical,Machine Learning Engineer
8.2,6.9,4.9,1.5,7.4,3.5,4.5,9.3,4.8,1.8,5.0,5.3,7.5,8.1,7.4,8.1,6.3,3.9,4.2,8.1,1.9,4.4,5.6,4.5,8.8,3,1,1,Analytical,Data Analyst
8.75,5.1,3.8,5.2,6.4,9.3,2.2,2.2,5.6,4.5,4.6,8.2,7.3,8.1,6.9,7.1,9.7,3.2,10.0,3.6,4.2,5.9,8.7,6.8,4.4,1,6,1,Analytical,Web Developer
7.92,7.8,3.7,2.3,8.3,3.6,3.5,8.1,4.1,2.2,1.0,5.5,8.9,7.4,10.0,7.2,7.1,4.6,2.9,9.1,0.5,3.4,3.9,6.4,10.0,0,2,0,Technical,Data Analyst
7.56,7.2,9.5,8.3,7.9,6.1,3.3,6.1,4.1,3.9,5.9,3.8,7.4,9.2,8.5,6.3,6.8,3.3,5.7,5.2,4.1,4.1,9.3,5.2,3.4,3,1,0,Technical,Software Developer
7.96,6.1,1.4,3.6,10.0,1.5,5.9,10.0,2.3,1.6,2.4,5.8,6.6,7.4,6.7,8.5,7.3,4.4,2.8,10.0,1.5,2.9,4.6,4.8,6.4,1,1,1,Analytical,Data Analyst
8.17,3.9,0.3,2.5,6.0,3.6,5.5,8.7,2.6,2.9,3.5,6.0,8.5,8.2,6.9,7.5,8.9,4.8,2.4,8.6,2.5,5.2,4.2,4.7,10.0,2,1,1,Managerial,Business Analyst
7.14,9.2,3.4,8.0,6.5,4.9,9.0,8.3,5.7,3.1,7.2,2.9,7.8,9.1,8.9,8.0,8.3,9.4,3.4,8.2,2.9,7.1,8.6,4.4,4.5,1,3,1,Creative,Machine Learning Engineer
8.1,9.7,5.1,2.9,9.1,1.5,8.3,9.0,3.2,5.3,5.5,4.7,7.4,8.4,9.9,6.3,6.8,9.5,1.4,9.4,1.1,4.0,4.4,4.6,6.2,1,4,0,Analytical,Data Scientist
7.04,8.2,7.4,5.9,6.4,5.1,3.1,3.8,9.1,6.5,8.7,3.8,8.2,7.8,6.5,6.2,7.2,5.3,5.2,5.7,7.8,7.1,7.3,3.4,5.1,0,2,0,Technical,DevOps Engineer
8.12,5.1,4.0,2.5,6.2,8.2,2.1,3.3,5.4,6.0,4.0,7.6,8.3,7.2,3.5,5.4,5.6,5.7,10.0,4.3,5.1,4.4,10.0,8.4,4.9,3,1,0,Creative,Web Developer
8.35,8.2,2.9,5.3,9.9,4.6,9.5,8.6,4.7,3.8,3.3,5.1,8.8,6.9,9.1,6.1,5.5,6.1,1.5,7.7,4.4,5.6,7.2,3.8,5.6,2,2,1,Analytical,Data Scientist
7.1,9.3,9.2,6.4,6.5,5.9,3.2,4.2,8.5,5.3,9.7,3.3,10.0,9.1,5.7,5.8,8.0,3.0,6.7,3.3,7.9,9.1,8.1,2.8,5.2,2,4,0,Managerial,DevOps Engineer
7.54,4.2,1.7,2.0,2.7,8.3,1.9,4.7,2.9,2.4,3.7,7.1,6.2,7.2,5.9,8.5,7.1,5.1,8.9,3.1,2.2,0.6,4.1,9.5,6.5,0,6,1,Creative,UI/UX Developer
8.06,3.0,0.5,1.2,5.5,8.4,3.4,4.7,2.4,2.3,1.8,10.0,6.9,7.9,4.2,7.4,7.0,3.4,9.3,4.3,2.0,2.8,6.0,10.0,3.9,2,2,1,Creative,UI/UX Developer
7.94,8.5,5.7,3.6,7.8,2.9,10.0,9.0,7.2,6.2,3.2,5.2,8.2,7.7,7.4,9.8,8.1,8.3,3.7,7.0,2.9,4.2,6.6,5.7,8.0,2,3,1,Analytical,Data Scientist
9.87,9.0,5.3,3.2,5.7,7.2,1.9,3.8,7.6,6.4,9.5,3.9,7.4,9.4,6.7,5.7,8.3,4.0,7.4,3.2,5.6,7.0,4.8,2.7,4.7,3,3,1,Creative,DevOps Engineer
6.85,10.0,2.8,4.9,7.6,2.2,8.0,9.1,5.5,4.2,5.6,2.7,7.1,7.1,8.0,8.7,7.6,7.9,3.0,10.0,5.1,5.3,2.1,4.3,8.0,3,3,1,Analytical,Data Scientist
8.76,7.0,3.2,2.4,8.5,4.2,4.4,7.4,1.0,3.1,2.0,5.4,9.8,7.4,6.5,10.0,9.5,4.2,2.6,8.0,2.7,3.6,3.5,6.4,8.0,0,5,0,Managerial,Business Analyst
6.9,8.2,5.1,7.6,4.6,4.3,3.6,4.4,6.5,9.4,6.3,3.5,9.3,6.8,7.2,6.3,7.9,5.9,5.9,7.1,10.0,7.6,5.1,2.5,5.8,0,3,1,Technical,Cybersecurity Analyst
6.18,7.1,3.0,2.9,8.7,2.9,4.1,7.9,3.8,3.3,2.7,6.5,8.8,8.0,7.3,7.3,9.3,5.9,2.8,10.0,2.7,2.4,3.5,5.8,9.7,2,5,1,Analytical,Data Analyst
7.43,8.7,6.0,6.8,6.5,5.7,6.7,9.8,8.3,4.5,6.5,3.8,8.4,10.0,8.8,5.9,8.4,8.6,5.0,7.8,4.6,6.0,6.4,4.3,6.7,0,4,0,Technical,AI Engineer
8.69,7.5,7.9,8.1,7.0,6.0,4.0,3.3,5.8,2.8,5.6,3.6,6.6,8.8,7.0,4.8,4.7,3.8,7.8,4.4,3.3,6.2,10.0,5.4,4.8,2,3,1,Technical,Software Developer
6.84,6.6,8.3,4.2,5.8,5.8,3.1,3.5,7.8,9.4,8.6,3.3,7.9,8.6,7.9,6.6,7.0,4.1,9.4,1.3,8.3,7.2,6.1,3.0,5.1,3,2,1,Analytical,DevOps Engineer
8.14,4.2,3.7,0.8,3.8,9.0,3.7,4.3,2.2,1.2,4.3,10.0,6.2,8.4,5.0,7.6,10.0,2.3,7.1,4.0,1.8,3.9,7.3,10.0,5.8,1,3,0,Managerial,UI/UX Developer
7.51,7.4,5.4,8.6,5.4,5.6,9.1,9.2,6.9,2.4,6.6,2.3,8.4,7.0,8.1,8.5,7.2,9.2,3.0,8.2,3.8,9.6,7.5,4.0,4.3,3,0,1,Technical,AI Engineer
7.67,6.6,5.0,6.2,7.3,4.7,4.0,4.1,7.6,8.2,6.7,2.9,5.9,7.3,7.5,6.7,7.0,4.1,4.1,7.7,10.0,7.6,4.7,2.4,5.5,1,5,0,Technical,Cybersecurity Analyst
7.13,8.0,5.0,7.6,4.9,5.8,9.7,8.5,8.3,2.9,5.4,3.9,10.0,9.4,9.0,6.3,5.6,10.0,3.6,8.1,5.9,6.6,7.6,3.0,3.6,2,3,0,Technical,AI Engineer
8.1,6.1,1.9,0.2,10.0,5.4,4.6,10.0,3.4,2.0,3.7,4.2,7.8,7.2,8.0,8.1,6.7,4.7,4.2,10.0,2.5,6.5,2.8,5.8,8.1,2,1,1,Technical,Data Analyst
6.22,7.4,8.7,6.4,8.0,5.0,2.5,3.3,3.1,2.9,4.2,3.9,4.7,9.3,7.8,7.8,5.4,3.7,7.0,5.1,5.6,5.1,8.9,2.3,5.2,0,1,1,Technical,Software Developer
8.64,9.0,2.8,6.4,5.2,5.6,4.4,5.4,6.0,9.5,6.5,2.0,7.3,10.0,7.9,2.9,5.7,4.0,5.8,2.8,8.1,6.2,6.2,1.7,5.3,1,3,1,Technical,Cybersecurity Analyst
7.24,9.2,4.5,3.4,6.4,4.3,6.8,8.9,5.0,3.5,3.4,5.6,6.5,9.1,8.6,6.7,8.4,7.4,3.3,9.1,1.6,5.9,7.2,5.8,7.4,4,4,1,Analytical,Data Scientist
8.3,10.0,2.7,5.9,10.0,4.3,8.5,8.3,6.1,3.8,1.8,3.7,7.9,7.7,8.2,6.1,8.7,7.9,2.8,8.7,2.4,5.5,4.7,4.7,8.7,3,2,1,Analytical,Data Scientist
7.53,9.4,6.6,7.8,5.0,4.5,8.4,7.4,7.1,6.2,6.4,3.9,9.5,8.3,10.0,7.4,6.7,10.0,5.5,8.4,4.0,7.1,8.3,4.0,5.3,1,3,1,Technical,AI Engineer
6.67,10.0,5.0,5.8,8.4,2.6,9.2,10.0,6.1,2.9,4.3,5.2,8.5,8.4,8.3,7.9,5.6,8.1,2.9,7.8,3.0,6.0,6.6,3.7,6.5,2,1,1,Analytical,Data Scientist
6.02,5.5,0.1,3.0,8.8,4.0,3.0,8.3,4.4,3.0,3.7,7.2,9.7,8.0,8.7,9.4,8.2,5.3,3.5,6.5,4.1,5.5,6.4,6.6,10.0,1,2,1,Managerial,Business Analyst
7.86,5.3,3.6,7.3,5.1,4.2,3.0,3.9,5.4,8.3,5.5,3.3,9.0,6.6,8.3,6.8,8.2,3.7,7.5,4.5,8.8,6.6,7.3,2.9,4.2,1,3,1,Technical,Cybersecurity Analyst
8.25,7.6,6.8,6.2,4.9,3.7,3.6,4.3,4.8,9.5,5.6,3.3,8.7,8.6,6.7,7.1,8.6,2.3,5.3,4.8,8.6,7.1,5.5,1.0,3.9,2,0,0,Technical,Cybersecurity Analyst
7.53,8.5,3.1,4.3,9.8,5.5,8.7,8.3,4.1,3.1,2.7,2.9,8.8,7.1,9.4,8.5,5.8,7.9,1.4,9.7,1.4,5.8,5.3,6.4,8.8,1,4,0,Analytical,Data Scientist
7.5,8.2,7.7,7.0,5.2,7.3,2.1,3.4,3.0,4.0,4.6,4.2,6.7,9.3,5.0,6.4,7.1,4.1,6.2,4.9,5.5,4.8,7.9,4.6,3.7,1,2,0,Technical,Software Developer
8.3,9.8,5.3,6.9,7.0,5.6,10.0,7.9,5.7,5.0,7.6,3.3,8.0,7.2,9.4,5.9,6.4,10.0,3.5,8.0,2.8,7.3,6.5,1.4,4.0,2,0,0,Analytical,Machine Learning Engineer
7.1,8.8,5.8,6.6,6.2,4.8,9.1,8.5,6.8,2.2,7.9,2.8,9.9,8.6,9.1,7.6,8.0,9.6,3.6,7.0,2.1,7.7,6.6,3.9,6.0,1,2,1,Technical,Machine Learning Engineer
8.66,10.0,6.0,8.1,8.0,3.6,8.9,8.7,6.2,3.8,5.8,3.9,8.8,8.6,7.6,5.8,5.5,10.0,3.3,8.5,4.8,6.4,7.3,2.9,5.3,2,5,1,Analytical,Machine Learning Engineer
7.57,5.9,5.7,1.9,6.9,9.7,3.8,2.1,5.7,3.2,5.4,7.4,7.7,8.6,5.1,7.9,8.8,3.5,8.4,1.4,3.7,6.3,7.6,8.2,5.3,3,3,1,Creative,Web Developer
7.37,8.0,8.1,7.2,6.7,4.9,3.1,4.2,3.3,5.1,4.0,4.1,9.3,9.5,7.0,6.1,8.0,4.7,5.3,3.1,1.7,5.2,8.9,5.2,4.4,3,2,0,Technical,Software Developer
8.35,9.9,6.0,8.1,7.2,5.9,9.0,7.3,7.5,4.1,7.0,5.6,8.0,9.1,7.8,6.8,6.8,9.1,5.0,8.4,3.3,8.0,7.4,2.9,3.9,1,3,0,Technical,AI Engineer
8.66,7.4,6.9,3.7,7.6,5.5,2.7,1.2,7.5,4.4,10.0,4.6,8.2,8.2,5.4,7.3,8.3,3.9,5.2,4.0,6.8,8.2,7.7,1.7,6.5,1,3,1,Technical,DevOps Engineer
7.57,6.7,7.3,4.2,7.3,4.4,3.5,6.1,7.5,6.4,6.7,3.6,8.7,6.3,6.2,5.1,7.6,5.1,6.9,6.1,7.1,8.4,7.0,3.7,6.0,3,1,1,Technical,Cloud Engineer
7.75,7.0,2.8,1.7,9.2,4.4,4.2,9.3,3.7,2.6,1.4,5.7,8.3,6.4,9.9,6.5,7.9,3.9,3.6,10.0,2.9,3.9,5.0,4.4,8.5,0,4,1,Analytical,Data Analyst
7.55,6.4,7.8,4.1,5.3,4.1,3.0,4.1,9.3,5.7,8.0,4.8,7.9,9.3,6.7,6.2,6.8,4.9,3.9,5.2,5.2,10.0,7.8,2.7,7.9,1,0,0,Technical,Cloud Engineer
7.42,9.7,6.5,7.9,8.0,3.7,9.0,8.7,6.8,4.3,4.9,5.3,8.2,9.2,8.2,5.6,7.5,10.0,3.2,6.8,3.4,6.6,7.9,1.4,6.2,0,3,1,Technical,AI Engineer
7.47,6.9,6.0,7.1,7.6,5.4,3.5,5.5,6.2,10.0,7.1,1.5,6.8,7.6,8.5,9.4,5.1,5.6,4.1,4.4,10.0,6.9,7.2,2.1,6.2,1,3,0,Creative,Cybersecurity Analyst
6.49,10.0,5.3,6.4,8.7,5.4,8.3,9.0,7.8,4.4,7.9,2.0,9.0,10.0,8.1,5.8,7.1,7.8,4.4,6.7,4.9,4.7,8.4,2.2,3.8,5,3,0,Technical,Machine Learning Engineer
8.04,6.1,6.0,5.2,7.5,4.0,4.9,5.5,5.3,8.1,6.6,3.6,8.5,9.7,8.3,6.0,8.4,5.2,4.1,4.4,10.0,8.2,5.8,5.1,6.7,4,2,1,Technical,Cybersecurity Analyst
7.4,4.5,3.8,1.8,4.5,7.4,2.5,4.7,3.1,1.8,2.5,9.0,8.0,6.4,5.0,7.5,8.5,4.6,7.3,2.5,3.7,2.4,6.4,9.0,5.7,3,0,0,Creative,UI/UX Developer
7.13,8.8,7.6,9.2,8.9,5.7,1.3,5.0,5.2,4.6,4.6,3.0,9.3,8.9,5.4,7.3,7.5,3.6,7.8,3.3,3.8,5.8,9.1,2.5,4.2,2,4,0,Technical,Software Developer
7.79,6.1,4.2,4.1,6.8,10.0,1.6,4.3,6.2,2.8,5.6,9.0,8.2,5.5,6.9,8.0,8.6,3.7,8.4,5.3,5.4,6.4,7.7,8.3,5.7,3,0,1,Creative,Web Developer
7.98,5.8,2.8,0.2,7.3,3.3,2.8,8.3,4.1,3.3,1.4,4.8,8.1,7.9,7.4,9.6,8.4,4.7,3.3,7.0,2.8,6.1,2.3,6.6,8.2,2,4,1,Managerial,Business Analyst
7.16,6.6,4.0,5.0,6.3,5.9,4.0,5.2,4.6,8.8,5.7,2.1,7.4,10.0,7.7,8.0,7.1,6.0,4.0,6.0,8.2,6.6,6.1,2.7,5.1,1,2,1,Technical,Cybersecurity Analyst
9.44,7.4,4.4,4.4,6.7,5.2,6.1,5.2,6.7,9.2,3.2,2.6,8.4,8.3,6.1,7.6,5.9,5.3,5.4,6.5,9.0,8.0,6.2,2.4,4.1,0,2,1,Technical,Cybersecurity Analyst
7.31,5.6,2.2,1.3,3.3,7.4,0.9,3.4,3.7,3.9,3.5,8.5,7.4,7.3,5.5,7.1,8.1,4.1,7.7,2.5,2.8,3.7,6.0,9.4,8.1,1,6,0,Managerial,UI/UX Developer
7.61,8.3,3.0,7.3,7.0,4.2,8.5,7.3,6.3,3.7,7.2,2.1,9.9,9.7,9.1,8.5,5.1,10.0,3.3,8.8,3.5,5.0,8.1,4.0,5.5,0,2,1,Analytical,Machine Learning Engineer
7.74,5.5,2.4,3.6,4.9,8.6,0.6,5.6,3.7,4.0,4.8,5.6,9.1,8.7,5.5,6.1,6.8,2.1,9.2,3.8,5.4,5.9,8.9,8.4,5.3,2,0,1,Creative,Web Developer
8.66,6.8,4.4,3.7,7.3,8.8,2.2,3.7,4.5,4.1,4.9,5.9,6.9,7.7,8.0,7.3,8.3,6.4,7.8,1.8,3.1,4.6,7.7,7.4,3.6,3,2,0,Creative,Web Developer
8.21,9.0,4.6,3.7,8.8,2.5,5.8,9.3,5.7,2.3,2.4,1.8,8.6,10.0,8.8,7.1,7.0,10.0,3.8,8.0,3.0,5.4,3.8,4.8,6.1,1,1,1,Analytical,Data Scientist
7.67,9.6,5.7,7.1,8.6,4.3,9.1,7.6,8.8,4.4,6.9,2.9,9.5,8.5,8.4,7.7,6.7,8.8,5.4,7.1,6.1,8.2,9.4,2.7,5.8,3,3,0,Technical,AI Engineer
7.7,8.3,2.6,0.0,9.0,3.9,5.4,8.3,4.0,2.6,4.1,5.6,8.9,6.7,5.0,9.2,6.5,4.8,3.9,9.5,2.8,6.7,4.6,4.2,6.4,3,0,1,Analytical,Data Analyst
8.09,6.5,7.4,6.3,6.4,7.1,1.9,4.6,4.4,3.1,4.9,2.9,7.4,7.2,9.2,6.5,6.2,4.2,5.9,3.8,4.7,5.8,8.4,3.4,3.7,2,1,0,Technical,Software Developer
7.44,4.0,3.6,2.0,3.7,7.7,1.4,4.3,2.8,0.9,2.6,10.0,6.1,4.2,6.0,8.2,9.4,3.1,9.0,4.1,1.2,1.5,4.2,9.7,6.3,2,3,0,Creative,UI/UX Developer
8.78,8.8,8.1,9.8,6.2,2.6,4.6,4.6,5.7,2.9,5.0,4.2,7.7,6.6,10.0,7.4,7.5,5.4,6.7,3.3,5.4,5.9,8.3,4.9,3.7,0,0,1,Technical,Software Developer
7.86,9.6,2.8,5.4,8.2,2.8,8.9,8.4,7.0,5.3,4.4,3.8,10.0,8.3,8.4,8.9,7.9,7.9,3.3,8.6,3.7,5.6,3.6,4.0,5.4,1,2,0,Analytical,Data Scientist
7.96,7.6,3.1,1.4,7.3,4.2,4.7,8.8,4.6,1.9,2.2,5.1,8.0,5.5,6.8,6.6,5.7,5.5,2.3,10.0,0.0,3.7,3.3,3.3,8.0,1,2,0,Managerial,Data Analyst
7.02,8.4,3.4,7.6,7.7,3.0,9.1,7.4,7.3,3.0,6.0,3.1,8.5,8.5,7.8,6.0,6.6,9.5,3.8,9.0,2.2,8.8,7.5,4.1,5.5,2,0,0,Technical,Machine Learning Engineer
7.09,6.4,4.6,5.2,5.9,4.6,5.4,5.5,7.0,9.6,5.1,3.8,8.0,8.1,7.4,9.7,6.4,2.7,5.3,5.8,9.0,5.8,4.6,2.9,7.1,3,1,1,Technical,Cybersecurity Analyst
6.0,4.6,2.1,3.4,7.8,2.7,5.1,9.8,4.7,3.8,3.9,5.9,9.4,7.6,6.7,7.6,7.8,3.9,3.0,7.7,5.2,4.2,4.2,4.1,8.6,2,5,1,Managerial,Business Analyst
8.03,7.3,5.0,8.7,5.4,5.6,8.1,7.3,7.2,4.1,6.4,2.2,7.6,8.9,8.3,5.6,6.7,9.8,5.2,8.7,3.3,5.6,6.7,3.2,5.3,1,1,1,Technical,Machine Learning Engineer
7.62,6.4,4.4,7.5,6.6,6.8,2.6,5.8,7.1,10.0,6.9,1.9,8.3,8.7,5.9,8.1,4.3,3.2,3.2,6.2,9.7,5.9,6.1,2.8,3.6,4,2,0,Technical,Cybersecurity Analyst
8.22,7.0,3.3,1.9,7.0,3.6,6.6,9.5,3.5,0.4,2.0,5.5,9.2,7.8,8.4,8.8,8.1,4.3,3.2,8.6,2.0,4.4,5.8,3.6,8.5,5,3,1,Analytical,Data Analyst
7.44,7.3,6.7,2.5,5.4,5.9,2.8,4.2,9.0,4.5,6.6,3.0,8.2,10.0,5.7,7.0,6.7,4.6,8.4,6.0,6.7,8.6,5.3,4.0,5.9,3,1,0,Technical,Cloud Engineer
7.69,7.6,2.8,1.3,8.0,2.4,3.8,9.2,6.5,1.2,2.7,4.9,7.2,8.7,4.9,7.4,8.4,4.7,2.1,10.0,3.0,4.2,3.1,5.5,7.6,5,1,0,Analytical,Data Analyst
7.33,9.5,4.4,7.9,6.7,4.0,7.5,6.4,6.0,2.9,6.5,5.8,8.4,8.6,8.4,7.9,7.5,9.5,2.7,6.9,4.2,7.2,7.5,4.2,3.7,3,2,1,Technical,AI Engineer
7.91,4.0,3.8,1.4,3.0,8.2,2.5,4.6,2.8,0.8,3.8,8.2,4.5,6.6,6.0,8.6,9.0,3.4,9.3,5.2,1.1,3.4,5.1,8.0,5.6,5,3,0,Creative,UI/UX Developer
8.24,9.6,4.8,9.1,5.4,4.3,7.6,7.1,7.9,4.1,4.9,1.9,8.6,9.2,9.9,6.2,6.2,10.0,4.0,9.0,2.6,7.4,8.3,3.6,3.1,1,3,1,Technical,AI Engineer
7.53,8.1,6.1,7.8,7.5,6.2,7.3,6.7,6.5,4.1,6.6,3.0,8.2,10.0,9.6,7.3,4.6,10.0,4.2,7.8,3.1,6.3,6.5,1.3,4.1,1,3,0,Technical,AI Engineer
7.71,9.0,1.1,0.1,8.2,4.1,3.2,7.6,4.4,1.7,3.6,4.7,8.4,9.0,6.2,9.3,5.6,5.7,4.6,8.9,2.7,3.5,4.6,2.5,8.2,3,2,0,Analytical,Data Analyst
8.13,10.0,5.1,3.4,7.1,3.1,10.0,8.5,5.7,2.1,4.0,2.3,7.0,8.6,9.3,7.0,7.3,7.1,2.6,8.3,2.9,4.7,7.5,3.0,7.0,3,3,1,Analytical,Data Scientist
8.91,7.9,6.5,3.8,3.4,4.8,4.3,5.4,6.8,9.5,6.1,1.7,6.9,8.3,6.3,6.5,5.2,4.3,5.3,3.4,10.0,5.0,6.5,1.6,6.1,2,2,1,Technical,Cybersecurity Analyst
8.83,7.0,5.3,5.5,6.3,4.9,3.3,3.4,8.6,7.6,9.0,3.5,9.3,8.8,7.8,6.8,8.9,5.7,7.0,4.8,5.4,9.1,5.5,1.2,5.2,2,3,0,Technical,Cloud Engineer
8.34,7.3,8.1,7.3,5.7,4.9,2.2,5.0,4.3,3.8,5.8,3.7,8.7,6.8,6.9,6.6,7.0,2.2,7.3,3.1,4.4,5.0,10.0,6.4,2.6,1,4,1,Technical,Software Developer
8.42,7.5,7.5,6.3,7.4,4.3,4.1,4.5,3.4,4.1,7.9,5.3,7.1,9.3,5.4,5.0,6.9,4.6,6.9,4.9,4.5,3.2,8.9,5.1,4.5,3,4,1,Technical,Software Developer
7.94,8.0,6.0,7.3,4.3,5.4,4.0,6.1,5.6,10.0,4.7,2.0,6.8,7.3,7.0,8.5,7.0,3.1,2.7,5.7,8.8,5.9,7.2,2.4,4.7,3,1,0,Managerial,Cybersecurity Analyst
8.31,8.4,6.7,8.2,6.9,4.2,5.7,7.1,6.7,9.2,5.0,2.3,7.2,8.5,6.3,7.8,5.9,4.1,4.4,2.1,8.7,5.5,4.3,3.3,2.3,6,3,0,Technical,Cybersecurity Analyst
6.0,8.8,9.4,8.9,6.3,7.5,4.8,4.2,6.3,4.0,6.6,3.8,7.3,7.3,6.8,6.6,6.0,3.7,5.4,2.8,5.1,6.3,10.0,3.9,4.0,1,2,1,Technical,Software Developer
7.45,8.3,2.5,2.0,8.7,2.5,5.3,10.0,3.5,2.3,2.0,5.6,8.3,7.1,7.9,8.7,8.9,5.4,4.0,10.0,0.9,5.3,3.0,4.2,8.0,1,2,0,Analytical,Data Analyst
9.67,5.8,8.3,7.8,8.4,5.6,3.3,3.3,6.0,3.9,3.7,4.0,8.4,8.8,8.2,4.9,6.1,4.7,5.2,4.3,1.3,8.0,8.7,5.3,3.6,3,2,1,Creative,Software Developer
7.85,6.2,7.3,1.1,6.4,4.4,2.9,4.9,7.9,7.0,6.9,1.4,7.2,8.8,7.2,6.6,7.5,6.4,7.1,4.3,4.4,10.0,6.0,0.9,5.7,3,0,1,Technical,Cloud Engineer
8.08,7.8,7.0,6.4,6.2,4.8,1.7,4.2,9.2,5.1,8.5,4.2,7.1,8.5,6.2,7.2,8.2,4.1,5.5,3.9,5.7,10.0,6.7,1.7,4.6,2,1,1,Managerial,Cloud Engineer
7.1,9.6,7.8,7.3,5.4,5.8,5.6,3.7,5.6,5.0,4.8,3.5,8.5,8.2,6.6,7.5,6.9,5.3,5.9,2.6,0.2,3.0,7.2,4.3,2.9,0,4,0,Technical,Software Developer
8.81,7.4,5.7,3.2,7.2,5.3,3.8,3.9,10.0,6.8,7.6,1.8,6.5,8.7,5.9,6.5,6.9,3.3,5.7,5.1,5.4,9.9,5.2,2.5,5.9,0,3,0,Technical,Cloud Engineer
7.67,8.7,4.7,5.9,6.6,4.6,3.4,3.6,8.9,5.5,9.1,2.6,8.0,7.5,7.3,9.2,8.2,6.2,7.2,2.9,7.1,8.4,7.8,2.5,6.1,1,2,0,Technical,DevOps Engineer
8.09,6.2,4.2,5.9,6.4,5.9,3.3,4.2,10.0,6.3,8.8,1.3,6.4,7.2,3.9,7.2,6.3,4.1,5.5,4.3,4.9,10.0,7.2,3.6,5.2,1,2,0,Managerial,Cloud Engineer
8.4,9.7,2.5,2.8,8.5,2.1,3.5,10.0,5.1,4.1,3.1,5.3,7.7,7.2,6.4,8.1,6.6,5.5,3.2,9.8,3.8,4.0,4.8,7.3,9.4,2,6,1,Managerial,Data Analyst
8.87,5.5,10.0,6.8,8.8,5.7,2.6,3.7,4.6,6.8,4.9,3.7,8.1,7.4,8.8,4.9,6.3,5.0,6.0,4.6,5.7,6.1,9.2,6.3,3.3,0,2,0,Technical,Software Developer
7.42,7.9,5.9,7.0,7.8,3.0,9.7,7.8,6.0,3.1,7.0,3.9,8.6,9.4,8.9,7.3,8.1,10.0,3.5,10.0,3.6,5.3,6.8,3.5,5.8,1,2,0,Technical,Machine Learning Engineer
7.14,10.0,4.4,6.4,8.8,4.9,8.4,9.5,8.4,3.3,5.1,3.6,8.8,8.2,9.0,8.9,8.2,9.9,3.6,7.9,4.8,7.7,7.6,4.7,3.7,1,4,1,Creative,AI Engineer
8.39,8.6,7.3,5.8,4.1,8.0,3.1,3.3,4.6,1.9,5.7,6.2,7.1,10.0,6.9,8.3,7.3,4.3,8.0,4.9,4.4,2.9,7.3,4.5,5.6,0,1,1,Technical,Software Developer
8.06,5.3,3.6,0.5,6.3,7.8,3.9,3.7,5.1,3.2,3.5,6.1,6.4,8.9,4.5,8.1,10.0,3.5,9.9,3.6,2.6,3.8,7.5,8.0,7.2,1,2,1,Creative,Web Developer
7.45,7.2,4.4,6.9,5.7,0.9,9.2,10.0,6.1,4.6,8.2,0.9,8.5,7.6,7.6,8.4,7.2,10.0,4.0,7.2,4.2,7.9,7.8,3.5,3.6,3,2,1,Technical,Machine Learning Engineer
7.62,3.4,4.2,2.6,5.1,6.9,3.8,4.1,3.7,4.2,3.4,5.9,6.8,7.1,5.6,7.4,7.1,4.6,10.0,1.8,6.0,4.6,8.0,7.8,5.4,3,4,1,Creative,Web Developer
8.33,7.6,6.9,3.4,6.6,5.9,5.0,4.0,7.3,8.0,8.2,3.8,8.7,10.0,6.9,8.2,8.1,4.5,8.1,6.4,5.7,9.8,6.6,2.9,6.1,1,2,0,Technical,Cloud Engineer
7.36,7.3,5.1,3.5,5.8,5.1,3.6,3.9,10.0,6.1,9.7,5.6,7.9,6.4,6.3,6.9,8.7,5.8,6.3,4.3,4.1,9.2,7.3,1.7,8.5,0,1,1,Technical,DevOps Engineer
8.88,4.8,3.7,0.7,8.2,1.2,3.0,8.9,4.1,3.2,2.6,5.7,8.0,8.1,6.3,8.1,7.9,4.5,3.4,10.0,1.4,4.9,1.5,2.9,6.9,1,2,0,Managerial,Data Analyst
7.5,6.0,3.2,2.2,5.7,10.0,1.7,3.1,5.8,5.3,4.5,8.4,8.6,6.9,7.2,8.2,6.8,4.3,8.2,2.9,3.7,6.0,8.3,8.4,4.4,1,2,1,Creative,Web Developer
6.19,6.2,6.4,4.7,8.1,3.9,8.7,9.6,4.8,3.2,4.3,2.8,9.9,8.0,10.0,7.6,8.8,7.4,1.8,8.0,3.1,6.7,6.8,1.5,7.3,2,3,1,Technical,Data Scientist
8.01,9.3,4.2,3.4,7.6,5.7,4.1,3.8,9.2,4.5,7.0,4.6,7.1,9.3,5.9,7.0,7.8,3.5,6.8,6.9,7.3,8.2,6.8,4.4,4.8,0,2,1,Technical,Cloud Engineer
8.9,6.2,7.6,7.9,7.5,5.6,0.9,3.8,6.5,4.3,5.3,2.8,6.7,8.5,5.4,7.4,6.1,4.0,3.9,3.6,2.7,2.4,9.6,5.8,5.2,2,4,1,Technical,Software Developer
7.67,9.7,4.2,6.6,7.7,3.6,7.6,10.0,7.5,3.7,7.5,3.5,7.3,9.2,7.7,6.6,7.4,10.0,2.9,7.5,3.0,8.1,7.1,3.6,4.9,2,5,1,Technical,Machine Learning Engineer
7.78,4.9,2.8,2.0,3.4,7.7,1.7,2.1,2.3,2.3,1.7,7.2,6.0,5.7,4.4,9.4,9.4,3.4,9.1,5.7,1.7,1.9,6.2,8.9,5.3,2,2,1,Creative,UI/UX Developer
7.38,9.5,5.0,6.2,7.6,2.1,9.4,7.7,7.2,4.0,7.3,2.3,8.2,9.2,6.9,8.9,8.8,7.8,4.3,9.8,3.1,5.7,8.8,4.5,3.2,1,3,1,Technical,Machine Learning Engineer
7.37,7.6,5.7,5.1,6.6,5.3,3.7,3.6,8.6,5.5,9.0,3.8,8.7,8.4,8.4,6.3,9.9,4.6,8.5,3.1,5.8,9.6,6.3,2.7,7.6,0,4,0,Technical,DevOps Engineer
6.71,8.6,7.7,2.1,6.8,7.7,3.0,4.8,8.5,7.1,6.9,3.4,10.0,8.2,6.0,5.7,7.7,3.5,4.6,3.5,4.7,9.2,8.2,4.2,6.4,0,3,0,Technical,Cloud Engineer
8.31,6.7,5.3,3.0,7.0,8.6,3.4,2.6,5.1,3.9,3.9,7.2,7.2,9.1,6.3,8.3,6.3,3.0,10.0,2.6,4.2,4.3,8.9,7.6,4.9,4,3,1,Creative,Web Developer
7.81,9.6,3.3,3.6,8.5,3.9,7.5,9.3,6.1,3.2,3.5,3.6,8.3,7.1,9.0,8.5,8.0,8.1,4.2,10.0,2.7,5.8,2.5,2.6,7.1,3,1,1,Analytical,Data Scientist
7.97,4.7,2.1,2.4,8.6,3.0,2.9,9.0,3.9,1.5,3.0,5.7,9.2,7.2,7.4,9.2,9.1,6.3,5.5,8.8,2.8,4.8,4.8,6.3,9.9,2,6,1,Creative,Business Analyst
8.66,1.6,2.4,3.2,4.6,9.8,1.7,4.0,1.8,0.0,1.8,8.7,5.6,8.4,4.8,10.0,10.0,2.4,9.6,4.7,1.6,3.0,4.8,10.0,8.3,3,3,1,Analytical,UI/UX Developer
8.57,2.4,1.9,2.1,3.9,7.4,4.1,3.7,1.6,1.2,2.3,7.8,6.3,6.4,5.1,9.4,7.3,3.9,7.3,2.1,3.0,2.1,6.2,10.0,6.3,4,0,0,Creative,UI/UX Developer
8.17,3.7,1.0,1.6,4.9,9.7,3.2,3.5,4.4,0.9,5.9,9.5,6.6,5.7,4.5,9.3,9.1,1.9,8.8,1.7,3.4,4.4,4.4,9.7,4.9,0,1,1,Creative,UI/UX Developer
6.95,6.3,7.0,7.0,6.1,6.3,2.0,4.4,5.5,3.5,4.1,4.1,7.8,8.7,8.7,6.6,6.3,3.0,5.1,2.4,5.0,2.5,9.5,3.0,3.4,4,1,0,Technical,Software Developer
8.47,10.0,4.6,8.0,6.7,5.3,10.0,8.2,8.9,4.8,6.1,3.9,6.1,8.5,8.8,7.5,7.0,9.9,2.5,6.3,2.7,8.7,6.1,2.6,5.1,0,4,0,Creative,AI Engineer
8.43,6.0,5.5,3.8,6.3,6.7,2.5,3.9,9.1,7.0,8.3,2.9,7.1,8.1,8.7,6.2,8.8,4.8,6.5,4.7,4.5,10.0,4.8,3.2,4.4,1,3,1,Technical,Cloud Engineer
6.52,5.9,6.8,4.6,6.3,5.8,3.7,5.2,10.0,5.9,8.4,2.4,6.4,8.7,5.9,6.6,6.8,4.4,4.8,5.9,7.3,9.9,7.0,3.2,4.6,3,1,0,Technical,Cloud Engineer
8.81,6.2,3.0,3.4,7.3,2.9,2.8,8.1,4.8,3.4,5.1,6.6,7.4,8.2,8.0,8.5,8.3,5.8,4.4,8.0,2.4,4.2,4.3,6.8,10.0,0,5,1,Managerial,Business Analyst
7.2,7.3,5.9,4.7,7.3,8.3,2.5,2.2,8.7,7.2,8.2,1.8,8.5,6.6,6.4,6.6,6.6,4.0,6.8,5.2,5.6,8.6,5.6,1.5,8.0,1,3,1,Technical,Cloud Engineer
8.48,4.2,4.6,5.2,5.8,8.8,1.8,4.3,3.6,2.3,5.9,7.8,6.2,7.9,4.6,8.5,8.3,3.2,8.9,3.0,2.8,6.5,9.3,7.6,4.7,1,1,1,Creative,Web Developer
8.09,8.2,5.3,6.7,5.6,6.2,2.1,5.6,8.8,6.5,9.9,2.5,9.0,8.9,7.6,6.9,6.6,5.4,8.3,4.1,6.2,8.8,7.8,4.7,5.5,2,4,0,Technical,DevOps Engineer
7.83,5.1,2.5,3.0,4.0,9.7,3.7,3.1,4.4,1.2,1.5,9.2,7.0,4.6,4.8,10.0,9.4,2.3,9.2,4.1,4.1,3.4,4.5,9.1,7.3,4,0,0,Creative,UI/UX Developer
6.24,7.9,7.1,7.1,4.9,6.2,1.5,4.5,4.2,0.5,5.9,4.5,9.5,6.2,6.3,6.6,7.6,2.4,6.5,3.4,2.0,4.2,9.6,2.0,4.7,1,2,0,Managerial,Software Developer
7.75,8.3,4.2,6.2,6.6,5.0,7.8,7.3,5.9,3.5,5.7,5.3,9.6,10.0,8.8,8.0,5.7,8.9,3.1,8.3,5.2,8.9,8.6,2.9,6.2,2,1,1,Technical,Machine Learning Engineer
6.78,8.7,6.7,6.1,6.1,6.2,2.2,4.8,4.7,5.2,5.6,6.0,7.5,9.4,5.0,9.7,7.9,3.7,5.7,3.7,6.0,6.0,8.5,2.6,5.3,3,4,0,Technical,Software Developer
6.3,7.1,3.1,2.3,6.9,3.0,5.2,7.8,4.3,3.5,1.7,3.4,6.7,6.4,8.5,7.9,8.3,5.1,2.8,9.0,5.5,5.9,4.9,5.3,9.3,2,4,1,Managerial,Business Analyst
6.34,7.8,1.8,1.8,7.8,2.0,3.7,9.2,0.7,2.9,1.6,3.7,6.4,7.8,9.1,7.9,8.0,5.6,3.8,8.4,3.8,3.6,4.3,4.8,7.5,0,5,0,Analytical,Data Analyst
9.77,8.9,4.4,5.3,6.6,3.4,10.0,9.3,8.0,4.4,6.7,2.0,10.0,9.4,7.1,5.5,5.6,7.2,4.4,7.1,2.7,6.5,7.3,2.2,6.7,1,2,0,Technical,Machine Learning Engineer
8.65,9.0,8.6,5.8,6.6,5.3,3.3,2.7,4.8,3.4,4.4,3.4,7.9,8.8,4.3,3.9,6.6,3.8,6.2,3.2,4.0,5.1,8.2,5.1,4.2,2,1,0,Technical,Software Developer
7.55,9.6,5.1,6.0,5.4,5.1,10.0,8.7,6.0,3.1,7.3,2.9,8.8,8.4,7.8,6.4,5.3,10.0,1.9,9.7,2.9,6.4,8.1,2.7,4.2,2,2,1,Technical,Machine Learning Engineer
7.9,8.6,7.1,5.3,5.4,6.2,4.5,6.0,9.5,5.7,7.7,4.1,8.3,6.9,6.8,5.3,7.6,6.8,6.9,4.5,9.8,8.4,5.1,2.0,4.7,0,3,0,Technical,Cloud Engineer
8.65,7.4,8.1,6.9,6.5,6.3,2.4,2.8,6.4,4.7,4.4,4.2,6.4,6.3,8.2,6.8,6.9,4.3,9.5,5.0,2.9,3.2,10.0,4.9,4.6,1,2,1,Technical,Software Developer
6.96,9.5,9.8,6.5,6.7,5.3,3.7,4.6,5.9,4.4,8.2,2.9,6.1,8.1,5.3,4.9,5.9,3.0,4.9,4.6,3.4,4.8,10.0,3.2,3.7,3,3,0,Creative,Software Developer
6.84,4.5,1.2,0.8,8.9,2.9,5.5,8.0,3.6,3.9,2.6,5.2,7.3,7.3,8.0,8.7,7.6,4.7,3.1,8.7,1.8,4.4,5.1,4.0,7.8,1,2,1,Creative,Data Analyst
7.97,9.9,6.5,7.7,4.5,4.4,9.2,6.2,4.9,2.5,7.5,2.2,10.0,10.0,10.0,5.3,8.5,8.9,2.0,8.3,4.5,6.1,6.8,3.3,4.8,3,2,1,Technical,AI Engineer
7.3,4.4,1.6,1.1,5.4,10.0,1.8,2.4,3.0,1.2,4.4,10.0,7.1,6.9,4.2,9.7,8.4,2.4,10.0,6.2,2.2,3.4,7.5,9.2,7.7,2,1,1,Creative,UI/UX Developer
8.21,6.9,4.2,3.1,7.2,9.2,1.9,3.9,4.4,3.4,4.9,7.8,8.8,8.8,7.2,9.4,7.4,4.8,10.0,3.8,5.0,5.1,8.7,6.4,5.0,3,1,0,Creative,Web Developer
7.46,5.7,3.3,2.4,4.8,8.5,2.5,3.2,2.5,0.0,1.6,9.2,6.9,9.1,5.9,7.5,9.5,2.3,9.6,2.9,1.4,3.6,5.4,10.0,4.6,2,3,0,Managerial,UI/UX Developer
6.4,4.3,3.0,1.1,3.1,8.7,1.2,2.9,3.0,1.6,3.7,10.0,6.1,5.6,6.9,8.5,5.5,2.6,8.4,4.5,2.3,1.8,7.0,7.6,6.8,0,1,0,Creative,UI/UX Developer
7.7,6.3,3.1,1.3,8.9,0.9,5.8,7.3,3.7,1.2,3.3,4.8,8.3,8.7,8.3,8.0,8.0,7.2,3.9,9.2,3.4,4.4,2.9,4.8,6.4,1,2,1,Analytical,Data Analyst
8.62,6.5,5.8,2.8,5.8,7.1,2.2,5.1,4.4,5.2,4.1,7.6,7.8,8.9,4.8,7.2,9.2,2.5,10.0,2.1,3.8,5.1,7.3,8.9,5.2,1,2,0,Creative,Web Developer
8.8,9.2,3.8,5.0,6.1,6.3,2.6,4.7,9.8,7.4,6.7,3.0,8.1,8.1,6.7,5.4,10.0,6.6,7.1,3.6,7.6,7.9,8.5,5.3,5.0,1,2,0,Technical,DevOps Engineer
8.73,7.2,3.0,5.0,8.2,2.1,9.3,8.9,6.5,2.3,2.7,4.7,9.4,7.3,9.3,6.8,8.1,9.2,4.3,8.1,2.2,4.6,4.4,4.4,5.8,5,1,0,Analytical,Data Scientist
7.54,8.2,4.9,4.7,6.4,5.4,2.4,5.2,8.6,6.2,9.5,2.6,8.9,6.8,8.0,6.2,6.7,4.3,5.9,7.5,5.9,9.5,6.2,2.9,7.3,3,4,0,Technical,Cloud Engineer
7.15,5.7,2.3,1.8,6.6,4.8,5.5,8.2,4.9,2.7,2.7,5.5,9.6,8.9,5.7,9.2,9.1,3.5,4.0,7.8,2.7,5.2,3.6,5.4,10.0,3,4,0,Managerial,Business Analyst
7.42,5.1,0.8,2.9,2.4,7.6,1.4,2.2,2.4,0.8,1.8,10.0,5.9,7.0,4.7,7.9,8.5,3.3,6.1,5.4,1.4,4.4,4.6,8.2,6.8,4,2,0,Creative,UI/UX Developer
7.31,7.3,4.3,7.4,4.5,4.6,9.6,6.4,6.7,4.7,6.0,3.7,8.9,9.1,10.0,7.6,4.8,9.7,5.9,8.1,2.0,5.9,7.4,2.6,6.8,1,3,0,Technical,AI Engineer
8.44,7.9,4.8,5.8,8.2,6.0,3.4,3.7,9.5,5.5,9.3,1.8,7.2,8.4,6.6,7.7,7.7,6.6,6.6,6.3,6.3,8.7,6.3,2.9,5.4,0,2,0,Technical,Cloud Engineer
7.58,5.1,5.8,6.3,5.6,5.1,6.7,5.3,8.4,5.2,7.3,1.1,7.3,9.2,7.3,6.5,8.1,5.1,6.6,5.3,5.6,10.0,6.0,2.8,6.3,1,3,1,Technical,Cloud Engineer
6.33,7.0,4.3,3.6,7.1,4.4,8.8,9.7,5.1,3.0,5.7,2.6,8.4,7.5,10.0,10.0,7.2,9.0,2.9,8.8,3.1,3.5,5.7,2.9,6.6,1,3,1,Analytical,Data Scientist
6.99,7.2,7.1,5.1,7.6,5.4,2.2,4.2,5.6,3.6,5.0,4.8,7.6,8.8,5.2,5.1,7.7,2.6,6.3,3.8,3.6,4.1,10.0,5.9,4.3,0,1,1,Technical,Software Developer
9.55,3.4,1.1,1.2,7.7,2.2,2.0,9.5,3.8,3.4,4.2,7.5,6.6,7.3,6.5,9.8,8.0,3.9,4.4,8.4,4.1,4.9,3.6,6.3,9.6,3,0,1,Managerial,Business Analyst
6.76,6.0,6.5,5.2,6.4,5.6,4.1,4.1,9.4,5.4,8.4,2.8,8.3,7.6,8.0,8.4,8.9,2.7,6.4,6.8,6.6,9.8,6.8,5.4,6.3,3,2,0,Technical,Cloud Engineer
6.85,6.2,7.1,3.9,7.4,6.2,4.0,5.5,7.8,7.3,9.2,3.3,10.0,8.4,7.6,9.0,7.4,3.0,6.3,3.0,6.0,8.0,6.8,1.9,5.3,3,7,0,Technical,DevOps Engineer
8.29,7.1,3.6,2.1,8.5,3.3,6.9,8.5,6.3,2.9,3.4,5.6,4.5,7.2,6.8,10.0,7.1,5.0,2.9,8.1,1.4,4.9,1.7,5.3,7.0,2,3,0,Managerial,Data Analyst
8.43,3.1,1.3,2.1,2.7,9.2,1.3,2.5,3.9,1.7,1.6,9.5,6.4,7.4,4.8,9.1,8.8,2.7,8.7,3.9,1.9,3.0,7.0,9.7,6.5,1,1,0,Creative,UI/UX Developer
7.82,9.4,8.2,7.2,5.8,7.0,2.1,6.0,7.1,4.3,5.0,5.1,9.2,7.6,6.4,5.0,7.4,4.7,4.5,3.5,2.5,4.0,9.6,3.2,3.7,2,0,0,Technical,Software Developer
6.59,7.6,5.8,2.6,5.5,10.0,3.7,2.2,3.7,6.0,4.4,7.0,6.8,8.4,4.5,7.8,6.5,2.5,8.0,2.0,4.8,5.8,7.8,7.3,6.5,1,5,1,Creative,Web Developer
8.24,6.2,2.7,0.6,7.8,3.7,2.7,9.5,4.2,3.2,3.0,7.9,9.7,7.6,8.0,9.0,9.8,3.7,3.3,6.2,3.0,3.5,2.5,6.1,8.3,2,5,0,Technical,Business Analyst
7.85,5.9,4.5,2.2,6.0,9.1,3.1,4.1,6.1,4.9,4.5,10.0,9.4,6.9,6.3,6.7,7.1,3.7,10.0,2.3,6.6,5.7,6.6,8.7,4.4,3,1,0,Creative,Web Developer
7.55,7.1,5.9,3.5,5.1,6.5,2.1,3.8,7.3,8.7,9.5,3.2,7.9,6.9,6.7,7.0,10.0,2.6,6.9,2.7,7.7,9.6,8.3,2.5,4.9,2,3,1,Managerial,DevOps Engineer
7.45,2.8,2.7,0.9,3.5,10.0,0.6,3.6,3.7,0.9,3.5,10.0,6.2,7.8,6.0,9.5,9.9,3.3,10.0,4.0,2.1,2.8,6.3,9.8,6.2,2,2,1,Creative,UI/UX Developer
7.13,5.1,3.8,0.8,8.2,3.6,3.6,10.0,4.4,2.8,3.3,5.6,9.3,7.7,7.2,9.5,7.9,4.3,3.1,9.4,2.7,5.3,4.6,5.1,9.2,1,6,0,Managerial,Business Analyst
6.26,6.6,4.0,2.5,7.4,0.9,4.3,10.0,3.5,0.4,2.4,5.4,9.4,7.2,8.7,9.0,6.2,6.4,3.3,8.2,3.9,3.9,1.9,4.2,7.0,1,1,0,Analytical,Data Analyst
8.48,8.4,9.8,6.9,6.5,4.7,5.0,1.8,6.9,4.1,5.5,3.8,8.0,9.1,5.2,5.8,6.1,4.5,6.0,4.7,4.2,6.2,8.2,4.1,5.2,1,3,0,Technical,Software Developer
6.38,7.4,1.8,0.5,8.6,2.8,6.1,7.6,5.5,0.7,4.0,6.2,8.4,6.6,5.8,5.9,9.5,4.7,1.8,8.2,2.2,3.6,1.9,6.0,8.4,2,2,0,Analytical,Data Analyst
7.93,7.7,6.1,4.0,4.8,5.8,2.5,5.3,8.0,8.9,7.5,0.2,7.8,8.1,6.8,7.5,7.0,4.1,5.4,5.2,5.0,10.0,7.5,5.0,5.3,4,2,0,Technical,DevOps Engineer
8.8,8.5,1.9,4.6,7.8,2.3,8.6,8.1,4.3,2.8,5.6,4.2,8.5,9.0,9.3,7.2,7.2,8.6,0.6,9.6,3.0,5.6,5.0,3.6,6.0,2,2,1,Analytical,Data Scientist
6.91,7.8,7.3,6.3,5.7,6.6,2.8,5.2,9.2,5.2,9.0,2.3,8.4,7.2,6.4,6.8,7.9,4.3,4.8,4.9,7.4,10.0,6.9,3.3,6.2,0,4,0,Technical,DevOps Engineer
6.47,9.7,5.9,5.5,8.2,3.8,7.9,7.4,5.2,2.8,4.4,2.9,9.6,7.5,8.5,5.6,7.7,7.0,4.8,6.5,3.3,5.7,7.1,1.3,6.8,2,3,0,Technical,Machine Learning Engineer
8.27,7.9,4.0,3.9,7.8,3.2,7.4,9.6,6.4,3.0,5.4,4.7,7.3,8.1,10.0,7.1,6.2,9.3,2.7,9.6,3.0,4.1,4.2,2.1,5.8,3,3,0,Creative,Data Scientist
7.6,8.1,5.9,5.9,7.0,5.5,3.8,4.5,9.8,7.4,8.6,5.5,8.7,8.0,7.5,7.5,7.2,4.3,8.8,3.1,5.6,10.0,5.7,1.9,5.0,3,2,1,Technical,DevOps Engineer
7.92,2.9,2.3,0.6,3.9,8.1,1.6,2.2,3.6,4.0,0.7,8.5,7.1,7.6,5.0,10.0,7.5,3.5,8.8,5.4,1.8,1.8,5.0,9.8,6.0,1,2,1,Creative,UI/UX Developer
6.9,7.8,2.3,4.5,5.9,8.5,2.7,5.1,4.6,3.3,7.4,8.5,8.8,10.0,6.5,8.1,8.3,5.5,9.1,2.7,4.9,5.0,8.0,7.1,3.1,2,3,1,Creative,Web Developer
8.62,6.3,5.1,3.7,6.1,10.0,2.5,2.1,4.5,2.3,4.5,8.9,8.1,9.8,6.2,8.9,6.6,2.7,9.9,4.5,4.9,3.7,9.7,5.6,6.8,0,0,0,Managerial,Web Developer
7.69,8.6,5.3,4.0,7.0,3.8,10.0,8.3,8.2,2.6,5.7,4.8,8.7,8.1,8.5,6.7,8.4,8.6,4.8,10.0,4.7,8.5,7.5,3.7,4.1,3,3,1,Analytical,Machine Learning Engineer
6.88,8.5,6.5,3.9,4.4,7.3,3.4,3.2,7.0,6.3,10.0,2.4,8.9,7.4,6.4,6.6,7.2,2.7,4.9,5.4,7.4,7.4,9.4,3.8,3.4,2,1,0,Technical,DevOps Engineer
7.86,4.7,4.6,3.6,6.8,7.8,3.2,3.2,4.1,4.4,3.8,7.6,8.9,9.0,6.5,7.6,5.7,3.7,9.5,4.4,3.0,5.6,8.7,8.1,6.0,1,1,1,Creative,Web Developer
6.81,7.9,6.1,8.1,4.6,3.6,9.6,8.5,7.4,1.7,5.2,2.4,9.8,8.5,9.6,7.2,5.7,10.0,5.3,9.0,4.2,6.9,6.8,4.9,6.8,1,3,0,Technical,AI Engineer
8.39,7.1,3.7,3.5,7.8,5.3,4.7,4.7,6.9,7.8,8.0,3.1,6.5,8.6,7.6,8.3,7.7,6.5,5.5,3.5,7.8,9.9,3.3,4.7,5.0,3,3,0,Technical,Cloud Engineer
7.95,8.4,3.6,3.6,9.2,3.7,7.4,8.6,6.2,4.1,4.6,4.9,9.1,6.3,8.8,7.4,9.2,9.3,2.7,8.2,2.6,4.1,7.4,4.0,7.9,1,5,1,Analytical,Data Scientist
6.99,6.3,3.4,2.4,7.6,1.7,4.8,8.8,6.4,2.0,5.0,3.7,6.3,6.3,8.8,9.9,6.6,4.5,1.7,7.5,2.8,4.2,4.0,3.5,9.8,1,6,0,Analytical,Data Analyst
7.51,9.0,6.7,5.0,7.6,5.8,8.3,7.4,8.0,2.3,7.4,3.4,10.0,8.9,10.0,6.1,5.4,7.8,2.8,9.2,2.7,6.5,7.6,2.1,5.2,0,5,1,Technical,Machine Learning Engineer
7.67,7.7,8.8,4.7,7.1,5.8,3.1,4.6,9.0,5.5,8.9,1.0,8.0,7.7,5.4,7.7,6.4,4.1,6.8,2.9,7.7,9.5,6.2,1.5,5.6,2,2,1,Technical,Cloud Engineer
8.26,8.3,6.0,6.6,6.9,5.2,8.9,6.5,6.5,3.7,4.8,3.1,7.4,9.7,9.4,7.3,6.6,9.2,3.1,8.6,2.5,7.1,6.8,5.4,5.6,0,2,1,Technical,AI Engineer
9.14,8.4,7.0,6.8,5.9,5.1,0.2,6.7,8.2,10.0,5.1,2.5,9.9,6.9,7.2,6.5,4.6,5.1,5.2,5.1,8.3,7.8,6.4,3.0,6.0,1,5,1,Technical,Cybersecurity Analyst
8.7,10.0,4.3,4.0,8.2,2.0,8.3,10.0,7.8,3.1,3.4,5.1,8.5,9.5,8.2,7.8,6.6,8.5,2.4,8.8,3.3,5.8,4.8,5.6,5.6,1,4,0,Analytical,Data Scientist
7.17,6.3,4.7,2.1,8.2,6.5,2.9,1.8,6.0,3.7,5.8,7.1,9.0,5.9,7.0,6.8,8.4,4.5,8.0,4.6,4.4,5.1,8.4,8.1,5.9,4,3,0,Creative,Web Developer
8.95,10.0,4.5,6.7,6.8,5.3,8.8,8.9,4.5,1.3,8.0,3.6,10.0,7.4,8.8,5.0,8.1,9.6,4.0,9.6,3.5,6.5,6.0,4.6,5.2,2,4,1,Technical,Machine Learning Engineer
7.85,8.6,4.6,8.2,7.6,3.5,8.1,9.5,6.5,2.2,6.0,1.1,6.1,10.0,7.5,5.2,6.4,9.1,3.3,7.5,3.5,6.2,9.4,2.6,5.0,1,1,1,Technical,Machine Learning Engineer
8.2,7.3,8.7,9.2,6.2,5.7,4.7,4.8,4.5,4.6,4.5,3.5,8.3,6.4,5.1,5.9,5.9,4.3,5.0,2.4,5.6,4.8,9.1,2.4,3.4,1,0,1,Analytical,Software Developer
9.49,8.4,4.1,7.5,6.4,5.6,9.0,8.6,6.3,4.2,6.8,3.1,8.9,10.0,10.0,5.7,7.3,7.3,4.5,7.1,3.8,7.6,7.8,2.6,3.5,0,2,1,Technical,AI Engineer
8.26,10.0,7.1,4.7,7.3,5.0,9.5,7.8,7.3,4.4,7.0,4.4,9.0,8.8,9.0,6.5,9.0,8.1,4.8,8.8,3.4,7.3,8.9,3.1,6.4,1,3,1,Technical,AI Engineer
6.7,5.2,4.1,0.1,6.2,2.9,3.3,9.0,2.7,2.6,2.2,6.6,8.3,9.1,7.7,10.0,8.5,6.1,1.6,9.5,1.9,5.7,5.1,5.4,9.1,1,2,0,Managerial,Business Analyst
7.87,8.3,1.9,2.8,7.9,3.8,4.1,7.4,3.4,2.6,2.5,3.8,6.6,6.6,6.6,8.6,7.1,4.7,2.8,10.0,2.7,3.4,3.7,5.7,7.2,3,1,1,Analytical,Data Analyst
8.15,8.5,4.6,10.0,5.6,4.3,8.4,7.6,7.3,5.3,5.4,3.2,9.3,7.0,10.0,3.4,7.8,10.0,4.7,8.8,4.1,6.1,8.4,2.0,3.7,3,4,0,Technical,AI Engineer
6.15,4.1,2.8,2.3,3.7,10.0,3.4,5.4,3.1,1.9,3.5,10.0,6.8,7.1,5.1,9.3,8.6,3.0,7.9,3.0,0.5,2.1,7.5,10.0,7.2,1,6,1,Creative,UI/UX Developer
7.02,5.1,3.9,2.4,7.9,9.2,1.5,3.1,2.4,6.2,5.0,8.6,8.4,8.0,3.4,6.9,8.4,4.1,10.0,3.5,6.0,3.8,8.6,6.9,6.0,1,4,1,Technical,Web Developer
7.77,7.7,6.0,6.6,5.8,5.1,3.2,3.8,4.4,4.5,6.9,5.8,5.9,9.1,6.8,6.7,6.6,4.1,6.2,3.4,3.0,4.5,9.3,4.7,4.9,1,3,0,Technical,Software Developer
7.6,7.3,4.5,1.6,7.3,3.5,4.7,10.0,4.5,1.0,1.9,5.9,8.4,7.4,7.7,8.5,7.9,3.3,4.3,10.0,4.0,5.8,5.6,4.7,8.3,2,4,1,Analytical,Data Analyst
7.97,10.0,5.3,5.5,6.0,5.5,9.9,5.0,7.2,5.0,6.6,4.2,10.0,9.0,9.3,6.0,6.3,9.1,4.9,7.2,5.4,5.8,8.2,4.1,5.3,1,1,1,Technical,AI Engineer
6.86,7.0,3.0,3.8,7.6,4.1,6.4,7.9,7.0,4.5,5.8,4.4,7.8,8.7,10.0,6.9,9.0,5.8,3.6,9.7,3.4,5.5,5.6,4.6,6.6,1,4,0,Analytical,Data Scientist
9.52,8.7,7.4,5.6,6.6,7.1,2.5,5.3,5.6,9.3,8.1,3.5,8.4,8.8,3.6,6.7,6.5,4.2,4.3,5.2,9.3,6.5,6.2,2.9,4.2,2,0,1,Technical,Cybersecurity Analyst
8.29,8.6,5.0,6.8,7.9,3.8,6.2,7.1,5.0,5.1,7.2,3.1,8.8,7.4,8.3,7.5,7.9,10.0,2.5,7.7,3.9,5.2,8.3,1.5,3.8,1,1,1,Technical,Machine Learning Engineer
7.04,9.5,4.1,4.3,8.4,1.9,8.3,8.8,6.0,2.0,2.6,3.7,10.0,7.6,10.0,9.2,7.1,7.8,3.6,9.2,2.1,4.3,5.5,5.0,6.6,2,1,0,Analytical,Data Scientist
7.19,9.4,7.2,6.5,6.3,6.2,2.2,5.1,5.4,3.1,4.4,2.3,6.6,8.9,6.1,8.5,7.1,2.5,4.7,5.2,3.9,6.1,8.6,3.4,5.2,1,5,1,Technical,Software Developer
8.07,8.0,9.5,6.6,6.7,5.8,1.0,4.3,6.4,5.5,7.0,2.0,9.8,8.7,8.8,6.1,6.4,2.7,6.9,4.6,2.8,2.6,9.5,4.6,2.9,2,6,1,Technical,Software Developer
7.12,7.5,6.2,5.0,7.2,6.7,2.2,3.8,8.3,7.0,9.0,2.8,8.3,7.3,6.4,7.1,9.2,4.0,7.2,4.4,8.1,8.8,7.1,3.3,4.6,2,0,1,Technical,DevOps Engineer
7.93,6.5,5.8,6.2,6.9,6.0,1.8,3.3,9.3,5.6,10.0,2.5,9.8,7.6,5.7,9.0,6.9,3.9,6.2,2.4,6.1,9.3,5.7,2.3,4.7,2,2,0,Technical,DevOps Engineer
8.11,8.2,4.2,4.9,5.4,5.6,9.1,8.8,5.5,1.4,5.8,0.9,8.2,10.0,8.4,8.1,7.6,10.0,3.7,7.0,2.4,7.8,7.7,1.5,5.7,2,3,1,Technical,Machine Learning Engineer
7.06,8.0,4.6,8.3,5.1,3.6,9.0,8.1,8.6,4.8,6.1,3.4,8.8,7.7,9.4,6.5,7.1,8.4,3.9,7.0,4.6,6.7,7.7,3.0,5.7,3,2,1,Technical,AI Engineer
8.37,7.2,6.9,5.0,7.3,4.5,3.7,3.8,8.8,4.1,9.8,1.1,7.4,7.7,7.9,5.9,6.5,5.5,5.4,3.6,5.7,10.0,7.1,3.6,6.5,2,4,1,Technical,Cloud Engineer
6.09,7.4,1.3,2.2,8.6,2.4,3.4,8.4,3.6,1.9,3.1,5.6,7.7,8.9,7.5,9.0,7.2,8.0,3.5,10.0,1.2,3.5,3.7,7.7,7.8,2,3,1,Analytical,Data Analyst
7.9,6.9,7.5,3.7,6.2,7.3,3.9,4.0,7.8,5.9,7.0,2.2,7.6,7.4,4.6,6.9,6.9,3.9,6.0,4.4,6.8,9.4,6.3,2.6,4.5,5,2,1,Technical,Cloud Engineer
7.48,9.4,8.6,6.9,5.7,6.0,1.8,3.0,4.5,4.3,7.0,3.5,8.5,6.7,8.2,4.6,7.9,3.9,5.9,3.7,2.6,3.6,9.9,4.0,3.7,3,4,0,Technical,Software Developer
8.32,9.5,5.6,5.8,6.2,2.4,10.0,6.6,7.0,2.4,5.1,3.2,8.9,9.1,9.8,8.1,7.7,9.6,3.3,7.7,4.0,7.4,6.6,3.3,6.0,0,1,1,Technical,AI Engineer
8.21,7.0,4.5,4.8,6.5,6.3,3.6,4.3,7.9,4.6,10.0,2.0,7.8,9.0,7.1,9.6,8.7,4.9,4.7,4.0,7.4,7.2,5.9,3.1,3.9,0,1,1,Creative,DevOps Engineer
8.0,3.1,2.0,3.4,4.1,7.2,4.2,3.8,5.1,1.3,2.8,10.0,8.0,8.1,2.3,7.7,8.7,4.3,8.1,3.1,2.2,2.0,4.8,9.7,6.5,1,6,1,Creative,UI/UX Developer
8.11,7.2,8.0,4.1,7.7,8.5,4.7,3.5,8.2,5.4,8.6,2.1,8.2,6.0,8.6,6.7,8.2,4.0,5.1,6.4,6.5,8.3,7.0,3.9,5.4,4,1,1,Analytical,Cloud Engineer
7.25,6.2,2.7,2.3,7.7,3.8,3.8,8.2,2.4,2.2,4.8,7.0,6.9,6.5,5.6,7.2,9.6,5.0,5.0,8.1,5.1,5.8,4.1,6.8,10.0,3,4,1,Managerial,Business Analyst
8.25,3.2,2.3,2.8,7.2,3.2,4.3,6.4,4.5,3.6,4.2,3.8,6.6,7.2,7.4,8.0,9.3,4.3,5.3,9.0,4.7,5.9,3.7,6.8,8.6,3,8,0,Managerial,Business Analyst
7.85,8.5,4.3,5.2,6.3,2.8,9.8,10.0,4.3,2.3,2.6,1.8,8.8,9.2,8.7,7.2,6.9,7.9,3.0,10.0,2.1,4.7,4.9,3.4,7.1,1,1,1,Analytical,Data Scientist
8.09,7.1,4.2,1.4,8.3,3.9,4.2,9.0,3.6,1.8,3.7,7.0,6.2,6.1,7.3,8.1,7.3,4.4,1.6,8.8,2.9,4.1,4.7,3.7,9.6,1,0,0,Analytical,Data Analyst
8.15,4.9,5.1,1.3,8.3,2.4,5.6,9.8,3.9,3.0,4.4,6.5,7.0,8.3,5.6,9.5,10.0,5.9,2.9,8.0,3.2,3.5,4.4,5.4,7.9,4,3,0,Managerial,Business Analyst
8.93,8.2,4.2,7.7,7.6,5.1,9.6,6.3,7.6,3.6,6.2,4.1,7.7,9.2,9.3,8.1,6.4,9.4,4.2,7.4,3.4,6.4,7.4,5.4,4.9,3,2,0,Technical,AI Engineer
6.96,8.7,5.4,4.3,7.1,3.0,9.2,6.7,4.0,3.0,5.0,5.4,8.3,9.7,9.1,5.8,7.0,7.8,4.0,9.0,1.6,3.4,5.0,1.3,6.4,0,4,1,Technical,Data Scientist
7.91,8.6,3.4,2.7,9.3,2.3,6.0,8.3,5.5,2.5,1.0,4.2,6.0,8.8,7.5,5.5,7.9,4.4,1.4,10.0,2.1,3.7,3.6,3.3,6.6,2,2,1,Analytical,Data Analyst
6.96,9.4,3.0,3.3,9.6,4.1,7.0,8.5,5.3,2.6,3.6,5.4,10.0,8.5,9.2,6.0,8.9,7.8,2.5,9.9,3.3,5.6,5.7,4.0,8.0,2,4,1,Analytical,Data Scientist
7.77,7.1,3.2,3.1,8.7,4.3,6.0,8.3,2.4,2.8,3.4,3.8,7.3,6.8,7.7,9.1,8.7,5.9,2.7,10.0,2.0,3.6,2.5,4.6,8.5,1,1,0,Technical,Data Analyst
9.3,4.5,0.8,4.6,3.4,9.1,3.5,3.1,2.8,2.8,5.0,9.2,6.8,6.7,4.4,6.7,6.7,3.0,10.0,3.6,0.6,2.3,7.0,10.0,6.6,3,0,1,Creative,UI/UX Developer
7.61,6.1,4.8,6.9,6.4,4.4,5.4,3.7,7.6,9.6,4.5,2.8,6.7,8.4,7.0,7.1,7.6,3.5,3.3,4.8,8.0,5.8,5.6,2.3,4.7,3,4,1,Technical,Cybersecurity Analyst
7.64,4.3,3.2,1.1,6.2,10.0,2.9,3.7,4.9,3.2,5.9,8.1,8.6,7.0,5.7,6.1,7.1,3.2,10.0,4.0,5.3,2.5,7.7,10.0,5.6,3,1,1,Creative,Web Developer
8.09,5.6,1.2,2.8,8.3,2.3,4.0,8.5,6.2,2.3,3.2,4.2,8.9,6.2,8.1,8.6,8.6,2.8,4.2,9.9,1.2,1.6,3.6,5.2,6.3,0,1,0,Analytical,Data Analyst
8.74,8.4,4.9,2.4,8.1,10.0,2.1,3.0,5.0,5.0,6.1,7.3,8.5,7.4,8.3,6.4,8.8,3.8,9.3,3.2,3.3,4.1,6.9,7.9,5.1,2,2,1,Creative,Web Developer
7.03,6.8,7.1,4.2,6.8,2.9,3.6,6.1,9.3,6.6,8.3,4.7,9.5,6.9,7.8,8.5,5.6,4.5,6.6,1.9,5.8,8.7,5.8,4.1,5.4,2,2,0,Technical,Cloud Engineer
7.65,7.5,7.1,3.4,6.2,4.6,4.9,4.6,7.1,8.7,5.3,3.4,8.5,8.8,5.6,7.7,5.8,6.4,4.7,4.5,10.0,6.4,6.8,2.2,5.8,4,4,1,Technical,Cybersecurity Analyst
8.13,10.0,6.4,6.0,6.5,3.2,9.5,9.6,7.8,3.0,7.9,4.3,8.8,9.0,10.0,7.7,8.3,10.0,4.6,8.9,5.0,8.7,6.8,2.8,3.9,3,2,1,Technical,Machine Learning Engineer
7.38,10.0,5.0,7.2,8.4,4.8,9.0,9.6,7.4,3.8,6.0,2.4,8.6,9.5,9.4,4.9,4.9,8.5,3.6,9.8,3.2,6.8,8.0,1.9,6.6,4,2,0,Technical,Machine Learning Engineer
8.44,8.7,8.0,5.9,6.4,7.6,4.7,4.2,3.9,5.9,5.9,3.0,8.4,8.8,6.3,6.9,8.2,3.7,7.3,2.1,6.4,5.1,10.0,4.2,3.1,2,5,0,Technical,Software Developer
7.79,6.1,2.3,4.5,7.6,2.1,3.4,9.6,4.2,3.2,3.7,3.5,7.1,9.0,7.3,9.3,7.3,3.9,2.7,8.4,1.4,4.2,4.6,3.3,8.0,1,1,0,Analytical,Data Analyst
7.71,7.2,6.6,2.7,6.9,6.4,1.7,3.3,7.7,7.1,10.0,2.9,9.4,7.6,6.5,6.5,7.8,2.8,4.6,4.3,6.2,8.0,6.8,4.1,2.6,3,3,1,Technical,DevOps Engineer
8.19,7.3,3.5,1.1,5.9,9.6,2.5,4.6,5.0,5.8,3.3,4.8,9.0,7.1,6.2,7.6,8.4,3.5,8.5,2.4,4.7,5.8,7.7,7.3,5.6,3,4,1,Creative,Web Developer
8.89,8.1,3.3,5.7,5.2,5.1,3.6,4.8,8.6,6.7,10.0,4.4,8.6,9.6,7.3,9.9,7.0,5.8,6.3,6.7,6.4,9.2,7.2,2.8,3.6,1,0,0,Technical,DevOps Engineer
7.64,4.1,1.5,1.2,5.6,8.2,2.8,3.1,2.7,3.1,2.4,10.0,7.2,6.6,3.7,9.4,7.8,3.2,7.9,1.6,2.0,0.7,6.2,10.0,6.4,1,4,1,Creative,UI/UX Developer
6.19,7.4,4.0,2.5,6.2,10.0,2.7,2.8,5.9,2.7,4.1,7.2,7.6,8.4,5.8,7.8,8.8,5.7,9.5,5.4,4.1,4.7,7.4,6.6,4.5,2,1,0,Creative,Web Developer
8.7,7.2,6.6,5.6,7.5,4.6,3.9,4.9,9.3,8.0,10.0,0.7,9.6,7.8,6.3,6.8,9.1,4.8,6.8,4.7,5.4,9.3,7.1,3.2,5.5,2,4,0,Technical,DevOps Engineer
6.45,6.5,5.0,1.2,9.7,3.8,3.1,9.2,5.7,1.5,2.2,5.4,7.8,5.9,7.3,7.5,7.4,2.4,3.4,7.7,2.8,5.2,1.8,6.4,7.9,2,1,0,Creative,Data Analyst
8.48,6.2,6.0,7.7,5.9,5.2,3.8,7.2,8.0,8.4,5.7,2.4,7.7,7.6,8.1,4.5,7.0,5.4,6.7,6.1,7.9,7.2,8.2,1.5,4.3,4,3,0,Technical,Cybersecurity Analyst
9.21,7.4,4.9,2.0,6.8,8.8,1.6,0.3,5.0,2.9,5.2,6.1,6.0,7.4,7.0,7.7,8.7,2.9,9.6,2.5,5.3,6.3,7.4,9.7,4.8,1,2,1,Creative,Web Developer
8.62,10.0,3.6,5.3,9.2,4.3,9.7,9.3,5.9,4.4,7.2,1.6,10.0,10.0,7.1,6.7,6.7,10.0,2.4,10.0,3.3,7.3,9.0,2.8,4.9,2,2,0,Technical,Machine Learning Engineer
8.67,8.4,5.4,6.5,6.0,3.6,10.0,7.2,6.5,3.2,6.8,4.2,8.6,9.5,5.8,6.1,8.3,9.2,2.8,9.9,2.2,5.7,6.5,2.7,6.5,3,1,0,Technical,AI Engineer
7.25,5.5,3.0,3.7,6.0,8.3,1.6,2.7,5.2,4.1,7.8,7.2,7.4,9.5,6.2,7.4,7.9,4.2,10.0,5.0,5.1,5.5,8.2,10.0,4.5,5,3,1,Creative,Web Developer
7.18,6.3,2.4,1.0,4.9,8.7,2.6,3.8,2.6,3.2,4.2,10.0,7.8,7.2,6.5,9.1,7.4,3.4,7.8,3.9,2.0,3.2,4.0,9.8,7.1,2,3,0,Creative,UI/UX Developer
9.34,9.9,4.3,7.6,5.9,3.3,8.7,8.4,6.4,3.7,5.3,5.0,8.8,8.6,8.7,7.4,7.1,10.0,3.6,10.0,3.2,7.1,8.0,3.5,5.0,3,6,1,Technical,AI Engineer
8.81,9.1,6.0,4.8,4.1,5.2,4.5,4.8,9.1,7.2,9.2,2.5,7.6,8.0,6.7,6.2,8.0,4.1,6.3,2.2,5.3,8.3,4.7,4.1,6.4,3,3,0,Technical,DevOps Engineer
8.46,7.5,2.8,1.8,8.1,4.1,4.7,8.8,2.9,2.6,3.6,4.4,7.5,7.4,6.2,8.1,5.7,3.6,2.4,8.8,2.5,4.3,5.5,5.1,8.2,1,6,0,Analytical,Data Analyst
8.55,7.9,4.7,7.2,7.1,3.8,5.2,5.4,4.3,8.7,7.1,1.7,9.6,9.8,6.2,5.8,7.7,5.0,5.6,4.8,10.0,7.5,5.5,3.3,5.2,2,3,1,Technical,Cybersecurity Analyst
7.48,5.7,2.3,1.7,8.6,3.9,3.1,7.8,4.8,2.9,1.0,5.3,7.2,9.9,6.2,9.4,8.1,4.4,4.6,8.9,4.3,4.1,4.4,4.4,10.0,1,3,1,Managerial,Business Analyst
7.86,6.2,7.8,9.7,6.0,5.9,2.8,4.2,5.5,4.3,5.3,3.8,8.1,8.3,5.0,9.4,7.8,2.9,6.3,2.5,3.5,3.4,8.9,2.3,4.4,1,3,0,Technical,Software Developer
9.9,8.4,4.6,2.8,6.6,9.2,4.6,3.7,4.7,4.0,5.5,7.0,7.2,7.3,4.9,8.1,6.9,3.9,9.1,4.5,3.7,5.6,6.2,9.3,5.6,2,2,1,Creative,Web Developer
7.24,7.5,4.0,2.0,7.7,9.1,1.7,3.1,4.9,2.3,6.0,6.5,7.0,8.1,7.1,9.5,7.7,5.1,8.9,4.1,3.4,3.2,9.1,7.2,5.3,1,3,1,Creative,Web Developer
8.26,9.4,3.3,5.4,8.0,4.8,8.0,8.8,8.3,5.1,8.3,3.6,8.8,8.6,8.5,5.5,6.6,10.0,2.2,6.8,4.4,6.1,5.4,2.9,4.8,0,0,1,Technical,Machine Learning Engineer
6.99,4.1,3.5,3.9,3.1,7.5,2.7,3.2,2.9,1.7,3.3,10.0,6.5,6.2,6.1,8.3,10.0,2.3,8.0,2.0,2.8,3.5,6.1,9.1,7.4,1,6,1,Creative,UI/UX Developer
7.32,7.5,6.6,3.0,6.3,5.5,2.8,4.1,8.6,6.1,9.6,1.5,6.5,10.0,8.7,8.3,6.3,3.4,5.1,5.1,7.0,8.1,6.1,2.6,5.1,3,1,0,Technical,Cloud Engineer
7.28,10.0,4.5,4.0,6.8,5.1,8.6,8.5,6.1,3.0,5.6,5.1,7.9,8.6,8.4,9.6,6.2,8.4,3.4,9.6,3.7,5.9,5.8,3.5,6.4,1,4,0,Creative,Data Scientist
8.44,5.0,4.6,4.2,5.8,8.5,1.0,4.4,5.2,5.3,5.9,7.2,8.0,8.5,6.8,9.1,6.8,1.9,8.3,4.0,4.5,4.4,7.7,7.1,4.9,4,3,1,Creative,Web Developer
7.57,8.1,5.3,2.1,7.4,1.3,8.6,8.0,4.7,3.3,4.7,5.3,10.0,7.9,8.3,7.5,7.1,10.0,3.6,8.0,1.9,5.7,4.8,5.6,7.6,1,8,0,Analytical,Data Scientist
8.49,2.6,3.2,0.8,7.2,4.7,2.5,5.9,3.7,2.3,2.7,4.3,8.7,7.5,6.6,6.7,7.6,4.0,5.1,7.9,3.7,5.4,4.0,5.7,8.5,1,2,0,Managerial,Business Analyst
9.4,6.9,5.7,8.2,5.7,3.4,8.6,5.7,8.6,7.0,5.6,2.8,7.6,7.8,8.4,8.3,10.0,8.7,3.0,6.7,4.5,7.4,7.6,3.0,6.5,2,3,1,Technical,AI Engineer
7.57,8.0,6.5,4.6,7.6,6.2,5.3,4.2,9.9,7.6,7.5,3.6,9.3,8.5,5.1,7.9,8.4,2.7,6.3,5.8,7.7,9.3,6.8,0.9,6.6,1,4,0,Technical,Cloud Engineer
7.29,6.0,6.2,4.2,7.1,8.0,0.0,2.5,7.4,2.0,4.0,7.6,8.9,6.6,6.5,6.6,6.7,3.3,9.5,2.1,5.2,6.6,7.2,8.9,3.3,4,6,1,Creative,Web Developer
8.57,9.1,5.8,7.4,6.5,4.2,8.5,8.0,6.0,5.2,4.9,3.1,8.5,9.6,10.0,7.3,8.7,8.7,3.7,6.5,2.8,8.0,7.3,3.0,4.0,2,1,1,Technical,AI Engineer
7.47,5.0,1.3,2.1,7.2,4.6,2.7,8.9,4.0,3.3,3.7,6.3,7.1,6.3,5.9,9.5,10.0,5.1,1.7,9.0,4.0,4.8,4.6,5.6,9.0,1,2,1,Managerial,Business Analyst
8.27,7.9,9.1,7.9,6.0,5.7,1.8,6.2,6.0,1.2,6.5,2.4,8.6,6.1,6.5,8.0,8.5,4.3,6.9,2.4,4.6,5.9,10.0,3.3,4.0,4,2,0,Technical,Software Developer
7.78,5.5,2.8,1.5,2.8,7.9,3.6,2.3,3.6,0.9,3.5,9.8,8.2,6.2,4.9,7.3,9.1,4.1,7.4,0.2,0.7,0.4,4.4,8.1,6.6,1,3,1,Creative,UI/UX Developer
8.16,7.7,2.5,1.6,9.6,4.1,3.7,9.3,5.0,1.8,3.7,4.6,7.6,6.5,9.4,7.5,6.6,3.9,3.1,8.4,1.2,4.9,4.5,3.5,8.8,3,6,1,Analytical,Data Analyst
6.89,9.0,9.1,7.8,6.7,4.7,1.3,4.2,4.1,4.0,4.4,2.0,8.4,8.0,7.1,5.5,6.6,5.7,6.1,4.6,2.6,7.6,10.0,5.5,4.9,2,3,0,Creative,Software Developer
7.81,8.1,3.8,6.8,5.6,4.9,5.0,5.7,7.9,7.6,4.9,4.2,10.0,8.5,7.0,8.3,7.6,5.2,4.0,6.3,9.3,5.0,5.1,1.8,6.6,1,5,1,Technical,Cybersecurity Analyst
7.28,7.4,4.8,6.7,7.0,6.3,2.4,3.3,9.9,5.7,9.5,3.7,7.7,8.6,8.7,9.7,8.0,4.2,7.7,4.5,6.6,7.2,7.2,4.3,4.6,3,1,1,Technical,DevOps Engineer
8.71,3.4,3.6,3.1,5.1,4.4,5.7,7.6,4.0,1.6,3.7,6.3,7.8,7.0,7.0,8.6,8.6,3.5,1.9,10.0,1.8,3.7,4.9,7.3,8.7,3,3,0,Managerial,Business Analyst
7.33,8.1,7.2,6.9,7.4,5.3,4.2,2.7,10.0,6.3,7.3,2.1,7.6,6.4,6.2,6.7,6.8,4.3,6.1,4.1,7.0,8.9,5.8,4.2,6.1,4,2,0,Analytical,Cloud Engineer
7.52,8.6,3.4,8.1,6.9,3.5,8.0,8.5,5.1,4.6,5.7,4.1,10.0,8.0,7.7,8.6,6.9,9.9,5.0,6.9,5.0,7.7,9.1,5.1,5.1,2,1,0,Technical,AI Engineer
8.41,7.8,6.6,2.7,7.7,8.8,1.8,6.1,4.0,3.7,6.3,5.4,6.4,7.3,5.6,8.3,8.0,3.6,8.7,3.1,3.3,6.2,8.4,9.2,2.8,0,2,0,Creative,Web Developer
9.45,4.0,2.7,2.0,7.0,3.6,3.5,8.6,5.0,3.6,3.2,4.9,7.3,9.0,7.5,8.6,10.0,3.8,2.6,9.1,4.5,4.0,4.8,7.0,9.7,0,1,1,Managerial,Business Analyst
8.09,7.2,3.2,9.7,5.7,5.3,10.0,7.0,7.5,4.3,6.4,4.0,7.7,7.4,9.0,8.5,8.0,7.9,4.6,8.3,4.2,7.1,7.8,3.5,4.3,1,6,1,Managerial,AI Engineer
8.21,9.7,6.6,7.8,8.8,4.0,8.3,7.9,6.8,2.5,5.7,2.5,7.8,8.4,9.3,7.4,5.5,9.8,3.9,9.7,3.2,5.1,7.0,1.7,2.5,3,5,0,Technical,Machine Learning Engineer
6.19,10.0,3.6,5.8,7.4,4.6,10.0,8.3,6.5,3.7,8.2,5.7,8.8,9.6,8.4,6.4,9.1,8.5,1.4,8.8,4.8,6.7,8.1,3.8,5.1,0,2,1,Managerial,Machine Learning Engineer
8.16,6.4,8.1,8.0,6.1,6.2,1.9,3.8,5.7,4.2,4.4,4.2,8.8,6.2,8.3,6.1,7.5,5.3,4.5,3.2,3.7,4.1,10.0,3.1,3.4,1,2,0,Technical,Software Developer
8.03,7.4,3.0,4.7,9.0,3.1,8.0,7.6,6.5,3.0,4.4,4.4,8.2,7.2,7.9,8.7,6.2,8.0,1.8,7.7,2.2,6.9,5.7,3.4,8.2,2,5,1,Analytical,Data Scientist
7.96,9.1,4.2,3.0,6.9,1.8,6.3,6.8,6.8,3.8,4.6,3.8,8.5,8.2,7.3,8.2,7.9,7.2,1.7,9.4,3.4,5.8,6.6,2.8,6.9,1,1,1,Analytical,Data Scientist
8.07,7.5,2.6,3.8,6.7,3.3,7.6,7.1,4.1,4.3,4.8,2.6,7.6,10.0,9.0,7.1,7.1,8.8,3.0,8.1,0.8,5.0,3.0,3.5,6.3,1,3,1,Creative,Data Scientist
7.21,5.5,6.3,4.1,7.8,7.0,4.7,3.4,5.2,4.5,5.2,7.3,7.7,8.7,6.9,8.8,6.8,3.4,10.0,1.8,4.2,4.1,8.6,7.1,4.6,1,2,1,Creative,Web Developer
7.33,9.0,9.4,8.5,4.3,7.1,2.9,1.2,6.4,5.6,2.9,4.2,9.5,9.9,7.9,3.6,7.8,3.8,7.1,4.3,4.0,5.7,8.8,4.0,3.4,1,1,0,Technical,Software Developer
7.69,8.1,7.4,5.2,4.6,5.2,3.2,5.1,9.8,6.2,8.4,2.1,9.1,6.9,6.1,8.3,8.0,3.7,6.2,5.2,8.5,10.0,7.3,2.0,4.6,2,2,1,Technical,Cloud Engineer
9.02,8.6,3.0,5.3,9.1,3.0,8.4,10.0,4.3,3.7,3.4,6.0,8.6,9.9,8.2,6.1,6.7,8.8,2.4,9.8,2.8,2.7,5.6,3.0,6.6,3,1,0,Analytical,Data Scientist
7.54,6.3,5.1,3.2,5.7,5.4,3.8,3.9,8.6,5.4,8.2,3.1,8.4,7.4,5.5,7.0,8.1,3.5,5.3,3.7,5.2,8.9,5.6,3.9,5.5,3,1,1,Technical,Cloud Engineer
8.26,8.1,4.7,8.0,7.3,2.8,9.0,8.5,7.6,2.7,5.9,2.2,8.3,9.4,9.2,7.7,6.9,8.0,4.7,8.7,3.6,5.1,7.3,1.7,5.5,1,3,0,Technical,Machine Learning Engineer
7.62,5.5,4.0,2.2,7.6,1.4,4.8,8.9,2.3,2.6,1.0,7.2,7.2,7.6,5.9,8.7,6.6,6.1,5.2,7.5,0.7,3.5,3.0,5.8,8.6,1,1,0,Managerial,Business Analyst
7.57,4.6,5.6,8.0,5.4,4.6,4.1,3.4,6.0,10.0,5.4,1.1,8.6,7.8,7.9,8.1,5.4,6.7,4.0,4.3,9.2,7.4,7.9,2.0,5.6,1,2,0,Technical,Cybersecurity Analyst
7.84,5.7,4.2,4.3,6.3,9.5,4.1,3.7,6.2,4.8,4.3,7.9,9.4,7.9,5.7,7.6,10.0,3.4,9.2,3.4,3.5,5.0,6.4,7.2,4.1,1,5,0,Creative,Web Developer
9.04,7.2,6.6,6.2,5.1,5.1,3.8,5.1,7.1,6.1,5.9,5.1,8.1,9.1,9.1,6.9,8.3,3.0,5.3,4.3,4.2,4.3,10.0,4.2,3.5,2,5,1,Technical,Software Developer
7.45,6.9,5.4,4.9,6.7,5.5,2.5,2.0,10.0,4.0,6.2,1.7,8.2,7.7,7.1,8.8,7.6,3.1,6.8,6.1,5.8,9.8,5.9,3.2,4.9,2,4,1,Technical,Cloud Engineer
7.61,7.9,4.2,0.9,5.9,1.8,5.8,9.0,4.6,4.3,3.7,2.9,8.2,9.5,8.5,8.7,8.0,7.7,2.3,8.2,1.5,3.2,4.3,1.1,5.6,2,3,0,Analytical,Data Scientist
6.95,4.6,4.5,3.1,7.3,10.0,3.9,4.0,5.9,4.3,6.3,7.9,6.9,7.2,7.3,7.3,10.0,2.8,10.0,3.0,4.4,3.6,6.0,9.6,4.5,2,5,0,Creative,Web Developer
6.3,5.5,3.0,2.1,7.1,4.5,3.3,8.5,6.0,3.8,4.2,6.4,5.8,9.1,7.8,9.1,7.9,5.6,3.6,7.7,3.0,3.2,4.4,5.7,9.8,2,1,1,Managerial,Business Analyst
7.27,8.3,4.0,5.8,6.4,3.3,7.7,8.0,3.7,3.6,7.6,2.4,9.4,8.7,10.0,7.6,6.0,10.0,6.7,8.3,4.0,7.6,6.3,1.0,5.2,4,3,1,Technical,Machine Learning Engineer
7.07,6.5,8.0,7.2,6.4,5.8,2.2,4.2,3.8,5.1,5.7,3.5,7.5,8.8,6.1,8.5,7.4,4.4,6.7,3.4,5.2,5.1,10.0,3.8,5.4,3,0,0,Technical,Software Developer
7.93,6.0,0.9,1.3,8.3,4.1,4.5,9.3,3.5,3.7,4.8,6.2,8.5,9.8,8.9,10.0,9.2,5.6,2.4,7.3,2.1,4.8,6.4,6.3,10.0,1,1,1,Managerial,Business Analyst
7.69,6.9,4.7,8.3,6.2,6.3,1.8,3.2,7.9,7.8,7.6,2.6,9.0,6.0,4.7,5.5,7.8,3.5,7.5,1.6,6.0,9.8,5.3,2.9,5.8,1,0,1,Technical,DevOps Engineer
7.41,7.4,3.5,3.4,7.5,3.7,4.4,9.0,3.5,2.2,2.8,4.6,7.4,7.9,6.0,7.8,6.7,4.9,2.9,10.0,2.7,4.3,4.2,4.8,7.8,3,3,0,Managerial,Data Analyst
8.99,7.4,5.6,6.4,8.4,3.7,2.0,4.8,6.4,10.0,7.5,2.4,8.1,5.9,9.6,7.7,8.5,5.7,3.0,4.5,9.5,6.3,6.9,1.0,4.5,2,0,1,Technical,Cybersecurity Analyst
9.19,5.8,2.6,1.8,5.7,4.7,3.8,9.8,6.3,3.6,2.5,6.8,9.3,8.2,5.6,8.9,9.4,3.5,4.2,6.1,3.4,3.9,3.1,6.8,9.8,2,2,1,Managerial,Business Analyst
8.33,7.1,1.4,0.2,8.8,3.1,4.3,9.5,5.4,2.3,2.0,7.1,7.8,7.6,6.8,6.8,6.4,3.7,0.0,9.3,3.2,2.9,6.8,6.5,8.0,1,1,1,Analytical,Data Analyst
8.53,8.1,5.9,8.6,7.1,4.8,3.7,4.6,6.4,10.0,4.5,0.4,6.5,7.5,7.0,8.5,7.0,4.8,5.6,5.8,10.0,6.0,5.6,2.0,6.6,2,2,1,Technical,Cybersecurity Analyst
8.11,7.7,5.9,8.6,6.7,7.5,4.7,5.3,7.5,9.4,6.5,2.9,8.8,10.0,9.5,7.4,8.4,5.8,6.2,5.6,10.0,7.1,5.2,2.4,3.7,3,3,1,Technical,Cybersecurity Analyst
7.01,4.8,3.2,1.5,4.2,8.6,2.3,2.9,2.9,3.3,3.2,8.9,7.1,7.2,5.2,9.9,8.4,4.5,10.0,4.5,3.2,3.2,4.7,10.0,6.8,1,4,0,Creative,UI/UX Developer
8.17,3.7,3.1,3.2,5.2,9.6,3.3,3.8,4.0,2.5,4.0,9.9,7.1,5.1,4.7,8.9,9.5,4.3,10.0,4.4,0.3,0.3,4.9,8.8,6.7,2,2,1,Creative,UI/UX Developer
8.56,3.4,3.7,1.9,4.8,9.8,1.1,3.4,4.3,3.2,2.7,9.7,5.7,6.9,4.8,6.1,8.6,4.0,8.8,3.1,2.7,2.8,6.0,7.9,7.0,2,2,1,Technical,UI/UX Developer
6.76,5.1,1.5,2.2,6.0,3.4,3.8,5.5,3.7,1.4,3.9,3.9,7.6,9.4,5.8,8.2,8.9,4.6,0.9,7.7,3.8,6.9,3.2,5.7,9.9,5,2,0,Technical,Business Analyst
6.6,9.1,6.0,1.5,9.3,3.7,7.4,8.7,7.1,4.9,2.9,3.1,7.1,8.8,9.3,8.6,7.5,9.5,1.5,10.0,4.4,4.4,4.1,4.8,5.3,3,0,0,Analytical,Data Scientist
6.79,7.1,5.2,5.5,6.6,4.8,3.0,6.5,9.0,6.6,8.5,2.0,9.1,6.8,7.4,6.3,7.5,5.7,5.3,4.8,6.0,10.0,5.3,2.5,5.8,3,0,0,Technical,Cloud Engineer
8.19,9.5,5.9,4.0,6.1,5.3,2.5,5.8,8.6,5.1,8.7,1.0,7.7,9.6,5.7,9.9,5.1,3.5,6.6,4.1,7.1,8.2,8.4,1.6,4.7,1,3,1,Technical,DevOps Engineer
7.89,7.6,6.2,5.7,4.4,5.2,3.4,5.1,10.0,7.1,8.2,2.6,8.8,8.1,6.0,8.1,7.2,4.7,5.0,5.5,6.9,8.8,7.4,3.5,5.2,1,5,1,Technical,Cloud Engineer
6.97,3.1,1.6,1.3,8.4,2.7,4.6,9.3,4.2,2.5,1.9,5.0,8.7,8.9,6.6,9.2,7.3,3.9,3.9,7.3,1.6,3.5,2.4,4.8,10.0,2,0,0,Managerial,Business Analyst
7.71,8.1,1.6,2.7,9.6,2.7,4.5,8.5,3.7,2.9,3.8,5.4,8.7,7.7,6.2,9.2,6.5,4.9,3.9,8.0,2.7,2.7,4.7,6.3,7.2,0,3,1,Creative,Data Analyst
7.16,3.7,2.2,0.8,3.5,9.6,1.0,4.6,1.3,1.6,3.9,10.0,8.5,6.6,4.5,6.4,7.8,3.4,9.4,0.6,1.1,4.2,6.1,8.0,7.3,5,3,0,Creative,UI/UX Developer
6.81,6.8,5.0,4.8,4.8,5.4,2.6,7.4,4.8,7.9,6.5,2.6,9.9,9.0,8.2,8.8,6.7,2.4,6.6,6.0,10.0,8.1,5.9,1.8,6.2,0,4,0,Technical,Cybersecurity Analyst
8.2,3.5,1.7,1.8,7.3,4.5,4.7,8.4,5.2,3.5,1.9,6.1,7.4,9.3,6.2,9.4,8.3,2.7,3.6,8.3,4.1,5.3,2.7,6.0,8.3,3,2,1,Managerial,Business Analyst
8.98,9.0,5.7,6.3,8.0,5.0,3.7,4.9,7.6,9.2,5.8,1.6,8.0,9.2,7.8,5.4,7.2,5.7,2.7,5.5,10.0,7.7,6.9,2.0,3.7,0,1,1,Technical,Cybersecurity Analyst
7.5,7.2,4.9,0.2,8.8,5.3,4.6,7.6,3.3,2.2,4.5,4.6,8.9,5.9,5.9,7.5,9.1,5.1,3.3,9.8,3.2,3.3,4.8,4.1,10.0,1,3,1,Analytical,Data Analyst
8.96,6.4,6.3,6.2,5.2,6.9,4.7,4.9,4.7,4.4,4.0,5.2,8.5,9.4,6.2,6.3,7.8,5.6,5.3,4.9,3.2,7.3,8.5,4.7,4.2,0,1,1,Technical,Software Developer
7.42,10.0,4.9,7.7,6.0,3.5,9.2,7.7,8.3,3.5,5.5,2.6,9.2,10.0,10.0,8.9,5.6,9.9,4.5,6.4,5.1,4.5,7.2,1.7,8.3,3,1,0,Technical,AI Engineer
7.97,7.3,2.7,2.4,7.6,3.2,3.8,7.9,3.2,1.8,2.4,5.4,8.1,8.6,7.4,8.2,9.6,4.5,2.7,10.0,0.9,5.4,3.7,4.1,9.0,2,1,0,Analytical,Data Analyst
8.88,7.4,5.5,6.7,8.7,3.1,9.5,7.1,6.7,3.1,6.1,0.8,9.5,7.8,7.3,4.8,5.8,10.0,4.5,9.2,2.4,6.7,6.8,4.1,5.5,3,2,1,Technical,Machine Learning Engineer
7.99,9.7,5.9,7.4,6.3,5.4,10.0,7.7,6.0,2.1,6.7,4.6,8.8,9.4,10.0,9.2,6.6,9.4,4.5,6.7,1.6,5.5,7.2,2.7,4.1,0,2,0,Technical,AI Engineer
7.6,5.0,2.4,0.0,8.0,5.2,4.5,8.3,4.1,3.0,2.0,4.7,7.8,5.7,7.2,8.6,6.7,2.8,4.3,9.0,4.3,3.2,3.8,6.3,10.0,1,2,0,Managerial,Business Analyst
8.18,1.9,2.4,3.2,8.4,2.5,2.3,9.5,3.7,2.8,2.5,6.0,7.1,8.0,6.4,8.0,8.8,6.1,2.5,6.7,1.4,4.0,5.2,5.6,10.0,1,3,0,Creative,Business Analyst
8.25,8.4,2.7,4.2,6.3,3.2,9.0,7.7,5.5,5.6,2.0,3.2,8.2,7.9,9.5,8.1,7.0,8.6,1.0,9.5,3.2,4.2,6.8,3.9,7.2,1,3,1,Analytical,Data Scientist
7.66,7.6,6.0,4.7,7.0,6.7,2.9,4.2,10.0,6.5,9.1,1.9,8.6,8.6,7.7,7.5,8.6,5.4,5.4,4.7,4.8,6.6,6.4,2.6,3.0,1,3,1,Analytical,DevOps Engineer
8.24,5.3,7.5,6.4,6.2,5.9,4.2,4.3,6.6,3.2,3.4,5.6,8.5,7.7,7.5,7.4,7.1,3.2,5.5,4.3,4.2,6.3,8.7,2.9,6.8,2,3,1,Analytical,Software Developer
8.73,3.8,3.2,3.2,5.2,8.3,2.2,4.1,4.6,1.2,3.5,8.9,7.8,7.0,5.3,7.6,8.0,5.7,9.2,3.7,3.5,4.7,5.5,8.7,6.3,1,3,1,Creative,UI/UX Developer
7.02,6.5,6.3,6.3,5.3,5.7,3.2,4.1,8.7,6.4,7.8,2.4,8.6,7.6,5.9,6.1,8.3,2.9,6.2,5.5,3.9,8.6,7.6,5.2,4.7,1,5,1,Technical,Cloud Engineer
8.83,7.2,5.4,4.0,6.3,4.7,1.8,4.7,6.7,4.0,8.0,2.8,8.3,8.7,4.3,6.3,7.0,4.8,6.3,4.6,6.5,9.2,5.5,3.1,3.1,3,4,1,Managerial,Cloud Engineer
7.44,9.6,4.5,8.2,6.8,6.2,10.0,8.0,7.2,4.1,4.4,2.3,8.0,10.0,8.4,6.5,7.7,8.5,5.6,5.2,5.4,9.0,7.9,2.7,6.0,0,1,1,Technical,AI Engineer
9.88,7.1,8.3,8.9,6.3,5.7,0.9,3.7,3.1,3.9,6.1,1.7,9.4,8.1,7.0,5.9,5.1,3.1,8.3,2.8,2.3,5.2,8.9,3.6,4.0,0,3,1,Analytical,Software Developer
7.46,8.8,3.9,3.9,8.5,4.7,9.1,8.8,5.6,3.8,3.3,2.3,8.7,7.4,7.4,9.3,3.3,9.2,1.8,8.1,3.5,7.6,5.8,2.9,6.9,1,0,0,Analytical,Data Scientist
7.44,10.0,5.4,5.9,5.4,5.5,8.4,6.6,6.2,3.5,6.9,3.4,8.2,9.0,10.0,5.3,7.5,8.3,3.5,9.7,1.3,8.8,6.1,0.8,5.0,0,1,1,Managerial,Machine Learning Engineer
7.6,7.9,6.0,4.8,6.7,6.0,2.4,3.4,9.1,3.6,7.7,4.0,9.3,8.0,7.3,7.0,7.5,4.2,5.9,3.5,5.7,8.8,7.1,2.7,5.1,1,1,0,Technical,DevOps Engineer
8.6,9.5,6.9,4.4,6.2,9.6,2.7,4.2,9.7,5.0,8.9,3.0,8.7,7.6,7.8,6.6,7.4,6.8,5.3,4.8,6.2,9.4,7.5,2.6,5.1,3,3,0,Technical,Cloud Engineer
7.74,7.4,2.9,2.2,9.0,1.7,4.9,10.0,2.9,2.3,4.4,3.7,8.9,7.3,8.6,7.1,7.5,3.3,3.5,10.0,2.6,4.5,3.9,3.4,9.1,2,2,1,Analytical,Data Analyst
7.73,9.0,3.4,7.5,7.0,6.0,10.0,6.2,6.9,3.9,5.2,3.6,8.9,9.7,10.0,7.1,6.5,8.4,6.2,9.0,4.4,6.8,9.3,3.3,3.1,2,2,1,Technical,AI Engineer
7.8,6.5,2.3,2.0,9.2,2.4,1.9,7.5,5.2,3.1,3.7,5.6,9.1,7.1,7.7,7.2,7.3,7.1,2.1,8.2,1.8,3.6,4.3,5.9,7.6,0,0,0,Analytical,Data Analyst
9.51,8.0,5.4,7.6,7.3,6.8,3.8,4.1,6.9,9.4,5.1,3.3,9.1,8.2,7.7,7.2,6.6,5.2,4.9,5.6,10.0,5.7,7.0,2.5,4.9,2,0,1,Technical,Cybersecurity Analyst
7.3,7.6,5.9,4.4,6.0,1.8,8.1,8.0,6.3,4.2,3.4,3.9,7.4,8.3,7.9,7.5,6.3,9.2,4.2,10.0,3.0,5.7,4.5,3.1,5.5,0,2,0,Analytical,Data Scientist
8.18,4.4,1.0,3.7,3.1,9.1,3.0,2.7,2.2,1.1,3.2,8.8,5.0,6.5,7.7,10.0,8.4,4.8,7.4,5.6,0.8,4.0,5.1,7.9,4.9,3,2,0,Creative,UI/UX Developer
8.64,1.9,1.5,0.0,8.3,4.7,2.2,6.8,3.6,2.3,2.2,4.1,7.9,7.0,5.3,8.5,9.1,4.3,4.1,10.0,2.9,6.0,2.4,2.3,8.6,1,2,0,Managerial,Business Analyst
7.83,8.6,2.9,7.3,6.9,5.3,10.0,8.5,6.8,2.9,6.7,3.4,9.0,9.0,8.7,6.7,8.0,6.6,4.3,8.8,4.4,6.4,5.2,1.0,2.7,2,5,1,Managerial,Machine Learning Engineer
6.36,8.3,4.4,8.5,7.4,3.8,7.9,9.1,7.5,3.3,7.6,3.0,8.2,7.8,7.5,7.2,3.4,8.1,3.9,9.3,4.7,8.4,7.3,5.7,3.2,0,2,0,Technical,AI Engineer
9.35,7.3,5.7,5.2,6.9,4.1,1.4,2.3,8.0,5.9,10.0,1.9,7.0,8.1,6.6,6.2,8.4,2.5,4.3,4.6,6.1,6.8,5.6,1.7,5.1,1,3,1,Technical,DevOps Engineer
7.58,7.6,10.0,9.3,7.9,8.8,3.9,5.2,5.9,4.7,5.4,3.6,6.6,8.4,7.6,6.6,5.8,3.8,5.8,3.9,4.5,5.8,8.4,5.1,5.2,3,3,1,Technical,Software Developer
8.57,5.0,3.7,2.4,7.5,7.6,3.4,3.1,6.2,2.8,4.8,6.9,10.0,8.1,4.8,5.5,8.4,3.2,8.3,4.2,3.8,5.2,8.1,7.8,6.3,3,1,0,Creative,Web Developer
7.59,7.6,3.9,3.5,8.2,4.3,8.0,7.4,7.2,4.2,4.4,2.8,9.5,8.3,6.6,6.9,7.5,8.3,3.6,9.5,1.8,5.8,5.9,4.0,7.0,5,2,1,Analytical,Data Scientist
7.63,7.8,5.5,3.2,4.2,5.8,3.2,3.6,7.3,5.2,9.4,4.5,7.7,8.5,5.7,7.7,7.9,5.1,6.6,4.1,5.6,7.6,7.5,3.3,7.2,2,3,0,Creative,DevOps Engineer
7.83,5.3,5.7,7.0,7.5,3.4,3.6,3.6,8.0,10.0,7.0,1.1,8.5,9.1,7.3,7.6,7.2,4.8,3.9,6.0,7.6,7.5,3.4,3.8,5.0,2,2,1,Technical,Cybersecurity Analyst
8.45,8.3,5.0,3.9,8.1,3.7,8.9,9.1,6.7,4.1,3.1,5.6,6.6,7.8,8.8,6.2,7.3,9.3,2.2,9.5,3.9,2.9,5.2,4.4,6.0,1,4,1,Analytical,Data Scientist
8.07,8.2,2.3,1.8,9.9,2.6,4.9,8.9,4.0,1.8,1.9,5.6,8.7,6.9,7.0,9.0,7.2,5.1,2.0,9.4,1.0,3.3,3.2,5.9,6.5,0,0,0,Managerial,Data Analyst
7.54,10.0,5.0,6.1,6.6,4.5,8.5,8.7,5.3,2.6,6.8,2.3,10.0,9.9,9.1,6.6,6.6,9.2,3.1,8.7,2.1,8.1,7.6,4.5,6.0,0,0,1,Technical,Machine Learning Engineer
7.42,6.1,3.9,1.7,7.4,8.6,2.2,3.9,4.6,8.0,5.6,5.9,8.3,8.7,6.4,9.1,8.5,2.9,8.5,3.1,5.0,4.1,6.8,10.0,5.0,2,0,1,Creative,Web Developer
8.03,5.0,3.0,4.4,1.8,4.5,2.5,2.0,3.2,2.3,1.2,10.0,7.2,6.4,6.5,6.8,8.2,4.4,9.5,4.2,1.6,0.2,4.6,10.0,7.9,4,1,0,Creative,UI/UX Developer
7.13,8.4,1.7,4.2,9.3,1.9,9.0,7.8,6.4,3.2,4.4,4.1,10.0,8.9,8.2,7.6,6.6,8.7,2.5,8.3,3.2,5.1,6.2,3.5,4.8,1,4,0,Analytical,Data Scientist
8.0,7.2,6.8,4.6,6.8,7.2,4.2,3.8,7.3,6.9,10.0,3.0,9.1,8.6,6.6,8.7,8.3,3.3,6.9,5.0,7.5,7.2,6.7,4.8,4.6,2,1,0,Technical,DevOps Engineer
7.93,3.3,3.5,4.0,3.6,8.7,2.1,5.7,2.5,0.1,3.0,7.9,7.1,6.9,4.7,8.9,9.0,3.4,8.8,3.4,2.6,1.5,4.9,9.9,7.1,2,3,1,Creative,UI/UX Developer
7.23,8.9,5.9,7.5,6.5,2.8,8.4,8.2,5.6,3.3,7.7,4.3,9.5,10.0,7.1,7.9,5.5,9.5,3.1,9.3,1.8,4.6,6.8,2.2,4.4,2,1,0,Technical,Machine Learning Engineer
6.88,6.4,6.9,8.7,6.2,8.2,3.0,2.4,4.3,4.1,5.6,2.9,8.6,9.4,6.3,8.7,6.4,2.9,4.3,5.3,4.0,4.5,7.4,3.6,6.6,2,2,1,Analytical,Software Developer
8.96,8.4,1.7,2.0,9.0,4.7,4.9,8.2,4.5,4.0,2.7,4.2,8.0,6.8,8.4,7.3,8.9,5.5,3.8,10.0,2.9,3.7,2.9,4.5,9.0,2,2,0,Analytical,Data Analyst
9.28,2.7,2.7,3.2,5.0,9.2,0.0,4.8,4.5,2.3,4.8,8.6,8.2,6.5,5.0,7.7,6.9,3.0,8.0,3.7,1.2,3.2,5.7,10.0,8.1,1,4,0,Creative,UI/UX Developer
7.76,9.0,4.8,5.7,6.7,5.0,3.1,5.9,6.5,9.3,6.0,1.3,7.6,6.8,8.3,7.0,8.1,4.0,6.3,3.2,10.0,6.4,4.5,0.0,5.6,5,4,0,Technical,Cybersecurity Analyst
8.76,8.2,6.2,4.2,4.2,6.6,3.0,4.2,8.4,6.6,8.9,3.2,8.2,9.9,6.1,9.4,8.7,2.5,9.2,6.1,4.0,8.5,4.9,1.6,4.1,2,0,0,Technical,DevOps Engineer
7.54,7.1,4.7,7.6,6.8,6.2,3.9,7.8,7.0,7.1,6.4,1.8,10.0,7.6,8.8,5.6,6.4,3.3,5.3,6.5,8.6,4.9,6.7,2.2,4.1,2,3,1,Technical,Cybersecurity Analyst
6.74,9.0,5.7,9.4,5.1,3.4,7.9,7.2,6.9,5.4,7.2,3.5,10.0,10.0,10.0,7.0,5.9,9.1,1.7,9.3,2.6,5.7,7.9,0.9,6.1,2,3,1,Creative,Machine Learning Engineer
6.68,6.9,2.3,2.7,8.4,4.8,4.3,10.0,3.2,1.2,1.0,5.9,8.0,8.2,9.4,7.1,6.4,4.1,0.7,9.3,3.0,4.1,2.3,4.6,8.1,2,1,1,Analytical,Data Analyst
8.98,5.9,7.5,2.8,6.5,5.0,2.6,5.2,9.9,5.0,8.2,3.3,8.3,7.8,5.5,8.5,7.7,3.2,8.0,2.3,5.1,9.8,6.1,3.2,5.0,0,1,1,Creative,Cloud Engineer
6.64,6.8,2.0,2.3,4.2,9.8,1.3,4.6,3.7,2.8,2.0,10.0,6.2,5.8,4.6,9.9,8.7,4.9,10.0,3.3,2.7,2.5,4.9,9.5,6.6,2,4,0,Creative,UI/UX Developer
6.88,6.7,5.6,4.1,8.2,5.9,3.8,3.9,9.7,6.0,10.0,4.7,6.6,7.0,8.3,6.7,7.9,4.0,2.9,3.7,6.9,9.4,6.2,3.0,4.2,0,5,1,Technical,Cloud Engineer
7.58,4.2,1.8,0.6,3.5,8.5,1.0,4.1,2.6,2.7,2.3,9.1,6.6,7.0,5.5,8.9,7.0,4.9,7.7,4.2,3.9,4.1,6.7,9.3,7.7,2,2,1,Creative,UI/UX Developer
8.31,7.3,5.5,4.2,7.4,2.7,7.8,8.4,4.3,2.1,2.1,3.1,10.0,9.8,9.3,9.8,8.3,9.0,3.6,9.1,1.6,4.7,2.1,2.8,8.5,1,5,1,Analytical,Data Scientist
7.01,5.3,3.3,2.8,7.7,2.9,4.7,7.8,4.9,2.2,3.6,5.7,10.0,6.4,6.5,9.9,8.2,5.1,2.5,9.2,1.8,2.4,5.1,2.8,7.1,3,3,0,Analytical,Data Analyst
8.07,9.3,5.4,9.4,6.7,4.8,7.5,9.3,6.8,3.1,6.2,5.7,10.0,7.9,10.0,7.4,8.1,9.8,4.7,9.5,2.1,7.4,6.2,3.0,5.0,1,2,1,Technical,AI Engineer
8.1,8.0,7.4,7.2,8.4,8.0,2.3,5.1,5.6,9.1,8.1,4.2,8.9,9.0,6.3,8.4,6.4,5.2,4.3,4.3,10.0,6.1,6.3,2.1,5.4,4,1,0,Technical,Cybersecurity Analyst
8.62,8.1,8.3,7.6,6.9,6.2,1.9,4.1,3.8,4.1,4.5,6.8,8.0,7.0,6.9,7.1,8.8,3.4,4.3,4.9,2.5,4.5,8.7,3.9,4.8,1,1,0,Managerial,Software Developer
6.85,7.7,5.3,5.1,7.1,4.8,8.4,7.0,4.1,5.2,8.5,4.3,8.7,8.9,9.3,6.7,3.6,10.0,5.3,9.7,4.0,7.6,5.9,2.9,4.3,2,2,1,Technical,Machine Learning Engineer
7.27,6.1,5.8,4.7,6.0,10.0,1.5,1.5,5.2,5.4,4.8,8.7,6.6,8.2,7.0,7.9,7.8,3.4,9.2,4.7,3.9,3.2,8.3,8.0,5.4,6,4,0,Creative,Web Developer
8.99,9.4,4.7,6.9,7.3,3.7,8.6,6.9,7.1,3.3,5.6,3.1,9.0,9.6,8.5,7.2,6.7,9.3,4.3,8.9,4.8,7.7,7.5,1.4,5.8,0,3,1,Technical,Machine Learning Engineer
7.42,9.6,3.7,7.7,5.1,4.0,8.6,6.6,8.4,3.7,5.8,3.2,10.0,7.9,9.2,5.5,7.5,8.8,3.8,8.7,5.0,4.9,9.4,0.9,5.4,0,5,1,Creative,Machine Learning Engineer
8.06,9.8,4.4,6.7,4.9,2.2,8.4,8.0,5.1,4.3,7.4,2.1,8.0,9.5,10.0,6.0,8.0,9.5,4.1,8.3,4.5,8.7,8.4,1.7,4.7,2,1,0,Technical,Machine Learning Engineer
7.78,6.7,3.3,3.4,9.4,1.4,4.8,8.8,5.2,3.1,4.5,3.8,7.1,8.7,6.8,6.3,8.1,4.4,5.0,9.8,2.2,3.6,5.7,5.4,7.6,1,2,1,Analytical,Data Analyst
8.33,7.2,6.4,4.9,6.6,5.7,2.7,2.4,9.1,7.9,8.4,1.6,8.3,6.5,6.8,7.2,6.2,4.2,5.1,6.1,8.5,7.7,6.4,1.9,4.7,4,3,1,Technical,Cloud Engineer
7.82,4.2,3.1,0.0,4.8,9.2,0.0,2.1,4.3,1.3,4.1,9.5,5.9,6.8,2.8,8.9,7.2,1.5,6.9,2.5,2.6,2.1,6.3,10.0,7.6,1,2,1,Creative,UI/UX Developer
7.65,4.3,1.1,2.5,8.3,3.5,2.7,7.6,4.3,3.7,3.1,2.9,7.9,7.3,8.0,10.0,8.9,4.0,4.0,5.9,3.9,3.0,3.3,6.5,8.6,0,2,0,Managerial,Business Analyst
9.58,7.1,3.7,1.9,8.9,0.7,6.3,8.2,5.3,3.3,1.0,5.1,8.4,7.6,7.5,7.5,6.7,6.2,3.4,9.7,0.2,3.7,3.9,5.9,6.1,2,2,0,Analytical,Data Analyst
7.29,7.3,7.7,8.3,5.3,5.3,5.0,4.4,7.5,7.8,5.7,4.3,9.0,9.4,7.2,6.7,8.2,6.6,6.0,4.7,10.0,7.4,4.9,2.6,5.2,1,1,0,Technical,Cybersecurity Analyst
7.42,8.0,2.3,2.4,8.7,5.1,4.2,8.7,5.2,3.1,2.9,6.9,8.8,8.2,7.6,10.0,8.8,2.7,3.0,8.9,2.9,4.3,3.3,6.5,10.0,0,1,0,Managerial,Business Analyst
7.5,5.7,4.4,4.3,8.4,1.2,7.0,9.8,5.6,0.9,4.1,2.3,7.9,8.8,9.3,8.6,7.5,9.1,2.6,8.1,3.1,6.1,5.9,3.8,6.9,2,4,1,Analytical,Data Scientist
7.78,7.5,9.0,5.0,6.7,5.6,5.3,5.1,10.0,6.8,8.6,2.7,8.2,7.2,5.9,7.5,6.7,4.6,5.6,3.8,6.8,10.0,5.1,3.7,4.3,6,1,0,Technical,Cloud Engineer
6.4,6.6,1.8,1.5,8.6,1.5,6.3,10.0,5.6,2.4,0.7,6.7,7.1,6.6,7.7,9.5,8.7,6.0,2.7,9.1,2.4,3.9,5.0,5.9,8.7,3,2,1,Analytical,Data Analyst
8.45,7.0,4.3,4.2,4.7,6.4,3.3,1.8,3.7,2.8,7.0,8.3,5.5,7.6,5.9,6.1,7.6,3.0,10.0,3.3,2.2,5.2,8.5,7.2,5.6,0,2,1,Creative,Web Developer
6.0,3.3,1.6,2.4,6.0,3.2,3.5,7.1,5.3,2.6,4.0,6.7,9.4,8.2,4.7,10.0,9.5,4.9,3.8,6.7,4.8,4.9,4.8,6.3,9.1,2,2,0,Managerial,Business Analyst
7.64,4.3,5.7,2.4,7.3,10.0,2.7,2.6,5.0,4.1,4.6,6.0,7.1,7.9,4.4,6.5,7.2,2.0,9.6,3.8,3.4,3.5,8.4,8.6,5.1,2,1,0,Creative,Web Developer
8.21,9.3,7.1,5.9,6.6,5.0,4.0,5.0,5.8,6.8,8.9,2.1,8.7,8.1,8.4,7.2,6.7,5.7,5.2,6.7,6.8,7.7,7.8,3.2,3.8,2,4,0,Technical,DevOps Engineer
7.25,8.4,2.6,3.9,7.0,5.8,8.1,7.2,6.3,1.7,5.0,3.4,8.5,8.3,8.7,7.6,6.3,7.3,3.0,8.6,1.6,5.7,5.0,2.8,6.7,1,2,1,Analytical,Data Scientist
7.6,8.0,7.3,4.6,6.4,6.8,5.2,3.1,7.0,6.1,10.0,1.2,8.9,7.6,5.9,6.9,8.1,2.5,5.4,4.1,7.8,10.0,8.4,1.6,4.7,2,2,1,Technical,DevOps Engineer
8.3,6.9,1.9,2.6,7.7,2.7,4.0,9.3,2.5,2.0,4.2,5.1,7.3,7.1,7.8,8.6,9.2,3.2,3.3,9.7,1.9,4.4,3.7,3.9,8.2,3,4,1,Analytical,Data Analyst
8.3,8.3,6.1,5.8,6.1,5.9,3.1,5.2,5.8,9.7,6.6,2.1,7.5,7.9,5.6,5.5,8.0,4.9,4.3,6.5,10.0,7.0,7.2,3.6,5.7,1,2,1,Technical,Cybersecurity Analyst
8.48,4.4,5.9,0.7,8.0,10.0,3.8,4.1,3.8,4.8,3.8,6.5,7.0,7.6,6.3,6.7,8.4,2.5,9.5,3.2,5.1,6.2,7.8,5.8,3.4,3,5,0,Creative,Web Developer
8.28,9.0,6.9,7.8,7.2,4.6,8.6,7.9,4.2,3.1,8.4,3.2,9.1,10.0,8.9,5.6,7.0,8.3,4.2,7.6,4.5,5.9,6.6,2.9,5.4,1,2,1,Technical,Machine Learning Engineer
8.05,7.2,8.2,7.3,6.4,6.7,1.8,4.8,6.3,5.8,2.6,3.8,5.8,5.8,7.2,6.1,7.3,4.5,7.4,4.1,7.2,5.3,10.0,1.4,5.5,1,2,1,Technical,Software Developer
6.98,9.5,9.3,8.1,6.3,4.9,2.6,5.2,7.1,5.7,4.5,2.8,8.2,6.6,7.4,6.3,6.5,2.2,6.6,3.4,2.7,1.8,9.0,5.9,5.8,1,2,1,Analytical,Software Developer
8.5,6.6,3.9,2.5,5.4,3.9,5.0,8.5,4.0,4.1,4.1,5.6,8.5,7.9,7.3,9.0,8.7,3.7,4.0,8.7,2.4,3.3,3.9,5.7,10.0,1,0,0,Managerial,Business Analyst
6.93,5.8,4.2,1.2,9.5,3.3,3.3,7.2,4.3,1.9,1.9,7.0,10.0,9.4,7.3,9.7,8.2,4.9,4.4,8.4,2.9,4.5,2.8,4.9,9.2,5,0,0,Managerial,Business Analyst
8.77,3.9,2.5,3.3,8.3,2.7,6.6,8.8,5.5,2.3,4.0,5.0,8.7,8.6,7.7,7.7,10.0,5.1,3.1,10.0,2.2,4.6,3.4,6.1,8.1,2,3,1,Managerial,Business Analyst
8.72,3.9,2.2,0.6,3.5,7.6,1.9,3.5,3.0,0.9,4.0,10.0,8.1,6.3,5.7,6.9,8.4,3.9,9.5,3.2,1.2,2.5,6.7,7.8,5.0,2,2,0,Creative,UI/UX Developer
8.59,7.0,5.9,6.9,5.3,3.5,2.6,4.5,6.8,8.4,4.4,3.5,6.8,9.0,6.2,8.3,6.4,2.6,5.0,4.1,10.0,6.9,5.3,1.4,3.8,1,4,0,Technical,Cybersecurity Analyst
6.43,3.3,2.5,2.0,5.7,8.5,2.3,6.3,3.8,1.8,2.8,10.0,6.9,6.9,4.4,7.3,8.4,3.7,7.5,3.6,1.7,2.1,5.2,9.7,7.7,3,3,1,Creative,UI/UX Developer
8.2,9.4,5.8,6.2,8.5,2.4,8.5,8.7,6.0,6.2,7.2,4.1,8.2,10.0,9.4,8.2,4.6,8.6,4.4,8.9,3.5,4.8,7.7,3.3,5.0,0,3,0,Technical,Machine Learning Engineer
7.77,7.1,5.4,5.5,4.7,6.4,2.3,3.9,9.7,7.7,10.0,2.2,8.8,8.9,7.9,6.6,6.4,4.9,8.0,4.3,5.3,10.0,7.1,2.3,6.2,3,0,1,Technical,DevOps Engineer
7.71,7.1,5.7,6.3,6.8,5.2,3.3,5.7,5.0,9.3,8.0,0.9,7.4,9.8,7.9,5.9,5.7,2.0,3.0,4.8,10.0,7.7,6.9,0.9,6.5,1,2,1,Technical,Cybersecurity Analyst
8.9,6.5,4.3,3.4,5.7,5.3,3.3,2.9,8.8,6.2,7.5,3.2,8.4,8.6,5.0,6.0,6.8,5.4,6.3,4.8,6.3,10.0,8.2,2.8,4.9,2,3,1,Technical,Cloud Engineer
8.74,6.8,6.0,6.1,5.6,4.4,8.9,8.6,6.8,4.8,7.2,3.6,10.0,8.3,8.1,6.1,9.5,10.0,5.3,8.8,3.9,7.2,6.4,5.8,4.9,1,4,0,Technical,AI Engineer
7.87,8.8,5.6,7.7,5.2,2.2,7.8,8.3,7.8,5.1,6.9,4.7,9.4,10.0,9.3,9.2,6.3,8.8,3.8,8.0,3.6,7.6,7.4,2.8,4.6,1,4,0,Managerial,AI Engineer
7.29,8.9,6.0,5.8,4.8,4.2,10.0,8.3,5.4,3.4,6.6,3.8,8.0,10.0,8.0,5.8,7.3,8.0,6.3,9.0,3.2,5.4,7.3,4.1,4.6,1,4,0,Technical,Machine Learning Engineer
6.8,7.3,3.5,1.3,9.8,5.4,6.4,8.7,3.5,2.9,3.7,3.8,7.7,8.2,6.5,7.2,6.8,4.6,1.3,10.0,1.2,4.2,4.1,3.9,6.1,1,3,0,Analytical,Data Analyst
8.56,7.1,5.3,6.1,5.0,4.7,4.2,5.6,6.7,7.5,5.7,3.5,7.9,6.3,6.5,6.3,8.2,5.2,7.1,5.3,10.0,8.8,6.7,3.5,6.1,1,2,0,Technical,Cybersecurity Analyst
8.73,6.5,5.5,4.5,8.2,6.4,3.5,4.0,10.0,7.9,8.9,3.8,6.7,10.0,7.4,6.6,6.8,3.7,6.9,3.4,5.9,9.7,7.8,1.6,4.6,3,2,1,Creative,DevOps Engineer
6.85,9.1,6.8,7.5,8.0,4.1,9.0,6.7,6.3,4.2,5.3,1.9,9.5,9.9,10.0,6.2,6.7,10.0,4.6,8.2,3.5,5.8,6.2,2.9,6.7,1,8,1,Technical,Machine Learning Engineer
6.0,8.7,6.4,6.5,5.6,4.8,8.9,8.2,6.9,4.5,7.7,3.4,10.0,9.0,8.9,6.5,5.7,10.0,4.1,10.0,4.0,7.0,8.5,3.3,4.3,2,2,1,Technical,Machine Learning Engineer
7.67,6.0,4.7,6.1,6.9,5.1,4.2,4.7,5.6,8.9,5.1,0.0,8.5,8.2,8.4,7.8,7.5,3.4,6.1,5.2,9.1,5.6,5.3,2.2,3.9,0,0,1,Technical,Cybersecurity Analyst
9.1,4.4,8.0,2.5,5.3,4.8,5.0,5.9,9.1,6.6,7.1,4.7,7.0,7.9,5.9,8.3,7.5,2.8,4.9,3.7,4.3,9.4,7.6,2.5,4.9,2,4,0,Technical,Cloud Engineer
8.36,7.3,3.9,3.1,8.8,1.8,8.4,8.8,5.8,4.2,4.9,4.5,6.3,9.1,10.0,6.6,8.3,9.5,2.2,8.4,1.9,6.2,4.2,3.3,6.7,2,4,0,Analytical,Data Scientist
8.21,6.2,6.8,3.5,9.2,7.3,2.3,4.2,8.5,5.9,8.9,3.5,7.3,7.4,7.2,5.9,7.9,3.6,6.7,4.5,6.5,9.0,7.8,3.9,5.8,0,2,0,Managerial,Cloud Engineer
7.11,6.5,4.9,3.4,9.3,8.8,5.5,4.7,3.4,2.7,6.1,6.7,7.8,7.2,5.5,7.2,9.1,3.8,10.0,2.4,4.9,5.2,6.6,7.4,4.9,3,2,1,Creative,Web Developer
7.59,5.0,2.2,2.1,7.0,5.6,4.3,8.0,4.7,1.1,4.0,6.6,5.8,8.2,6.1,9.1,9.3,3.6,3.0,7.9,3.6,4.6,4.7,3.7,8.8,1,1,0,Managerial,Business Analyst
7.37,5.9,2.7,1.9,7.5,2.7,3.0,8.8,3.5,3.3,2.2,4.9,7.6,8.7,4.9,9.2,9.2,4.2,5.0,10.0,4.3,5.0,4.0,8.1,9.4,3,4,0,Managerial,Business Analyst
7.45,7.7,4.8,4.8,6.3,4.3,4.5,4.2,9.2,6.5,8.6,0.8,9.3,9.8,6.6,5.6,9.2,5.3,6.8,4.7,8.1,9.2,7.9,4.8,5.4,2,2,0,Technical,DevOps Engineer
8.97,4.2,3.1,3.3,5.3,8.8,2.2,4.5,2.4,2.3,3.0,8.6,5.9,8.8,4.6,8.6,7.8,6.3,7.4,1.8,2.8,2.3,3.5,9.6,6.9,0,2,1,Creative,UI/UX Developer
8.33,5.1,1.8,2.6,7.0,4.0,2.8,7.9,3.6,2.7,3.3,7.3,8.4,8.7,6.4,8.1,7.2,5.3,4.1,6.9,2.2,6.7,5.7,6.2,8.6,1,4,0,Managerial,Business Analyst
8.35,6.3,8.2,8.1,6.8,5.4,0.0,4.0,5.9,6.9,4.5,3.3,8.4,8.2,8.4,5.6,6.7,5.0,6.3,5.3,3.5,6.4,7.2,2.2,5.4,4,2,1,Technical,Software Developer
7.82,5.5,2.3,0.7,7.0,1.8,2.9,6.8,3.6,3.6,2.5,8.3,9.0,5.4,7.1,9.0,8.7,5.1,3.9,7.5,2.7,4.9,3.4,8.3,10.0,4,3,1,Managerial,Business Analyst
8.35,8.5,6.5,2.5,6.3,10.0,3.2,3.0,5.1,2.6,6.1,9.0,9.2,9.2,5.6,8.5,9.6,5.0,10.0,3.7,3.0,7.0,8.0,9.3,7.7,2,3,0,Managerial,Web Developer
6.73,3.1,2.4,3.0,3.7,10.0,1.3,1.5,1.5,1.3,5.8,9.1,5.7,7.4,6.5,9.0,8.3,5.7,9.4,3.7,3.5,3.0,5.4,8.7,5.5,1,2,1,Managerial,UI/UX Developer
6.94,6.7,7.2,3.8,7.3,3.9,5.6,5.7,8.7,5.0,7.4,3.3,9.2,5.7,7.8,7.3,6.2,1.7,6.2,5.2,5.8,10.0,8.7,2.6,4.7,2,5,0,Technical,Cloud Engineer
6.51,10.0,6.0,7.8,5.0,3.8,6.4,7.1,6.0,3.9,7.1,2.9,9.5,8.9,8.0,8.6,7.9,8.3,4.5,7.8,4.6,5.5,7.1,3.9,3.8,1,2,1,Technical,AI Engineer
9.9,7.5,5.0,4.7,10.0,4.5,10.0,7.4,4.1,2.0,3.8,5.5,10.0,8.1,8.9,6.2,7.1,8.3,2.8,10.0,3.4,3.6,2.2,4.6,7.3,0,1,0,Analytical,Data Scientist
9.09,7.2,4.2,4.2,6.2,6.9,4.6,5.0,8.6,6.9,10.0,2.7,10.0,7.1,8.2,6.3,8.5,4.4,7.1,3.5,8.3,6.9,7.2,2.3,4.4,2,2,1,Technical,DevOps Engineer
6.99,6.6,4.9,1.8,6.4,9.3,2.8,4.2,5.3,4.7,4.9,8.0,9.3,9.7,6.0,6.2,9.5,1.4,10.0,4.0,4.1,5.4,6.5,6.8,3.6,1,3,0,Creative,Web Developer
7.18,9.3,6.2,3.1,7.5,6.0,1.8,5.2,8.9,7.9,10.0,2.4,7.9,8.3,6.3,8.1,8.7,3.7,7.0,5.0,8.7,8.1,8.3,3.2,5.9,1,4,1,Technical,DevOps Engineer
7.08,3.1,2.2,1.5,5.0,10.0,3.5,3.1,1.0,0.3,3.3,8.3,6.4,5.7,6.4,6.8,7.8,1.5,7.3,4.6,2.5,3.2,4.5,8.2,5.0,4,2,1,Creative,UI/UX Developer
8.56,9.8,5.3,8.2,6.8,4.9,8.3,7.4,7.9,4.1,6.5,2.9,8.9,7.6,9.9,5.1,7.5,8.0,3.0,6.9,4.9,5.7,7.3,3.0,4.7,2,2,1,Technical,AI Engineer
8.2,8.3,6.4,4.3,4.0,6.0,2.7,4.8,9.7,6.1,7.1,3.4,6.7,10.0,6.6,7.6,7.4,3.6,8.1,3.7,6.5,9.2,6.0,2.2,5.1,2,3,0,Technical,Cloud Engineer
8.41,8.7,5.7,3.1,8.0,4.3,7.7,8.6,6.6,2.4,3.8,2.7,9.5,8.7,8.5,7.2,7.0,8.9,2.3,8.4,2.7,5.2,6.8,3.1,5.2,0,4,1,Analytical,Data Scientist
7.77,9.3,7.2,7.2,6.0,4.8,10.0,6.6,7.1,3.5,5.5,2.3,10.0,9.8,9.0,4.9,7.7,10.0,2.5,8.5,4.6,7.5,8.2,3.0,6.2,2,2,1,Managerial,Machine Learning Engineer
8.35,9.7,6.1,2.7,9.9,5.3,3.5,4.8,8.9,5.1,8.9,1.6,8.4,7.1,6.5,6.9,9.7,4.5,6.5,3.2,6.2,7.2,7.8,3.4,1.3,3,5,1,Analytical,DevOps Engineer
7.96,10.0,4.8,5.8,7.6,4.1,9.5,8.6,7.1,3.8,7.2,4.5,8.1,8.7,9.4,6.4,5.6,9.9,3.5,10.0,4.6,7.8,7.5,3.3,4.6,2,3,1,Technical,Machine Learning Engineer
8.15,8.0,5.5,5.1,7.0,6.9,2.0,3.2,9.2,6.3,9.7,3.3,8.3,9.4,5.0,6.8,6.7,3.8,6.4,4.0,6.8,8.5,6.0,2.3,4.9,1,4,1,Technical,DevOps Engineer
8.06,7.8,4.5,3.4,6.3,8.8,2.0,2.1,4.1,2.2,5.2,8.6,7.1,8.5,5.7,8.4,7.8,5.6,9.1,5.3,2.5,5.1,7.4,8.5,3.6,1,1,1,Creative,Web Developer
8.65,5.9,3.0,7.7,7.0,3.6,5.2,5.7,6.5,8.8,5.9,2.7,7.6,9.7,7.6,6.9,8.9,4.2,6.7,5.3,10.0,6.1,3.9,3.0,3.7,0,4,0,Technical,Cybersecurity Analyst
6.61,2.1,3.4,2.6,5.0,8.7,0.8,4.5,2.0,0.3,2.5,9.2,6.7,6.0,6.7,9.0,9.2,4.7,8.8,3.8,1.8,2.8,6.2,8.1,5.4,2,1,1,Creative,UI/UX Developer
7.27,8.6,4.5,6.4,7.5,6.2,8.3,6.4,6.2,2.9,5.5,3.8,10.0,7.3,10.0,7.0,4.7,8.1,4.6,7.1,3.6,6.9,8.8,2.1,5.7,2,1,0,Creative,AI Engineer
6.0,6.6,6.2,8.2,6.6,5.3,4.3,4.0,6.0,9.5,7.0,4.1,10.0,8.4,7.1,6.4,7.1,4.2,5.6,4.3,6.7,4.6,4.8,4.2,6.1,1,3,0,Technical,Cybersecurity Analyst
8.06,8.0,4.7,4.3,5.2,5.2,1.1,5.1,9.6,8.9,8.3,2.0,9.1,9.1,7.9,4.8,6.7,3.5,7.7,5.9,7.7,8.3,6.6,1.2,4.3,0,0,1,Technical,Cloud Engineer
6.7,7.6,6.7,4.6,6.6,6.6,1.8,2.6,6.6,7.4,8.4,3.4,8.6,7.8,5.4,7.4,7.6,2.8,5.9,2.1,7.9,9.1,7.8,3.4,6.5,0,3,0,Managerial,DevOps Engineer
7.11,5.7,1.4,0.5,7.9,3.5,3.8,9.3,4.0,2.3,3.2,5.7,10.0,10.0,7.0,8.7,9.8,5.7,3.8,7.1,2.6,4.3,3.8,4.3,10.0,4,2,1,Managerial,Business Analyst
8.19,8.1,8.2,7.4,7.0,3.2,3.8,4.1,4.8,6.3,4.3,3.6,10.0,7.6,6.4,6.3,7.9,4.2,4.6,3.4,3.3,4.9,9.5,4.5,2.0,5,4,1,Technical,Software Developer
7.61,7.1,4.7,4.7,8.9,4.1,2.4,5.6,7.3,7.2,10.0,0.7,7.3,7.3,7.1,6.9,7.9,3.5,5.5,5.5,9.1,8.7,6.5,2.2,3.2,2,1,1,Technical,DevOps Engineer
7.46,5.5,4.2,6.2,8.1,7.6,3.3,3.5,8.2,6.9,10.0,3.6,6.3,7.2,6.8,5.5,5.9,5.0,6.8,5.7,7.6,7.8,7.3,2.1,3.2,3,2,0,Creative,DevOps Engineer
7.93,7.9,7.1,2.2,5.0,7.2,2.0,3.9,10.0,6.3,8.9,2.8,9.9,6.7,8.5,6.8,7.6,3.1,5.3,1.4,7.8,6.1,6.9,2.5,5.3,1,0,1,Technical,DevOps Engineer
7.94,6.1,2.8,1.6,7.6,4.1,5.4,9.9,4.9,1.0,2.3,6.6,8.1,5.9,7.7,8.7,8.1,4.0,5.1,7.8,2.1,5.9,4.7,5.9,6.8,2,3,0,Analytical,Data Analyst
6.74,8.1,5.4,6.1,6.5,5.6,3.1,4.3,2.7,5.4,4.5,3.0,8.2,8.6,8.3,6.8,8.3,3.0,6.2,2.8,4.1,4.9,8.8,3.8,4.8,1,1,0,Technical,Software Developer
7.47,8.9,5.2,2.2,7.3,3.3,8.3,9.0,4.1,2.8,3.5,4.8,8.6,8.0,10.0,6.9,6.1,9.1,2.5,9.1,4.9,4.5,3.9,3.8,6.7,0,4,1,Technical,Data Scientist
6.82,7.3,1.0,5.6,7.7,9.1,2.1,4.0,4.6,4.2,5.0,7.0,7.8,7.4,6.4,8.2,10.0,4.2,10.0,4.1,4.3,4.1,7.8,9.2,3.8,1,1,1,Creative,Web Developer
7.74,8.1,7.6,3.8,9.0,5.0,8.2,10.0,5.0,4.6,4.2,1.7,7.7,8.2,8.5,5.6,4.8,10.0,4.1,8.9,3.7,7.5,7.4,4.1,4.1,1,2,1,Technical,Machine Learning Engineer
8.9,8.5,6.6,6.6,6.7,4.0,8.7,9.4,5.4,2.7,5.2,5.1,8.6,8.2,8.2,7.4,7.7,8.9,3.6,6.9,3.7,7.9,6.9,3.7,4.4,1,2,0,Technical,Machine Learning Engineer
7.09,4.1,2.3,2.2,7.0,1.8,3.3,7.2,2.8,3.3,2.8,6.5,7.3,5.9,8.0,7.7,7.4,3.6,3.8,7.4,3.6,4.6,3.4,5.2,9.8,3,3,1,Managerial,Business Analyst
8.86,7.7,6.7,5.4,6.4,5.5,3.4,5.3,9.0,5.4,7.4,5.6,9.1,7.4,4.4,7.6,8.3,6.0,6.1,4.7,7.5,10.0,7.4,1.6,6.9,0,3,0,Technical,Cloud Engineer
8.1,8.3,4.1,3.3,9.8,5.3,8.4,9.6,6.1,2.5,4.5,3.1,7.5,9.0,9.5,10.0,6.8,7.9,4.0,9.0,2.3,4.4,4.8,5.2,7.5,2,2,1,Creative,Data Scientist
7.74,8.7,5.4,5.2,6.7,4.6,9.8,8.3,6.1,3.5,3.1,3.6,9.3,8.0,10.0,8.9,8.3,10.0,2.9,9.2,3.4,4.9,5.6,2.1,7.2,1,2,1,Analytical,Data Scientist
8.36,9.0,5.9,6.3,6.7,4.5,9.8,6.7,6.4,3.1,6.7,1.6,8.0,6.8,8.2,7.0,8.3,10.0,2.5,7.6,4.5,6.6,6.6,1.6,3.8,2,6,0,Managerial,AI Engineer
7.68,8.6,5.9,5.5,6.9,7.6,4.5,4.7,9.5,5.4,7.4,3.0,8.8,6.4,7.0,6.2,6.0,3.5,6.1,5.5,7.0,9.2,6.2,3.2,3.7,3,3,0,Technical,Cloud Engineer
8.11,5.5,1.4,3.2,6.8,3.5,4.9,7.9,2.9,5.1,3.2,6.0,6.3,6.9,7.6,8.9,9.2,3.9,3.6,9.2,1.4,3.1,4.1,5.2,10.0,2,5,1,Managerial,Business Analyst
8.02,2.4,3.4,2.6,2.8,9.6,1.4,2.2,3.5,3.0,4.0,7.7,7.6,9.2,3.3,9.0,8.5,4.1,7.9,3.6,2.3,1.9,6.6,8.8,7.2,1,1,0,Creative,UI/UX Developer
8.74,8.0,3.0,5.3,7.9,3.4,9.2,7.0,5.5,4.7,3.9,4.2,8.7,9.7,9.2,10.0,7.3,8.0,4.7,8.8,2.3,3.7,5.5,3.5,6.1,0,2,1,Analytical,Data Scientist
8.15,8.9,4.7,4.2,6.4,4.1,8.8,6.9,7.0,3.6,2.5,3.1,7.9,7.9,9.3,6.4,8.2,9.7,3.7,9.0,4.0,4.7,4.2,5.3,7.3,0,4,1,Analytical,Data Scientist
8.11,4.0,2.3,3.8,7.8,6.3,2.8,7.9,2.4,0.8,1.3,7.0,9.0,8.3,7.1,9.3,7.3,4.5,3.5,9.3,2.1,4.7,2.9,6.9,10.0,3,5,1,Managerial,Business Analyst
7.62,6.2,7.6,7.5,6.4,5.8,2.6,3.1,5.0,4.6,3.4,5.4,3.9,8.6,7.5,5.8,4.7,3.9,6.2,2.7,3.1,6.1,9.1,2.3,4.5,1,0,1,Technical,Software Developer
8.87,5.5,6.6,3.9,4.7,6.8,0.9,5.4,9.3,7.7,8.7,3.7,9.0,8.9,7.0,6.6,7.2,4.6,5.7,7.4,6.4,8.2,6.4,2.1,7.7,5,1,1,Technical,Cloud Engineer
7.12,5.9,2.7,1.5,7.6,5.0,6.9,8.6,4.1,1.8,4.2,6.4,6.0,8.0,6.1,9.9,8.0,4.1,2.7,9.2,2.6,5.1,2.7,7.0,9.8,4,3,1,Managerial,Data Analyst
6.69,3.8,2.2,1.3,4.2,7.8,1.5,4.4,2.0,2.4,3.8,8.3,8.0,8.0,3.4,10.0,10.0,3.1,8.2,3.1,2.0,1.7,5.2,9.7,4.5,1,2,1,Creative,UI/UX Developer
8.63,10.0,5.5,7.5,7.6,6.0,8.5,6.8,6.3,1.5,7.0,3.5,8.7,8.5,9.5,6.3,8.0,9.1,2.7,8.7,3.0,6.9,8.5,3.6,5.1,2,3,0,Technical,AI Engineer
8.33,9.8,5.8,7.0,7.1,4.2,8.8,7.7,5.0,2.7,6.5,5.3,7.7,8.5,7.1,4.2,8.5,10.0,5.5,6.4,4.2,8.9,8.6,3.6,4.2,2,1,0,Analytical,Machine Learning Engineer
7.9,8.1,8.0,9.4,5.8,6.2,2.2,2.5,4.3,4.0,4.5,3.2,6.5,8.4,5.3,7.3,7.1,2.4,5.7,3.2,4.4,6.5,6.9,4.1,3.8,0,1,0,Technical,Software Developer
7.93,7.5,10.0,7.2,5.9,6.4,4.2,5.2,5.2,4.4,5.4,2.8,9.1,7.1,5.8,6.6,6.6,4.9,6.5,4.2,2.8,5.0,8.9,4.2,3.5,4,4,0,Technical,Software Developer
7.19,5.4,5.5,6.4,7.4,3.7,3.6,4.2,7.2,9.2,5.4,1.6,8.9,9.7,7.4,6.6,5.5,5.9,5.0,5.8,10.0,7.6,7.7,0.0,5.2,4,2,1,Analytical,Cybersecurity Analyst
8.52,7.1,5.7,6.1,7.9,5.0,3.1,4.8,6.9,8.7,5.7,3.0,8.3,8.8,7.2,6.3,6.4,2.7,6.3,5.3,9.1,5.7,3.8,0.9,6.8,3,2,1,Technical,Cybersecurity Analyst
9.34,6.0,5.0,5.0,5.8,5.9,6.1,2.4,9.6,5.2,7.2,3.1,8.0,8.1,7.0,6.3,9.3,3.4,6.1,6.2,5.5,9.1,6.3,2.7,4.9,2,3,1,Technical,Cloud Engineer
6.99,2.1,0.9,2.5,2.9,8.4,1.3,4.0,1.1,1.9,2.5,10.0,7.2,4.6,6.3,9.6,9.0,2.0,9.1,4.3,1.6,4.0,7.4,9.1,5.5,1,2,1,Creative,UI/UX Developer
8.06,7.2,2.9,1.7,9.2,2.4,4.1,9.5,5.1,3.0,2.7,3.6,7.7,7.6,6.3,7.7,8.8,5.2,2.4,9.5,2.1,3.6,4.8,3.0,8.5,3,2,1,Analytical,Data Analyst
8.22,8.4,5.0,7.7,6.8,5.3,8.1,10.0,6.8,3.9,8.1,1.5,10.0,9.1,8.4,5.8,5.6,9.1,4.3,8.7,4.3,6.4,9.0,6.4,6.6,4,1,1,Technical,AI Engineer
8.17,3.1,1.1,1.1,3.5,6.9,3.0,4.2,3.9,1.9,2.0,9.3,6.9,7.3,3.8,10.0,6.9,2.5,7.2,4.6,2.0,0.6,4.8,9.4,6.0,3,6,0,Managerial,UI/UX Developer
8.49,6.7,4.6,7.3,6.4,3.4,4.1,5.2,5.2,9.4,6.6,0.4,7.1,8.8,7.4,6.8,8.2,3.6,5.6,4.2,10.0,7.1,4.3,4.6,3.0,2,3,0,Technical,Cybersecurity Analyst
7.62,7.4,8.1,7.2,7.2,5.6,0.9,3.8,2.4,4.4,3.9,4.2,9.4,7.5,8.2,6.0,8.9,3.6,5.1,4.8,3.5,4.1,8.5,4.0,5.5,4,4,0,Technical,Software Developer
8.48,8.2,2.6,2.0,8.3,3.8,3.6,9.4,4.4,2.4,1.9,5.3,9.9,7.0,7.8,6.0,7.8,5.2,3.1,10.0,1.7,5.3,3.0,6.6,8.2,1,2,0,Analytical,Data Analyst
7.62,5.0,5.0,8.0,4.8,5.3,4.4,4.8,6.1,9.1,5.8,3.3,8.6,10.0,7.2,7.2,8.0,2.9,4.8,4.6,8.7,6.2,8.1,1.5,4.5,0,0,1,Technical,Cybersecurity Analyst
7.55,7.3,5.0,6.1,6.5,4.6,6.1,4.8,6.3,8.8,4.7,3.4,6.6,8.9,5.6,7.5,8.2,5.2,4.2,3.9,9.4,5.2,5.2,2.0,5.6,2,2,1,Technical,Cybersecurity Analyst
8.31,9.0,6.5,5.9,6.8,1.7,10.0,7.8,7.4,4.8,7.0,3.1,6.9,8.8,7.4,5.3,4.9,9.2,3.0,7.6,2.4,7.9,6.3,2.5,4.8,3,4,0,Technical,Machine Learning Engineer
8.77,8.5,3.0,7.3,7.0,4.0,10.0,6.8,6.9,3.7,9.1,2.5,9.6,7.7,9.4,6.0,8.2,10.0,4.3,6.5,3.9,6.7,8.4,2.5,6.3,2,2,0,Technical,AI Engineer
6.91,8.1,7.8,5.0,7.3,1.6,4.5,4.8,9.4,6.5,9.3,4.5,8.4,6.4,7.0,7.0,8.6,4.5,6.4,3.6,5.9,8.2,5.8,3.2,6.3,2,2,1,Technical,Cloud Engineer
8.9,4.7,2.4,0.7,5.9,7.1,1.6,4.9,2.8,1.7,3.2,9.3,4.8,7.1,5.5,8.3,7.9,3.5,9.5,3.7,1.1,4.2,6.4,10.0,5.4,2,4,1,Creative,UI/UX Developer
7.5,8.9,5.4,5.7,8.8,4.1,8.6,9.3,6.6,3.3,6.9,3.0,8.3,10.0,6.9,6.1,9.0,9.6,2.3,9.7,3.2,5.3,8.7,4.2,6.6,0,2,0,Technical,Machine Learning Engineer
7.81,8.0,7.4,3.0,5.0,5.4,2.6,3.6,8.9,6.2,9.2,4.9,8.4,7.3,7.2,7.2,10.0,3.4,7.2,4.1,7.5,8.1,8.8,2.5,8.1,1,4,1,Technical,DevOps Engineer
8.32,5.6,3.3,2.6,7.1,3.6,4.4,8.5,5.0,2.0,3.3,5.1,8.1,7.3,6.7,10.0,9.6,3.4,3.0,8.9,5.0,5.4,3.3,5.8,9.9,0,2,1,Managerial,Business Analyst
7.95,7.8,7.1,4.7,6.4,6.0,3.7,3.8,3.4,3.1,6.4,3.1,9.7,9.7,6.7,5.7,8.2,3.7,4.3,4.6,4.5,6.3,9.4,3.4,5.4,2,2,1,Technical,Software Developer
8.0,7.8,5.8,5.3,9.2,4.4,9.1,7.1,6.2,3.1,5.4,4.9,9.1,6.6,8.9,6.9,7.3,8.0,2.7,9.5,2.5,5.1,3.3,3.1,7.7,0,7,1,Analytical,Data Scientist
7.36,5.3,4.3,3.7,6.1,7.7,3.8,1.1,3.6,6.4,3.1,7.0,6.8,5.5,4.9,7.8,8.8,5.2,9.1,1.5,4.1,6.5,9.7,9.1,3.5,4,1,1,Creative,Web Developer
7.75,4.0,2.6,2.9,2.9,7.5,1.6,3.7,3.0,2.9,2.4,9.7,6.7,5.5,6.7,8.5,10.0,4.5,8.6,1.7,2.0,3.9,6.0,8.0,7.0,1,2,1,Creative,UI/UX Developer
9.33,4.3,1.4,0.5,3.8,8.7,1.3,4.1,4.8,1.5,2.2,9.3,5.2,6.3,5.4,7.3,9.4,4.4,7.5,4.5,1.6,5.2,5.7,8.0,5.5,1,2,0,Technical,UI/UX Developer
6.64,7.0,3.0,2.4,10.0,3.1,5.2,7.9,4.8,1.4,3.1,4.9,9.1,6.1,5.0,7.8,8.0,5.2,4.4,10.0,1.4,1.4,3.7,6.1,7.6,0,3,0,Analytical,Data Analyst
6.88,8.0,2.5,3.2,9.1,3.0,5.4,8.0,3.1,2.8,0.6,5.0,8.6,8.9,9.2,7.9,8.3,4.1,2.5,10.0,2.0,4.2,2.9,5.5,8.8,2,1,0,Analytical,Data Analyst
8.89,6.3,7.1,4.0,7.5,4.8,5.7,1.9,10.0,6.8,6.3,2.8,5.9,8.4,5.8,4.9,7.7,4.7,8.3,5.9,3.9,8.9,7.7,1.2,4.7,1,0,1,Technical,Cloud Engineer
8.34,6.9,2.3,7.3,7.1,3.6,5.7,4.7,7.6,9.2,5.5,2.9,7.9,8.3,5.3,6.7,5.6,4.5,5.6,5.1,10.0,8.7,5.9,2.6,4.3,2,2,0,Technical,Cybersecurity Analyst
7.65,7.7,6.8,6.2,5.7,3.2,7.5,7.6,6.6,4.4,6.7,1.7,9.3,8.0,9.2,7.4,6.7,10.0,2.4,6.8,4.3,9.3,6.5,3.4,6.3,1,2,1,Technical,AI Engineer
7.39,6.4,8.3,4.6,4.6,5.8,3.1,3.6,3.3,3.1,5.4,4.6,8.0,9.8,7.4,5.7,6.7,2.5,5.9,5.2,4.8,6.5,8.7,5.5,3.8,4,2,1,Technical,Software Developer
7.81,4.3,4.7,4.7,5.9,10.0,2.4,2.7,3.6,2.4,2.4,9.9,8.3,8.3,4.5,7.5,9.7,2.4,7.2,5.6,2.6,2.2,5.6,10.0,6.3,1,3,1,Creative,UI/UX Developer
8.66,9.5,3.1,3.3,7.3,2.8,5.1,10.0,3.3,1.6,2.1,4.9,6.9,5.9,7.8,8.7,6.2,4.3,2.9,10.0,0.0,4.5,4.7,4.2,7.6,4,4,0,Creative,Data Analyst
7.72,7.8,10.0,7.8,7.8,6.2,0.8,3.4,5.3,4.8,5.2,5.0,6.4,8.6,8.5,5.4,8.2,5.2,4.6,4.4,4.2,4.8,7.3,3.7,3.8,1,1,0,Creative,Software Developer
7.63,5.9,4.8,3.3,7.6,1.9,5.3,9.5,3.6,1.5,2.7,6.0,9.7,9.5,6.7,8.1,9.0,4.0,2.2,10.0,1.5,2.4,3.1,6.1,8.3,1,3,0,Analytical,Data Analyst
8.37,6.5,8.1,6.6,5.1,6.0,4.7,3.7,6.0,3.1,3.6,4.5,9.9,8.7,7.9,8.1,7.0,3.8,6.5,4.7,2.5,5.3,9.0,3.1,3.9,2,4,0,Technical,Software Developer
8.81,7.4,3.7,1.8,6.1,9.2,1.5,4.1,4.7,5.2,5.7,6.3,6.1,8.2,5.8,8.9,8.4,3.5,10.0,3.0,2.5,4.8,7.1,9.1,3.8,1,2,1,Creative,Web Developer
7.14,9.2,7.3,5.1,5.4,7.4,2.5,4.0,9.1,5.3,9.0,2.0,6.8,10.0,5.8,7.7,10.0,3.3,5.1,5.9,5.5,8.0,6.4,3.2,3.0,4,1,1,Technical,DevOps Engineer
8.41,6.6,3.7,0.0,5.7,1.4,3.8,8.7,2.9,3.9,3.0,5.6,6.5,7.4,6.7,9.1,8.9,4.5,3.9,7.0,3.8,3.9,2.1,4.9,8.5,1,3,1,Managerial,Business Analyst
6.1,6.9,7.2,7.7,6.9,8.1,4.0,3.4,4.0,4.5,3.5,6.0,9.3,8.0,5.1,8.0,6.9,5.4,4.2,3.3,4.0,5.1,8.5,4.7,2.8,2,3,1,Technical,Software Developer
7.63,8.1,7.6,7.0,7.2,4.3,1.1,3.3,6.2,3.4,6.8,5.3,8.3,8.9,7.3,6.7,6.6,3.7,4.8,1.6,5.2,5.2,9.0,4.4,3.1,1,5,0,Technical,Software Developer
6.28,8.1,6.8,3.8,4.7,5.7,5.2,2.2,10.0,8.6,8.2,1.6,8.9,5.9,5.2,7.8,7.8,3.5,6.8,5.4,5.9,9.1,6.3,0.1,6.5,1,4,0,Technical,Cloud Engineer
7.36,7.0,5.2,3.2,7.4,9.6,3.7,5.9,5.5,3.3,2.7,8.6,8.9,7.4,6.1,8.3,6.3,1.7,9.0,2.6,5.6,5.1,9.0,5.7,4.8,0,0,1,Creative,Web Developer
8.45,9.1,4.2,8.9,7.4,4.6,8.8,5.8,6.5,2.4,6.1,3.9,9.6,9.1,10.0,5.5,7.0,10.0,4.7,7.4,4.8,6.5,7.6,4.2,3.4,2,0,0,Analytical,AI Engineer
7.09,8.2,6.1,4.6,4.9,4.5,4.3,3.9,8.5,9.3,8.1,2.8,7.9,7.3,6.4,9.1,8.0,2.7,5.5,5.1,4.8,9.0,5.4,2.6,5.6,1,0,0,Technical,Cloud Engineer
6.67,7.5,2.9,2.1,9.0,5.9,2.1,8.4,3.6,3.6,3.2,5.1,9.1,7.9,7.4,9.9,9.9,3.9,3.2,7.6,1.8,4.4,4.5,4.9,9.6,3,0,0,Managerial,Business Analyst
7.48,9.5,7.7,8.3,7.6,6.6,9.9,6.9,8.4,3.6,4.9,2.5,10.0,9.7,10.0,7.7,7.2,9.8,4.7,7.3,2.6,6.5,8.1,2.8,7.3,3,0,1,Technical,AI Engineer
8.15,7.1,2.8,1.9,7.5,3.0,3.9,8.6,3.6,1.8,4.0,4.9,9.1,9.2,8.4,8.6,7.9,6.0,3.1,10.0,2.7,3.6,5.0,5.1,7.9,5,7,0,Analytical,Data Analyst
8.53,8.3,3.4,6.0,6.7,5.8,1.2,4.1,8.1,9.1,7.5,3.2,7.8,9.1,8.2,6.6,6.2,3.3,5.9,6.0,8.5,5.1,5.3,2.2,5.8,4,4,1,Technical,Cybersecurity Analyst
8.04,8.9,3.8,4.6,8.3,4.3,8.4,6.9,5.3,2.0,3.5,4.1,9.6,9.2,9.2,8.9,7.1,8.7,2.6,7.8,3.6,3.3,4.0,4.2,6.1,3,1,1,Managerial,Data Scientist
8.15,7.0,5.7,6.0,6.2,4.2,4.1,4.4,4.4,9.2,6.1,4.5,7.5,8.5,8.2,7.2,7.8,4.7,5.0,5.0,9.9,7.6,7.7,0.9,4.0,4,2,0,Technical,Cybersecurity Analyst
7.11,9.8,3.2,8.8,6.7,2.8,8.2,7.6,6.5,4.9,6.6,0.6,7.6,10.0,8.6,7.5,6.7,8.4,3.5,8.6,3.0,8.6,6.8,1.8,5.9,0,3,1,Technical,Machine Learning Engineer
8.4,4.0,1.7,2.5,5.2,8.2,2.3,0.7,2.8,1.6,2.1,10.0,4.5,5.9,5.5,9.9,8.9,3.2,8.5,3.3,1.8,4.6,6.0,9.3,7.0,3,2,1,Creative,UI/UX Developer
7.44,9.7,4.8,7.7,6.8,3.4,9.6,8.2,9.3,4.7,6.4,1.7,9.7,10.0,8.4,5.4,6.2,10.0,3.6,7.2,4.3,7.2,9.0,3.0,5.1,0,2,0,Technical,AI Engineer
8.11,7.9,6.5,7.6,7.2,5.0,9.6,8.3,6.9,5.6,7.3,3.0,8.5,7.8,10.0,6.7,7.6,9.0,4.5,8.9,5.3,8.1,5.9,4.3,7.1,5,3,0,Analytical,AI Engineer
7.04,9.4,3.7,9.5,6.4,1.6,9.4,4.6,8.1,4.1,5.8,3.4,9.6,8.4,8.9,7.0,3.7,10.0,4.7,8.4,4.3,8.7,7.4,3.4,4.2,0,2,1,Technical,AI Engineer
6.79,8.7,7.1,3.3,4.9,5.6,3.6,5.4,8.8,7.8,7.8,4.3,7.8,7.0,6.1,7.7,7.9,4.6,4.9,4.9,5.8,8.8,7.6,2.2,4.6,3,1,1,Technical,Cloud Engineer
8.51,5.5,4.8,2.7,7.3,7.1,3.0,4.1,5.6,2.9,4.2,6.5,7.9,8.7,5.2,8.9,9.4,4.2,9.9,1.7,3.4,3.6,7.0,8.6,5.8,2,1,1,Creative,Web Developer
6.84,10.0,4.8,3.1,8.4,2.1,7.2,10.0,5.9,4.7,4.5,3.4,8.5,8.8,10.0,8.3,6.2,8.3,3.5,7.8,3.0,4.8,5.5,3.9,5.5,0,1,0,Analytical,Data Scientist
6.94,7.1,4.4,4.2,8.3,8.2,4.2,2.9,6.1,5.1,5.1,7.6,7.9,8.1,5.6,7.0,7.6,5.3,7.8,3.0,3.6,4.7,8.3,6.5,6.1,2,2,1,Creative,Web Developer
8.9,6.1,3.1,1.8,9.2,2.5,6.4,7.6,5.4,1.2,1.0,5.3,7.7,6.3,5.7,8.0,8.6,5.6,3.1,10.0,2.0,2.4,2.4,4.8,7.8,4,0,1,Analytical,Data Analyst
8.22,7.8,6.9,8.4,9.7,7.0,3.5,4.8,4.6,3.6,4.6,3.4,7.6,8.1,6.7,6.2,7.3,4.1,6.2,5.7,4.1,7.4,9.4,3.5,5.5,0,3,1,Creative,Software Developer
7.55,8.1,7.7,5.0,6.3,4.0,4.2,2.3,8.2,5.0,8.5,3.6,7.1,7.8,7.6,6.0,6.6,5.8,6.0,5.8,6.6,10.0,6.8,2.4,5.6,2,1,1,Technical,Cloud Engineer
7.93,3.1,3.0,1.2,3.1,8.6,1.6,1.9,4.3,1.6,3.9,9.8,4.4,7.6,4.6,8.2,10.0,4.0,8.3,3.0,4.2,3.0,6.6,9.9,6.7,2,3,1,Creative,UI/UX Developer
7.91,7.6,4.0,9.3,6.6,3.7,10.0,7.6,5.4,2.7,6.8,2.5,8.9,9.0,10.0,7.3,6.0,9.3,4.9,9.7,1.7,4.9,8.0,2.3,4.1,2,2,1,Technical,Machine Learning Engineer
7.6,4.2,2.5,2.5,8.1,3.6,3.6,9.8,5.7,2.5,4.3,5.1,8.0,7.1,7.6,8.1,9.1,4.7,2.7,8.6,4.6,4.8,4.5,7.7,8.9,2,6,1,Managerial,Business Analyst
7.29,7.6,3.9,3.8,7.9,2.1,6.3,8.2,4.6,4.4,3.8,5.9,9.4,8.1,8.4,7.6,8.8,5.5,1.4,9.8,0.0,4.8,3.7,7.1,8.5,1,5,1,Analytical,Data Analyst
8.03,7.3,7.1,5.5,7.0,5.2,3.1,5.8,6.1,9.4,6.1,1.8,8.9,9.1,8.2,6.6,6.8,3.2,4.4,4.1,9.8,7.3,7.1,3.8,5.7,0,4,0,Technical,Cybersecurity Analyst
8.47,8.5,5.5,3.6,4.8,5.1,1.2,3.4,9.3,5.3,9.6,2.4,9.2,6.7,6.1,7.9,9.3,4.2,6.2,4.1,6.5,9.6,6.2,1.5,5.5,1,0,0,Technical,DevOps Engineer
6.98,9.7,7.2,5.6,8.0,7.3,2.5,3.9,3.7,4.1,6.3,3.4,9.0,9.0,7.6,6.0,6.6,2.0,5.4,5.3,3.0,4.1,9.7,4.4,4.8,2,1,0,Technical,Software Developer
6.95,4.1,3.5,3.5,3.1,8.9,4.4,3.3,5.6,1.0,0.9,10.0,6.9,6.6,6.5,10.0,9.2,2.3,7.8,3.8,4.0,3.3,5.0,10.0,5.3,2,3,0,Creative,UI/UX Developer
8.06,8.5,8.6,7.8,4.9,7.3,2.5,5.2,6.3,3.3,6.0,3.6,7.6,8.8,7.3,6.5,5.5,3.9,8.5,0.9,5.0,6.2,7.5,3.5,2.9,0,6,0,Technical,Software Developer
7.55,4.6,3.2,2.8,7.0,2.9,3.6,8.1,5.3,3.3,2.6,2.2,8.4,7.8,6.7,9.7,8.1,2.4,3.4,6.7,3.3,4.2,2.7,5.3,10.0,1,3,0,Managerial,Business Analyst
7.32,5.4,2.9,1.3,6.2,2.4,4.3,6.2,3.1,3.0,4.4,6.8,7.5,7.4,6.8,10.0,7.7,3.2,3.4,8.5,2.0,5.4,4.9,5.9,9.0,2,2,1,Analytical,Business Analyst
7.48,9.1,6.1,5.5,4.4,4.1,8.6,7.4,5.7,3.5,7.0,3.6,5.9,8.9,6.5,7.5,7.7,8.3,4.1,6.3,4.0,7.0,8.3,3.7,4.4,1,1,0,Technical,Machine Learning Engineer
6.54,7.5,6.6,5.3,6.0,5.3,4.5,1.7,9.8,8.7,10.0,2.4,8.8,7.2,5.4,7.6,8.6,4.4,5.2,6.6,7.1,8.4,7.1,2.3,4.1,2,1,0,Technical,DevOps Engineer
8.16,7.5,3.4,5.7,7.8,3.8,8.8,10.0,4.9,2.8,3.9,5.3,10.0,9.0,10.0,7.7,6.8,9.8,3.5,8.2,4.1,4.8,4.6,5.0,6.9,2,2,1,Analytical,Data Scientist
6.83,6.1,4.6,0.7,8.0,5.5,3.5,9.7,5.7,2.4,1.0,6.4,8.5,7.4,8.8,10.0,10.0,4.8,3.2,8.6,4.4,5.1,4.7,5.1,10.0,2,2,0,Managerial,Business Analyst
8.0,8.5,5.3,4.1,9.3,4.4,7.1,8.4,6.4,3.3,4.1,4.2,9.2,8.1,8.7,8.4,7.2,8.3,3.0,9.6,3.0,5.2,3.1,4.3,6.9,1,2,0,Analytical,Data Scientist
7.89,5.6,2.4,2.7,6.7,3.2,4.9,10.0,5.4,3.0,0.6,6.0,8.8,7.8,5.6,7.1,6.2,2.8,3.0,8.6,4.9,3.8,5.4,3.3,7.4,3,1,0,Analytical,Data Analyst
7.33,10.0,4.6,2.8,7.5,5.7,9.3,7.9,6.5,1.6,3.4,1.4,9.2,7.2,8.9,5.8,7.2,8.4,1.4,8.5,3.1,5.5,6.7,5.3,6.2,1,4,0,Analytical,Data Scientist
6.05,6.0,4.6,3.6,7.4,7.6,2.3,4.2,5.5,3.1,5.5,8.5,6.4,5.8,8.0,7.8,7.5,3.5,9.7,4.6,2.3,4.6,9.8,8.9,5.8,0,4,1,Creative,Web Developer
7.37,8.2,3.7,3.2,6.7,2.5,4.3,8.5,6.1,1.5,3.5,5.2,7.7,6.7,9.8,7.8,8.5,5.0,2.5,9.6,2.3,3.5,3.2,5.5,8.1,1,3,1,Analytical,Data Analyst
8.89,6.0,7.2,7.5,8.9,5.2,2.5,4.8,3.6,4.5,6.3,3.7,9.1,8.8,6.2,6.3,6.6,3.9,6.2,4.6,4.6,2.3,8.9,2.3,3.7,3,2,0,Technical,Software Developer
7.64,7.7,7.2,6.3,7.2,6.7,2.1,5.0,4.3,4.3,5.9,4.0,8.5,7.9,6.8,6.3,6.2,3.8,4.3,3.5,3.7,4.7,8.7,3.9,4.5,2,1,0,Technical,Software Developer
6.29,5.3,4.3,1.6,5.6,8.6,3.1,4.5,6.2,3.4,2.1,9.5,7.3,7.5,7.4,7.2,8.5,4.3,8.1,2.3,3.8,5.0,7.3,7.3,4.9,1,2,1,Technical,Web Developer
7.72,8.1,5.6,9.5,7.8,3.7,9.1,9.2,7.6,5.1,6.7,3.6,8.9,7.7,8.2,6.0,6.6,9.6,3.9,8.2,4.7,6.5,8.3,4.8,5.5,4,3,0,Technical,AI Engineer
6.94,6.7,2.4,2.9,8.2,4.7,3.8,8.4,3.1,4.6,3.9,7.0,6.6,7.8,6.5,8.5,10.0,4.5,3.7,9.2,3.7,4.7,5.1,6.7,10.0,0,1,1,Managerial,Business Analyst
9.02,5.6,1.3,1.4,8.8,1.7,4.7,10.0,2.5,2.2,3.6,4.8,7.9,6.0,8.0,8.1,7.7,7.3,2.8,9.9,3.4,3.9,3.2,5.4,7.2,4,4,1,Technical,Data Analyst
8.24,7.8,7.7,8.2,7.4,5.7,2.0,3.0,6.0,2.3,6.8,3.5,8.3,9.3,6.2,6.0,7.1,3.1,4.8,2.9,5.3,5.4,8.1,5.0,3.2,2,2,0,Technical,Software Developer
8.77,4.1,2.2,1.0,7.8,3.5,4.1,8.4,3.4,3.9,3.1,5.2,9.4,7.0,7.9,8.1,9.7,1.4,4.2,9.4,3.9,6.2,3.7,6.4,10.0,0,4,1,Managerial,Business Analyst
7.98,2.1,1.5,4.3,9.0,2.9,5.2,7.4,3.5,3.3,1.2,8.7,8.3,7.6,7.3,9.8,9.0,4.9,2.9,7.5,2.8,4.2,4.7,5.4,9.2,2,2,0,Managerial,Business Analyst
6.71,6.9,4.6,1.9,6.5,9.5,1.5,5.2,5.6,4.9,5.2,8.2,9.8,7.5,5.6,9.8,9.4,3.8,8.6,3.0,6.2,5.1,9.2,8.3,5.4,0,3,1,Analytical,Web Developer
7.19,4.8,2.5,2.0,8.1,3.6,3.3,6.7,4.9,3.6,1.2,5.8,8.6,7.0,6.9,9.9,7.8,4.0,2.6,7.4,3.2,3.1,2.8,5.7,8.6,3,0,1,Managerial,Business Analyst
9.69,9.2,5.6,5.0,6.6,4.3,9.1,7.1,5.6,3.7,7.7,3.6,7.0,7.7,9.3,5.8,7.3,10.0,4.5,6.9,4.2,7.8,6.7,2.3,4.9,1,1,0,Technical,AI Engineer
8.65,7.7,2.8,2.5,8.1,1.9,3.2,8.8,4.3,4.0,3.5,5.2,7.9,7.1,7.6,7.7,7.1,5.9,2.0,9.2,1.2,4.1,4.9,5.4,7.8,5,3,1,Analytical,Data Analyst
8.8,8.7,5.0,8.5,6.3,1.6,10.0,7.5,6.5,3.3,6.0,2.1,8.8,7.9,10.0,7.8,7.6,10.0,2.1,9.7,3.0,8.0,9.4,2.7,2.5,1,5,1,Technical,Machine Learning Engineer
7.85,9.9,4.7,8.3,6.1,4.1,8.4,7.5,7.7,4.7,6.7,3.8,7.7,10.0,7.5,7.1,10.0,10.0,3.2,9.3,4.2,6.1,7.7,3.1,4.8,1,3,1,Managerial,AI Engineer
6.55,7.4,5.0,4.5,8.9,4.0,9.4,7.0,7.0,4.2,3.6,5.1,9.8,8.4,9.6,6.9,8.5,8.0,3.3,9.0,2.4,3.1,6.0,4.0,9.0,1,0,1,Analytical,Data Scientist
6.39,6.6,3.1,3.5,8.4,4.0,5.2,8.2,4.7,2.6,3.0,5.2,7.9,6.3,10.0,9.2,8.1,4.6,2.9,8.2,2.5,4.4,3.8,5.0,7.7,0,2,1,Analytical,Data Analyst
7.64,5.3,4.2,5.6,6.8,6.2,3.5,0.8,8.5,7.8,9.0,4.1,10.0,8.0,7.3,6.6,7.8,4.6,6.5,6.3,5.2,8.8,7.1,4.8,5.1,1,2,0,Technical,DevOps Engineer
7.3,8.0,6.7,5.6,4.4,6.2,2.4,3.9,9.5,6.1,10.0,4.0,8.9,8.9,6.7,8.8,6.2,5.0,5.5,3.8,6.7,7.7,7.5,5.5,5.7,1,4,1,Technical,DevOps Engineer
7.2,7.0,3.9,5.2,6.1,6.3,3.5,2.4,7.1,9.4,5.3,2.6,10.0,8.3,6.4,6.3,6.5,3.7,5.0,6.7,9.0,5.2,4.5,0.6,4.3,1,7,1,Technical,Cybersecurity Analyst
6.96,6.1,3.7,4.3,8.3,9.7,2.4,2.8,3.8,4.3,4.4,8.1,6.4,6.4,7.0,7.3,8.7,5.1,9.0,1.5,6.1,6.9,8.4,7.7,4.3,2,3,0,Creative,Web Developer
7.63,5.2,5.0,0.2,6.3,0.9,2.3,8.7,3.3,3.0,3.5,5.9,8.2,8.8,6.7,9.8,9.4,3.3,3.2,8.2,3.3,4.4,3.2,5.9,10.0,1,4,0,Managerial,Business Analyst
6.57,4.4,2.9,2.9,4.0,9.4,1.8,5.5,2.3,0.8,2.2,8.4,6.0,7.6,3.8,8.3,9.9,2.7,7.3,2.9,1.4,4.3,8.4,8.4,7.1,0,3,0,Creative,UI/UX Developer
8.07,6.4,6.6,1.9,6.7,10.0,2.0,4.0,4.4,5.3,3.5,9.6,8.4,8.6,6.5,6.8,8.8,3.5,7.2,3.6,3.2,5.2,8.0,6.5,6.8,2,0,0,Creative,Web Developer
7.95,5.5,6.5,3.9,7.5,4.5,3.0,3.5,9.2,5.6,8.7,2.8,8.3,8.2,5.4,8.9,8.9,3.6,4.5,4.8,5.5,9.1,6.1,1.3,4.2,0,0,1,Technical,Cloud Engineer
6.0,8.2,6.6,4.5,8.2,3.6,8.2,7.9,7.7,2.1,6.9,3.7,8.8,7.8,7.6,8.5,8.0,10.0,6.3,7.6,3.5,6.6,8.9,1.2,5.1,5,2,1,Technical,Machine Learning Engineer
8.0,4.7,3.5,3.8,3.9,4.5,3.4,8.0,3.7,3.7,3.1,6.9,8.0,8.6,7.9,8.9,9.8,5.0,3.7,7.2,2.1,4.9,4.7,5.6,10.0,0,1,0,Managerial,Business Analyst
8.52,8.4,5.7,2.7,9.2,4.5,3.9,5.3,8.9,5.6,6.8,3.9,6.1,8.1,6.4,7.4,7.3,5.4,6.0,4.8,4.8,9.8,7.0,3.0,5.9,1,1,1,Technical,Cloud Engineer
6.65,2.8,2.3,2.5,3.9,8.4,2.7,4.7,3.2,3.7,0.6,9.0,3.9,7.3,5.5,7.6,7.9,1.8,9.4,1.8,3.8,2.3,5.6,10.0,6.4,0,3,1,Creative,UI/UX Developer
6.62,8.9,5.2,8.1,8.5,3.5,8.5,8.2,6.8,3.4,7.1,1.1,10.0,10.0,8.8,5.6,7.2,10.0,2.2,8.1,6.1,8.4,8.1,3.9,5.0,2,4,1,Technical,AI Engineer
7.37,7.0,4.9,3.8,8.4,2.9,10.0,8.8,4.9,2.5,4.9,4.8,8.6,8.1,10.0,6.9,6.4,10.0,3.4,8.9,2.5,4.8,6.4,4.9,6.3,1,3,1,Analytical,Data Scientist
8.45,5.3,5.3,6.0,7.3,2.3,8.3,8.3,6.6,3.1,3.1,2.5,9.5,9.2,10.0,6.4,9.0,6.6,3.8,6.9,2.1,6.7,5.9,3.4,6.4,4,1,0,Creative,Data Scientist
7.92,10.0,3.9,8.0,6.4,5.6,10.0,7.6,7.0,3.8,4.8,3.9,9.1,8.2,6.8,7.6,6.6,10.0,2.5,8.1,4.0,6.8,9.2,3.7,3.1,2,3,1,Technical,AI Engineer
6.81,8.2,3.5,6.5,7.3,5.1,3.8,6.0,5.6,8.3,4.0,2.9,8.7,7.9,6.0,6.9,7.1,3.2,2.9,3.1,7.9,5.2,5.9,2.6,4.8,4,2,1,Technical,Cybersecurity Analyst
7.78,4.2,3.8,2.0,7.8,4.4,4.4,6.6,4.1,3.4,2.9,4.6,8.7,5.5,8.4,9.1,8.4,5.9,1.5,7.8,5.8,5.3,5.0,4.3,9.5,2,4,0,Managerial,Business Analyst
6.99,4.4,2.2,2.5,5.7,3.8,2.4,8.5,2.4,2.7,2.0,6.1,9.7,8.7,7.7,8.9,8.8,4.3,3.2,7.3,2.2,3.7,3.7,5.0,9.7,4,1,0,Managerial,Business Analyst
8.83,7.1,5.5,5.9,6.0,6.7,3.6,3.4,8.2,6.9,9.9,3.2,10.0,8.4,6.8,6.6,8.1,3.2,5.1,3.7,8.4,8.0,7.2,3.1,4.1,0,2,0,Technical,DevOps Engineer
8.21,4.2,1.7,3.1,6.8,3.7,3.8,8.8,4.8,0.8,2.3,5.7,9.2,6.9,6.5,9.0,8.6,5.3,3.1,7.1,2.8,6.4,4.0,7.7,10.0,6,2,0,Managerial,Business Analyst
7.46,7.2,3.6,9.2,8.2,3.7,9.6,7.0,7.2,3.8,5.7,2.6,8.6,9.9,8.4,4.8,6.5,8.6,2.4,7.7,1.1,5.5,7.7,3.5,5.6,2,1,1,Technical,Machine Learning Engineer
7.31,6.6,4.8,4.2,7.3,5.8,4.9,4.5,9.7,7.2,7.7,1.1,6.8,10.0,7.2,6.2,9.7,3.6,3.8,5.4,6.7,8.5,6.5,2.5,5.6,4,2,0,Technical,Cloud Engineer
6.68,5.4,4.2,3.7,5.3,8.7,2.5,2.6,4.6,5.0,4.4,7.1,8.5,7.8,7.5,5.7,7.7,4.9,8.7,3.2,5.4,4.1,8.5,8.8,5.1,1,2,0,Creative,Web Developer
7.06,7.7,7.7,7.0,4.4,6.7,1.5,3.2,5.5,2.0,3.5,5.3,8.1,7.8,7.1,7.2,8.2,2.8,4.9,4.7,4.7,3.5,7.9,3.8,4.0,0,1,1,Managerial,Software Developer
7.9,7.4,2.9,1.2,9.7,2.4,4.6,10.0,2.9,0.8,5.8,4.1,9.8,7.4,7.0,7.6,7.4,6.5,3.8,9.3,0.0,4.0,4.1,6.4,6.4,1,2,1,Technical,Data Analyst
7.81,8.1,5.9,7.5,6.7,5.6,5.3,3.2,8.6,9.0,7.1,3.0,8.9,9.8,7.2,8.2,7.3,3.5,3.8,5.5,8.7,7.1,5.0,3.8,6.7,3,3,1,Technical,Cybersecurity Analyst
7.61,3.3,4.3,1.3,8.1,4.1,2.8,8.7,3.5,2.2,3.0,7.9,8.3,9.0,7.1,8.4,9.4,4.4,3.0,8.8,3.5,3.8,5.0,6.0,10.0,0,2,1,Managerial,Business Analyst
8.36,8.7,2.7,5.1,8.6,4.3,8.4,6.7,5.4,4.9,5.1,5.9,8.6,7.7,9.6,7.3,6.4,6.6,3.4,10.0,1.7,6.6,5.3,4.1,5.7,1,1,0,Analytical,Data Scientist
8.66,5.7,7.5,4.8,7.4,5.5,4.2,2.0,9.1,5.6,7.6,4.1,6.2,8.8,7.0,8.4,5.2,5.1,6.3,4.9,8.1,7.2,6.6,4.1,3.7,3,2,0,Technical,Cloud Engineer
7.42,10.0,5.5,4.3,7.3,4.9,9.2,8.2,4.9,2.0,4.4,3.5,8.7,9.5,8.5,8.2,8.3,8.9,3.8,9.4,3.0,5.9,6.8,4.9,6.8,1,1,0,Technical,Data Scientist
6.92,7.1,5.7,4.5,4.4,4.5,3.7,4.4,9.9,5.5,9.7,2.9,8.5,7.7,4.5,7.1,7.0,3.0,6.1,4.7,4.7,8.3,5.3,4.0,6.7,3,4,1,Creative,DevOps Engineer
9.26,9.2,6.5,7.3,6.5,4.6,10.0,7.3,7.5,3.7,4.9,1.4,8.5,9.4,9.5,4.8,7.7,9.4,4.0,9.1,5.4,6.8,6.0,2.8,5.9,2,2,0,Technical,Machine Learning Engineer
7.2,7.2,6.2,6.1,6.0,5.2,4.8,5.1,7.0,9.0,4.0,3.4,5.9,7.4,7.2,6.3,7.1,6.0,3.2,5.2,7.7,6.2,5.2,0.9,6.4,2,4,1,Technical,Cybersecurity Analyst
6.13,9.7,5.6,6.5,7.3,3.1,8.2,9.0,8.4,4.8,5.3,4.0,9.6,7.1,7.8,8.2,4.2,9.6,3.9,7.1,4.0,7.0,7.7,3.3,5.6,2,5,1,Technical,AI Engineer
7.79,7.8,5.3,4.8,5.2,6.2,2.7,4.8,10.0,5.6,9.8,2.9,8.9,9.1,7.3,7.3,5.5,5.5,6.1,4.2,5.9,8.0,6.7,2.5,5.1,1,1,0,Technical,Cloud Engineer
7.66,8.5,3.9,4.4,9.0,3.6,8.6,9.4,6.6,3.4,2.3,2.9,9.7,8.2,8.3,8.0,7.3,8.3,3.8,7.6,1.1,6.7,3.8,2.4,6.6,0,2,0,Analytical,Data Scientist
8.18,2.5,1.5,3.7,4.6,7.7,2.0,2.9,3.0,1.8,3.5,9.0,5.9,7.3,3.9,8.4,7.5,2.6,9.0,3.1,3.6,1.9,6.4,8.4,3.6,2,4,1,Creative,UI/UX Developer
7.26,10.0,6.3,8.1,7.1,3.4,8.8,7.9,5.4,3.7,8.5,2.8,9.5,8.3,9.5,5.8,6.5,10.0,2.9,9.0,4.7,6.7,8.5,1.6,5.5,2,6,0,Analytical,Machine Learning Engineer
7.83,7.2,5.5,2.5,6.7,5.0,5.2,2.2,10.0,6.7,7.6,4.8,9.0,7.1,5.4,8.0,8.7,3.9,7.2,6.8,7.1,10.0,8.3,3.0,6.2,1,2,1,Technical,Cloud Engineer
9.2,7.9,5.8,5.5,6.4,4.8,4.3,3.6,7.1,8.5,6.4,2.0,8.4,7.5,6.1,7.5,8.0,4.4,6.4,6.1,9.8,5.4,6.3,2.9,5.6,1,2,1,Technical,Cybersecurity Analyst
6.66,8.4,6.7,5.9,7.2,4.4,2.3,4.0,7.4,6.2,10.0,2.8,9.1,9.0,7.4,7.7,8.6,5.1,7.9,3.9,6.1,10.0,6.5,3.7,3.6,0,3,1,Technical,DevOps Engineer
7.91,5.5,3.1,2.6,9.1,4.3,5.2,7.4,3.0,2.1,1.0,4.8,8.3,7.4,7.0,9.4,7.1,3.7,5.7,8.6,5.4,3.8,2.8,4.9,7.1,1,1,0,Creative,Business Analyst
8.85,7.3,4.0,6.3,6.4,4.9,7.4,9.2,4.5,3.4,5.7,4.1,10.0,9.9,9.0,6.2,8.5,8.4,4.5,9.7,4.5,7.1,8.1,4.0,4.9,4,2,1,Technical,Machine Learning Engineer
6.97,8.6,4.1,4.3,5.2,4.6,2.4,4.5,6.8,5.0,10.0,2.9,7.7,9.2,6.0,7.6,7.6,4.2,7.4,4.1,6.6,10.0,5.6,1.5,7.1,2,1,0,Technical,DevOps Engineer
6.81,6.9,6.3,1.8,6.3,7.8,3.5,2.5,4.5,4.0,3.9,8.9,6.1,8.2,4.9,6.9,8.0,3.0,5.6,4.7,1.9,4.4,8.0,8.0,5.1,2,2,1,Creative,Web Developer
7.68,7.9,8.0,6.4,4.0,6.5,3.2,3.3,3.2,4.7,4.7,4.6,10.0,6.1,6.2,6.3,8.6,2.2,8.1,4.1,3.9,4.8,8.5,5.2,2.8,0,1,0,Technical,Software Developer
8.31,4.0,1.8,3.6,7.3,3.4,2.0,7.3,4.0,4.4,4.8,6.5,8.7,7.6,6.0,8.7,9.7,3.2,2.3,8.9,0.9,3.0,3.8,8.6,8.8,1,3,0,Managerial,Business Analyst
8.84,6.6,5.4,1.8,10.0,1.9,4.1,8.8,6.1,1.7,0.9,7.6,8.3,8.2,5.7,8.3,7.5,3.9,3.7,7.6,0.9,5.3,3.2,4.5,8.1,6,2,1,Analytical,Data Analyst
8.05,4.4,4.1,1.9,7.3,4.0,2.2,7.3,6.3,2.2,2.2,5.1,7.8,7.5,8.0,7.8,7.9,4.8,2.1,8.3,3.5,4.7,5.1,5.0,8.2,3,2,1,Analytical,Data Analyst
8.83,5.7,5.0,6.0,6.8,5.3,3.3,5.6,5.2,8.4,5.7,4.1,9.9,6.2,7.6,7.3,7.6,3.4,8.1,4.3,9.6,8.9,5.9,1.9,6.0,1,2,1,Technical,Cybersecurity Analyst
6.82,8.7,1.8,8.1,6.8,3.8,8.4,8.7,7.5,5.6,5.0,2.1,9.4,9.9,9.3,6.5,10.0,10.0,3.2,7.3,3.2,8.5,8.5,4.3,4.8,0,0,0,Technical,AI Engineer
6.0,2.7,0.7,1.7,8.0,5.8,2.8,8.0,4.4,2.3,3.3,5.6,9.0,9.0,7.1,8.5,8.0,5.8,4.4,8.4,3.2,5.6,3.2,8.9,10.0,0,3,0,Managerial,Business Analyst
6.5,6.7,6.7,6.0,5.4,7.2,5.7,4.5,8.3,6.6,8.3,2.9,5.1,8.0,6.9,7.8,9.6,2.9,7.2,4.4,5.5,10.0,7.8,3.3,5.1,4,5,0,Technical,Cloud Engineer
6.57,8.1,6.5,6.5,6.2,3.9,10.0,7.7,8.1,2.5,5.4,3.5,8.2,9.5,10.0,5.1,7.4,10.0,3.3,8.5,1.0,6.5,6.4,1.9,4.8,3,2,0,Creative,Machine Learning Engineer
8.68,4.3,2.5,2.2,10.0,1.8,3.1,8.1,4.8,2.1,1.4,5.1,9.7,7.8,7.7,8.2,8.0,3.6,2.7,9.3,1.5,4.8,3.3,4.6,6.6,2,4,0,Analytical,Data Analyst
8.49,9.6,3.3,5.9,5.5,4.2,8.9,6.7,5.6,3.1,7.2,3.0,9.3,9.5,8.5,6.7,6.8,10.0,4.6,10.0,4.9,6.3,7.3,1.2,3.8,3,4,0,Technical,Machine Learning Engineer
7.91,7.6,4.7,8.6,6.8,3.1,10.0,6.8,8.0,5.5,7.1,2.5,10.0,9.3,7.5,6.9,5.9,9.9,4.9,9.2,3.9,6.0,6.2,4.2,6.1,1,1,0,Technical,AI Engineer
7.34,10.0,3.2,7.7,5.2,2.1,8.9,8.4,7.2,4.1,3.1,3.3,8.8,9.7,7.8,7.9,6.4,9.2,4.6,6.7,4.9,5.5,8.2,3.2,4.8,1,3,1,Technical,AI Engineer
6.27,8.6,6.0,6.4,6.3,7.1,2.9,4.1,9.6,9.2,8.6,3.1,7.7,8.2,5.9,5.9,8.6,4.2,5.5,2.7,7.5,8.0,9.5,2.9,5.0,1,1,0,Technical,DevOps Engineer
7.58,9.7,5.4,7.5,6.4,5.9,10.0,7.4,6.9,3.7,5.5,4.3,8.8,9.2,9.4,3.5,6.3,9.6,4.8,9.7,4.0,5.4,8.1,3.4,7.2,0,4,0,Technical,AI Engineer
8.18,7.3,7.4,6.8,6.4,5.3,2.3,2.1,8.1,5.9,10.0,4.7,10.0,7.7,5.8,6.0,10.0,4.9,8.5,4.5,8.0,8.2,7.2,2.3,5.2,1,1,1,Creative,DevOps Engineer
7.59,9.2,7.2,7.0,5.7,3.1,10.0,6.8,7.1,3.1,5.5,4.5,8.4,8.1,8.4,5.9,9.4,10.0,3.4,8.0,1.3,6.7,6.7,3.1,2.8,2,1,0,Technical,Machine Learning Engineer
7.33,8.6,3.3,2.9,7.6,4.2,6.5,6.9,4.8,1.0,2.4,4.9,8.0,7.6,9.2,7.6,8.3,6.5,2.0,8.3,3.4,8.2,5.6,3.7,5.7,2,1,1,Analytical,Data Scientist
7.04,3.3,4.0,2.4,1.3,8.6,1.8,4.3,3.1,2.3,2.9,8.5,6.8,6.3,5.1,10.0,7.8,3.4,8.4,2.6,3.0,3.4,6.6,7.1,7.6,2,1,1,Creative,UI/UX Developer
7.84,7.2,5.2,7.0,8.2,6.7,3.6,3.2,8.8,5.8,9.3,5.1,8.0,8.5,5.7,6.7,8.1,3.6,7.5,3.2,6.1,8.5,7.3,5.0,6.5,1,2,1,Technical,DevOps Engineer
7.93,2.8,2.3,0.8,6.8,5.0,3.3,8.2,3.4,2.8,3.1,5.2,8.2,8.1,8.4,8.1,10.0,4.3,4.1,7.8,3.0,6.6,5.9,8.0,10.0,2,2,1,Managerial,Business Analyst
7.52,2.8,2.3,1.4,3.1,10.0,3.2,3.0,3.1,0.0,4.3,9.8,6.7,8.4,6.1,10.0,6.6,4.0,8.5,2.5,3.1,3.1,6.6,9.8,6.2,1,2,0,Creative,UI/UX Developer
7.17,4.7,2.2,1.1,7.9,4.1,4.0,7.7,3.5,1.7,2.9,6.8,7.8,8.1,7.3,8.9,8.2,4.5,3.8,8.6,5.3,4.6,4.5,5.2,9.6,1,1,1,Managerial,Business Analyst
8.54,5.4,6.8,5.1,6.5,5.9,1.7,4.4,9.1,8.3,7.2,1.0,8.2,7.9,6.0,5.4,6.5,3.9,5.9,2.9,8.0,10.0,5.3,1.5,4.4,1,4,1,Technical,Cloud Engineer
9.01,6.2,6.1,6.3,7.0,7.7,2.0,2.8,10.0,6.6,8.5,3.0,8.2,8.8,6.8,6.4,10.0,4.6,5.8,4.6,6.9,9.2,4.3,2.7,4.3,2,1,1,Technical,Cloud Engineer
6.73,5.4,4.8,5.9,6.8,5.1,3.4,4.8,8.3,9.2,4.0,1.1,7.4,10.0,5.9,6.0,7.2,6.1,4.6,4.3,10.0,6.6,6.2,3.5,5.1,4,2,0,Managerial,Cybersecurity Analyst
7.75,6.9,5.8,1.5,8.2,8.8,2.6,3.7,5.5,2.4,3.3,6.9,8.2,9.4,5.3,8.4,7.8,4.4,8.8,3.7,3.0,5.1,9.0,7.6,5.3,2,2,1,Creative,Web Developer
7.18,7.6,7.3,8.2,7.6,6.7,4.8,4.5,3.7,5.5,4.3,5.0,9.7,9.0,5.4,5.5,8.5,3.8,6.1,4.8,4.8,5.3,8.8,3.7,4.9,2,2,1,Technical,Software Developer
6.74,3.6,0.7,3.6,5.4,9.1,2.8,3.2,1.5,0.0,4.1,10.0,7.0,7.8,5.1,8.4,9.6,2.6,8.3,3.1,0.4,2.4,3.6,9.9,6.4,1,3,1,Creative,UI/UX Developer
7.58,4.1,2.6,3.6,6.7,10.0,2.6,4.2,6.0,5.0,4.7,7.6,8.4,8.3,4.1,5.1,7.3,5.0,9.5,5.3,4.9,3.6,9.1,6.7,6.8,4,2,0,Creative,Web Developer
7.34,5.7,1.4,2.8,6.8,4.2,5.6,8.3,4.1,3.3,1.2,4.8,8.2,8.6,5.7,9.3,8.9,4.3,1.9,7.9,6.8,3.7,4.8,7.3,10.0,3,4,1,Managerial,Business Analyst
8.38,10.0,4.9,7.4,7.9,3.8,6.7,8.6,7.4,5.1,5.3,1.8,8.2,8.8,9.1,5.3,8.0,10.0,5.0,8.2,1.0,8.3,6.8,3.8,5.1,3,4,1,Technical,Machine Learning Engineer
7.59,6.8,5.6,7.7,8.1,3.8,10.0,6.6,6.5,3.4,3.2,3.4,7.1,9.7,7.9,8.0,5.2,10.0,2.8,10.0,2.8,4.3,3.5,5.2,6.6,0,2,1,Analytical,Data Scientist
7.24,3.0,1.1,2.4,4.1,9.7,0.1,3.8,4.9,2.1,4.0,10.0,8.0,5.4,4.7,8.9,8.4,4.9,8.5,3.4,3.2,1.5,6.0,8.8,7.4,1,1,0,Creative,UI/UX Developer
7.32,8.3,5.9,8.0,7.9,3.5,9.3,8.1,5.5,2.5,7.0,3.2,9.6,9.9,10.0,5.6,7.7,10.0,3.7,8.6,3.2,8.8,7.6,3.5,4.7,2,2,0,Technical,Machine Learning Engineer
7.76,10.0,5.1,4.0,6.2,2.5,8.1,7.4,3.5,2.0,3.8,5.7,7.8,9.2,7.9,7.3,7.0,10.0,0.1,8.1,3.3,5.5,3.7,4.0,7.0,2,3,0,Creative,Data Scientist
8.33,6.2,3.9,3.7,8.2,3.5,3.5,8.8,3.0,3.4,2.4,5.5,8.7,10.0,7.2,7.1,7.4,4.1,2.5,10.0,1.3,4.6,4.7,5.3,8.7,1,1,0,Analytical,Data Analyst
8.21,4.7,3.8,3.1,8.0,9.3,1.2,3.0,4.2,5.2,5.9,6.2,7.2,8.2,4.4,8.6,8.3,4.8,7.9,3.5,3.9,4.0,7.7,9.0,4.0,1,2,0,Creative,Web Developer
7.71,6.8,4.5,7.1,5.6,4.1,1.9,2.3,6.8,7.7,5.8,4.6,9.0,8.5,7.5,9.4,4.9,4.4,6.6,5.3,10.0,5.8,4.6,4.6,5.1,5,3,0,Analytical,Cybersecurity Analyst
7.92,5.9,6.9,6.6,6.4,3.7,3.5,4.6,5.5,7.9,7.9,4.1,8.4,7.0,5.1,6.5,4.5,4.0,2.8,4.9,9.7,6.3,8.4,2.3,6.9,0,6,1,Technical,Cybersecurity Analyst
7.91,6.3,6.2,4.7,5.0,5.2,5.0,4.9,9.9,7.2,6.9,4.2,7.2,7.4,6.1,8.4,9.2,2.8,6.5,2.4,7.4,8.5,7.0,3.7,4.1,2,3,1,Technical,Cloud Engineer
8.55,7.5,6.8,5.8,7.6,4.5,7.4,7.5,6.2,1.8,8.5,3.2,10.0,10.0,8.7,6.9,6.1,10.0,3.9,8.0,2.7,6.6,8.2,3.2,5.5,2,5,1,Technical,Machine Learning Engineer
7.5,3.4,2.8,3.4,7.8,4.0,2.4,8.1,3.9,3.6,1.5,5.6,8.2,6.6,7.9,9.5,5.9,3.1,3.6,10.0,3.6,1.1,3.1,6.4,7.9,3,5,0,Managerial,Business Analyst
6.95,6.2,6.0,3.3,6.2,7.6,5.2,1.6,5.4,3.4,6.1,6.2,9.3,7.9,5.8,7.2,7.3,3.6,10.0,1.6,3.2,6.6,7.9,7.4,3.6,2,2,1,Creative,Web Developer
8.76,8.3,6.6,5.8,5.8,4.9,2.0,3.5,9.8,6.3,9.6,4.4,10.0,9.3,6.3,5.4,8.7,4.5,6.8,3.4,7.0,9.1,6.5,1.3,5.1,1,3,0,Technical,DevOps Engineer
6.5,5.9,10.0,6.8,6.4,7.1,6.9,2.6,5.5,3.2,4.4,3.2,6.8,8.5,5.4,7.5,7.1,4.5,5.5,3.6,4.3,3.7,8.6,3.1,3.0,3,3,0,Analytical,Software Developer
8.54,9.2,3.8,2.0,5.8,2.4,5.0,8.4,5.6,2.1,4.2,5.2,7.7,7.0,6.4,9.2,7.0,5.6,2.4,8.3,2.6,3.2,3.6,3.6,7.5,2,4,1,Analytical,Data Analyst
8.0,2.3,2.7,0.9,8.3,2.9,2.8,8.2,3.3,2.2,2.9,7.6,7.8,10.0,8.3,8.6,9.4,4.9,3.4,8.3,1.9,5.9,4.1,7.1,8.9,0,2,1,Managerial,Business Analyst
8.74,4.7,2.5,0.1,9.8,2.1,2.4,8.0,5.4,4.1,1.7,4.2,9.0,7.3,7.3,9.3,7.8,4.4,4.4,8.1,1.8,4.6,4.7,6.1,9.6,1,0,0,Managerial,Business Analyst
8.2,10.0,2.4,2.1,6.6,2.9,6.3,9.8,2.1,1.2,4.0,5.7,7.5,7.9,6.2,6.6,4.8,6.0,2.9,9.5,0.0,3.9,4.6,2.7,8.0,0,3,1,Analytical,Data Analyst
9.11,3.7,3.0,1.8,3.4,7.7,2.3,3.2,1.6,2.3,5.0,9.0,6.8,6.9,5.0,10.0,7.2,3.8,8.5,2.0,2.5,0.9,6.2,9.2,6.6,1,5,1,Creative,UI/UX Developer
8.36,6.0,7.0,3.3,5.6,4.6,2.0,3.7,6.1,9.1,7.7,3.1,5.6,7.0,6.5,5.4,8.4,4.6,5.5,4.9,5.8,7.3,6.7,1.5,5.5,2,3,1,Technical,Cloud Engineer
8.46,4.7,4.7,3.2,5.1,9.7,0.8,3.5,6.9,3.1,4.7,6.6,6.8,8.3,7.8,7.5,9.3,3.2,10.0,5.3,5.3,5.8,8.7,7.2,3.4,1,3,0,Creative,Web Developer
8.1,8.6,2.9,1.8,9.3,3.0,7.3,8.8,4.4,1.2,4.0,5.3,7.6,6.5,6.1,8.5,6.0,6.4,1.6,9.3,1.0,4.0,4.0,5.5,6.3,2,1,0,Analytical,Data Analyst
8.34,8.2,5.8,7.9,3.6,4.2,8.0,8.5,6.4,4.9,6.1,2.9,9.6,10.0,7.7,5.3,6.9,9.1,4.5,8.9,2.2,6.6,5.8,2.0,3.2,1,1,0,Technical,AI Engineer
7.6,8.6,2.4,4.3,7.2,4.7,7.5,7.7,4.5,2.5,2.4,4.6,7.9,9.4,9.1,9.4,6.7,8.1,3.6,6.7,2.5,4.9,5.8,5.0,8.2,1,2,1,Analytical,Data Scientist
7.95,6.1,4.5,1.0,6.8,2.5,4.2,6.3,7.6,4.3,3.4,4.4,4.7,8.7,9.3,8.0,8.4,5.9,5.4,8.0,1.4,4.1,2.8,7.0,10.0,1,1,1,Managerial,Business Analyst
7.01,7.5,5.7,3.7,7.8,3.7,5.5,5.2,9.4,6.3,7.6,3.5,6.5,4.6,6.6,6.2,6.5,2.8,7.3,7.0,6.4,9.3,7.0,3.4,4.9,4,0,0,Technical,Cloud Engineer
9.23,6.9,3.7,1.0,9.6,1.7,3.2,10.0,3.6,1.7,3.5,4.7,6.8,6.9,6.4,9.3,8.8,4.1,3.5,9.2,3.6,6.6,4.8,4.4,6.7,1,4,1,Managerial,Data Analyst
8.5,4.8,3.8,1.7,3.3,8.7,1.1,2.9,0.7,3.1,2.0,10.0,5.4,5.5,3.1,6.1,10.0,4.3,8.7,5.0,1.0,1.9,5.7,8.9,7.9,2,6,0,Creative,UI/UX Developer
8.82,9.4,5.6,4.4,7.1,6.6,5.2,3.7,7.9,6.7,8.9,4.0,9.2,8.8,8.9,4.7,7.7,3.9,7.7,4.8,5.6,7.2,6.3,2.7,6.6,1,2,0,Technical,DevOps Engineer
7.7,9.0,3.1,2.1,9.4,3.0,5.3,8.4,2.8,1.0,2.6,5.1,8.5,8.0,7.5,6.8,8.3,3.3,1.7,9.5,2.9,4.7,3.9,5.5,6.8,1,2,0,Analytical,Data Analyst
7.42,9.6,7.3,2.2,8.0,7.3,4.8,5.3,10.0,7.5,8.6,3.1,6.8,6.5,7.4,7.8,7.5,3.6,4.8,4.6,7.3,10.0,6.5,3.3,6.7,4,2,1,Technical,Cloud Engineer
9.31,8.3,6.8,8.6,7.2,6.0,2.2,4.6,5.1,3.2,3.5,3.1,7.4,9.8,7.9,6.0,6.5,5.1,6.3,4.3,3.2,4.9,9.0,3.9,4.8,3,4,0,Technical,Software Developer
7.1,8.9,5.8,6.4,7.4,4.0,7.9,7.2,7.5,4.4,7.3,2.8,6.5,7.2,8.2,4.8,8.3,8.6,3.7,10.0,4.6,6.9,7.7,2.2,5.8,3,3,0,Technical,Machine Learning Engineer
7.87,6.1,2.3,3.1,9.2,2.6,2.7,8.2,6.1,3.1,4.6,5.3,7.6,8.5,8.9,7.5,6.7,3.3,2.2,10.0,1.3,5.0,6.2,5.0,8.0,1,5,0,Analytical,Data Analyst
7.52,6.9,4.3,4.4,10.0,3.6,6.8,9.5,4.5,1.6,4.8,3.2,7.8,10.0,9.6,8.2,5.5,9.3,2.7,8.5,3.4,5.0,3.4,5.0,8.2,3,2,0,Analytical,Data Scientist
6.25,6.9,9.5,4.0,6.9,6.0,1.2,4.3,5.5,4.6,2.1,5.5,7.2,9.3,7.8,5.5,7.7,3.6,3.7,5.3,3.1,4.1,8.6,4.3,3.9,1,1,1,Technical,Software Developer
7.62,7.3,2.5,1.1,10.0,2.6,4.3,10.0,3.2,2.4,3.6,5.3,10.0,6.6,9.2,8.5,8.5,5.4,5.1,9.1,2.5,5.4,3.4,6.1,8.0,1,3,0,Analytical,Data Analyst
7.61,5.0,1.0,3.8,6.4,4.1,4.6,7.2,4.0,4.3,1.4,5.4,7.7,9.3,7.4,9.3,7.6,4.7,2.2,7.4,3.6,2.8,3.1,5.1,10.0,2,6,0,Managerial,Business Analyst
6.69,7.4,8.0,7.2,7.4,4.5,2.2,4.1,4.4,3.6,4.9,4.8,7.9,6.3,6.3,7.0,7.8,4.9,7.2,4.1,4.3,3.9,6.6,2.4,3.2,0,1,1,Technical,Software Developer
7.04,6.3,6.8,3.3,7.6,6.6,4.1,5.1,7.8,7.2,6.8,1.0,8.4,10.0,5.7,7.5,8.0,4.6,4.4,5.3,8.2,10.0,4.4,4.3,5.5,2,0,0,Technical,Cloud Engineer
7.16,9.5,6.0,8.6,5.4,5.6,10.0,6.3,6.0,2.6,4.8,5.1,8.0,9.8,7.3,5.5,6.1,10.0,3.8,7.9,3.1,6.4,6.2,4.3,5.4,0,3,0,Technical,AI Engineer
7.29,6.8,2.6,1.6,8.7,4.6,4.2,9.2,4.8,2.6,2.3,5.1,8.6,6.3,8.9,9.6,6.7,5.2,3.7,8.9,2.5,4.2,2.4,5.5,6.8,3,3,0,Analytical,Data Analyst
7.26,8.7,3.5,7.8,7.7,4.3,10.0,8.7,8.0,3.6,5.9,1.4,9.3,9.6,9.5,5.9,7.7,8.1,4.1,9.1,4.2,7.4,8.1,3.1,6.4,3,2,1,Technical,Machine Learning Engineer
7.59,9.2,3.9,8.1,5.9,4.9,10.0,7.0,6.9,5.4,6.6,3.4,10.0,8.8,8.7,6.0,7.6,8.4,5.5,7.4,4.5,7.0,8.1,3.9,5.1,1,3,1,Technical,AI Engineer
7.54,7.8,6.2,5.7,8.4,3.5,8.5,8.2,3.4,3.0,6.2,4.3,7.8,8.8,8.8,6.4,5.8,8.5,1.4,9.0,2.9,5.8,4.8,2.8,7.2,2,2,0,Analytical,Data Scientist
7.04,6.2,2.8,4.9,5.0,10.0,2.5,3.1,5.7,3.6,6.0,7.8,8.3,9.1,5.8,8.6,8.6,5.5,9.1,5.0,3.1,2.8,6.5,7.6,5.3,3,5,1,Creative,Web Developer
7.64,6.5,5.2,7.0,7.2,3.9,4.6,4.6,8.2,10.0,6.0,2.2,7.7,8.0,5.0,7.2,6.1,4.6,3.9,5.4,10.0,6.9,6.3,0.0,5.1,0,2,1,Technical,Cybersecurity Analyst
7.94,4.9,6.9,2.5,6.8,8.4,2.2,2.7,2.7,3.6,7.0,9.3,6.3,6.2,3.7,6.4,7.4,4.4,9.0,4.5,4.7,5.4,7.9,9.1,5.7,1,4,1,Creative,Web Developer
7.87,7.7,5.3,3.5,6.7,9.1,2.0,3.8,5.3,3.5,2.9,7.3,6.4,6.8,5.2,8.4,6.8,3.0,10.0,2.7,2.8,5.9,7.9,8.1,4.8,2,2,1,Creative,Web Developer
7.57,5.3,6.4,5.5,5.2,7.4,1.7,2.7,4.1,3.8,4.5,6.0,6.4,9.7,5.6,7.1,6.3,3.5,10.0,4.2,4.9,3.7,6.7,9.2,5.9,2,3,0,Creative,Web Developer
7.25,7.1,5.4,5.5,3.7,6.0,3.0,3.5,9.0,7.7,8.1,2.2,9.2,6.9,5.9,9.4,8.2,3.7,4.6,1.4,7.7,7.2,7.1,4.4,4.5,2,6,0,Technical,DevOps Engineer
8.18,10.0,4.8,8.6,7.9,4.3,7.9,6.9,7.2,2.9,5.8,2.8,8.8,10.0,7.9,7.4,7.5,7.7,4.3,5.6,2.5,7.0,7.5,1.1,3.8,1,2,0,Analytical,Machine Learning Engineer
7.69,4.8,1.2,4.1,8.8,3.1,4.0,7.5,4.5,3.2,1.4,7.3,7.9,8.9,6.8,8.6,7.9,5.7,4.2,7.3,3.3,4.8,4.6,7.4,8.7,5,3,1,Managerial,Business Analyst
7.39,9.4,3.4,6.6,4.1,3.7,7.6,8.3,8.1,3.8,6.4,2.4,8.7,8.7,8.5,7.0,6.2,10.0,3.8,8.5,4.9,4.2,4.7,3.4,5.0,1,3,1,Analytical,Machine Learning Engineer
8.42,3.5,4.0,1.9,6.5,10.0,5.5,2.5,5.2,4.2,5.4,6.0,8.9,9.0,5.5,8.9,6.4,2.1,9.8,4.0,3.8,6.2,7.3,9.3,5.9,2,3,1,Analytical,Web Developer
7.53,8.1,1.7,3.5,6.3,0.9,8.2,8.2,5.2,3.3,3.0,6.0,8.5,9.9,7.2,6.6,7.8,8.3,1.8,7.0,3.8,5.7,5.3,3.5,5.8,1,2,1,Analytical,Data Scientist
8.61,6.4,7.6,9.1,7.4,5.8,3.3,3.3,5.2,4.1,6.1,5.1,8.5,8.1,7.8,6.4,5.8,3.6,6.1,5.0,3.8,3.7,9.1,4.1,4.2,2,2,0,Technical,Software Developer
8.13,7.8,5.7,4.4,5.6,4.8,2.9,2.9,7.1,5.7,8.6,2.9,9.2,6.1,7.6,9.4,10.0,2.7,6.2,3.4,6.5,10.0,6.3,1.6,6.2,1,4,1,Technical,DevOps Engineer
7.93,9.7,6.8,6.4,6.5,4.6,9.2,7.8,8.3,1.6,4.9,1.2,10.0,9.6,7.0,6.4,7.0,7.1,4.2,7.2,4.3,5.2,7.7,4.4,6.1,3,1,1,Technical,Machine Learning Engineer
7.98,7.9,4.6,3.0,7.2,3.0,9.9,8.3,4.6,3.8,2.2,1.9,8.2,8.2,10.0,8.8,6.9,8.3,2.1,8.9,0.2,4.5,4.9,3.1,6.3,1,6,0,Analytical,Data Scientist
7.64,6.3,6.9,6.3,5.8,4.7,3.3,6.5,6.1,9.7,6.9,1.8,6.5,8.0,7.7,5.1,7.3,5.4,6.5,5.7,9.8,6.7,4.7,1.5,3.1,2,8,1,Technical,Cybersecurity Analyst
8.1,9.8,5.6,7.3,7.9,2.4,7.8,7.5,6.2,3.8,6.5,2.9,8.4,8.7,10.0,7.7,7.9,9.7,4.2,9.3,3.1,8.3,7.7,3.6,4.4,2,3,1,Technical,AI Engineer
7.48,8.0,5.3,5.1,5.0,5.5,2.6,4.6,8.4,6.4,8.3,2.8,8.1,8.6,4.6,6.3,9.2,1.7,5.6,4.6,7.1,8.5,7.3,3.1,5.5,1,5,0,Technical,DevOps Engineer
7.27,5.6,8.3,8.5,6.3,7.6,2.2,2.8,4.9,3.9,5.8,3.1,9.5,10.0,7.0,7.9,5.8,5.2,7.2,4.9,4.0,1.8,8.3,3.3,2.9,0,2,1,Technical,Software Developer
7.65,7.8,5.6,7.9,5.8,3.6,8.5,6.3,6.5,2.2,6.7,3.3,9.4,9.5,10.0,5.6,6.2,10.0,3.9,9.7,4.1,8.6,7.4,1.4,5.4,2,2,0,Technical,Machine Learning Engineer
8.48,5.7,4.3,3.0,7.2,7.9,3.2,3.8,4.3,4.5,4.5,7.5,6.7,8.8,5.8,7.8,8.6,4.9,10.0,4.4,4.2,5.2,7.1,8.8,3.3,2,3,0,Creative,Web Developer
8.23,6.6,4.1,2.4,8.0,9.3,2.4,2.1,7.1,3.9,6.8,6.8,7.0,7.4,6.2,7.5,8.7,3.7,9.9,4.1,2.4,3.8,6.6,8.7,6.2,2,4,0,Creative,Web Developer
8.7,7.5,5.7,4.6,7.3,5.0,3.3,5.7,5.6,9.8,7.3,2.7,8.0,7.9,7.4,6.5,9.6,2.9,4.9,5.3,9.7,5.9,7.4,3.2,5.8,0,1,1,Technical,Cybersecurity Analyst
7.22,6.6,5.3,6.0,6.5,5.4,0.8,3.5,7.4,8.2,8.2,3.7,9.6,8.7,5.7,6.3,9.5,4.9,8.9,2.9,7.1,9.1,7.1,3.7,5.5,1,1,1,Analytical,DevOps Engineer
8.3,7.4,4.5,4.9,6.5,4.2,9.6,7.9,6.8,1.6,6.7,4.4,9.5,8.2,8.7,8.0,7.6,10.0,3.1,8.1,3.4,8.5,6.5,3.3,5.7,1,4,0,Technical,Machine Learning Engineer
7.8,5.9,3.5,2.6,7.3,2.8,3.6,6.9,4.8,3.9,3.1,5.5,7.0,7.3,8.4,8.4,8.6,3.6,2.5,7.6,2.6,4.0,2.8,8.1,8.5,3,2,0,Managerial,Business Analyst
8.1,7.3,4.7,5.5,4.1,3.9,4.8,4.9,5.9,9.1,7.0,1.0,8.9,6.8,3.9,6.3,6.5,4.1,4.9,5.6,8.7,5.0,7.2,3.9,5.2,2,1,1,Technical,Cybersecurity Analyst
7.92,4.6,4.7,2.5,6.5,9.7,2.2,3.6,5.7,4.0,2.4,8.6,5.4,6.8,5.6,7.4,6.2,4.2,10.0,3.2,3.6,6.3,7.5,5.3,5.3,3,1,1,Creative,Web Developer
7.86,8.1,7.1,7.5,4.1,7.0,1.3,5.7,4.6,3.8,4.3,3.7,9.6,5.8,8.4,6.9,5.7,2.8,7.8,3.0,2.7,6.3,9.4,3.0,4.2,4,3,0,Technical,Software Developer
8.02,7.1,5.5,4.4,7.0,4.4,2.1,2.4,9.1,8.2,9.8,3.7,7.9,9.0,5.7,6.4,8.0,4.0,8.5,5.0,6.6,10.0,9.6,3.0,5.4,0,3,1,Technical,DevOps Engineer
6.94,10.0,4.4,7.8,5.6,4.1,7.5,9.3,7.1,3.1,5.7,4.0,9.7,8.4,9.8,7.0,6.1,9.1,3.3,10.0,4.1,7.8,8.8,3.6,6.0,0,2,0,Technical,AI Engineer
7.81,2.5,4.8,1.4,1.8,8.8,2.1,2.8,2.1,2.0,1.8,10.0,7.3,7.1,3.7,7.3,8.9,4.0,8.5,4.1,2.6,3.0,5.6,7.7,6.5,0,0,1,Creative,UI/UX Developer
7.25,3.3,0.9,1.2,4.4,8.3,1.9,3.0,1.5,2.9,2.2,7.6,5.6,7.2,5.6,9.3,8.9,4.0,6.5,1.7,1.3,2.6,5.8,9.2,7.0,2,1,1,Creative,UI/UX Developer
8.14,8.2,3.3,6.6,6.7,4.0,10.0,5.9,6.9,3.2,7.1,4.1,8.1,9.9,7.2,5.0,6.0,7.3,3.9,7.9,3.6,7.6,6.7,2.1,4.1,1,3,0,Technical,AI Engineer
7.18,7.4,4.6,6.3,6.7,6.1,7.2,5.9,8.1,4.1,7.6,2.6,9.8,8.9,9.5,7.6,8.0,8.8,4.1,7.4,4.1,6.9,5.7,3.5,5.5,0,3,1,Technical,Machine Learning Engineer
7.69,7.4,4.3,5.0,7.3,3.7,10.0,7.2,6.2,4.8,7.5,3.1,7.9,9.6,8.2,5.9,8.5,10.0,3.0,10.0,3.4,7.4,9.5,2.8,5.3,4,2,1,Managerial,Machine Learning Engineer
8.46,7.8,6.4,6.7,6.6,8.2,2.6,2.7,8.8,6.2,9.4,3.7,7.1,8.7,7.8,5.9,6.9,4.2,5.0,4.2,6.3,9.8,7.9,3.5,5.5,0,2,1,Technical,DevOps Engineer
7.61,7.9,3.9,5.9,7.3,7.3,3.8,5.9,8.0,10.0,6.8,2.1,10.0,7.1,5.6,9.1,7.4,3.1,3.4,3.4,10.0,6.4,5.4,4.3,5.3,3,1,1,Analytical,Cybersecurity Analyst
6.81,8.6,4.7,7.9,7.5,3.6,7.8,9.5,5.0,4.2,4.7,4.0,10.0,6.9,9.0,6.9,7.8,9.9,2.9,8.3,5.3,5.3,7.9,4.3,3.9,1,3,0,Analytical,Machine Learning Engineer
8.27,9.0,7.0,6.3,7.4,3.7,10.0,6.5,6.0,4.8,6.0,4.4,10.0,9.2,10.0,4.9,7.4,9.3,5.7,5.6,3.2,5.6,7.7,3.8,5.0,2,3,1,Technical,AI Engineer
9.45,7.8,4.5,4.3,6.7,4.5,4.6,3.4,8.7,6.4,9.4,2.6,9.9,9.0,5.0,8.0,7.9,5.2,7.0,4.0,5.9,7.5,6.5,2.3,3.0,1,4,0,Technical,DevOps Engineer
7.57,8.2,6.4,7.2,5.0,4.9,8.7,8.0,7.4,4.4,6.4,4.5,9.2,8.9,8.7,6.6,6.7,10.0,5.5,8.9,4.3,7.1,7.8,3.8,4.4,1,1,1,Technical,AI Engineer
8.82,3.7,2.4,0.0,7.3,4.5,2.3,9.2,3.6,3.5,4.3,6.1,7.4,9.2,8.3,9.7,10.0,5.1,4.8,7.9,2.5,4.2,3.7,6.1,7.6,1,2,0,Managerial,Business Analyst
8.28,6.0,5.1,3.8,8.1,8.1,4.4,3.5,5.7,4.1,5.7,6.9,6.8,8.4,7.1,9.0,7.6,5.0,9.9,3.6,4.2,5.0,8.5,6.1,3.3,2,3,1,Creative,Web Developer
8.77,8.9,5.3,6.8,5.8,5.5,10.0,8.7,7.7,4.4,4.4,2.9,8.2,9.1,9.9,6.6,4.3,10.0,3.0,7.1,4.7,6.4,7.5,3.9,5.2,4,0,1,Technical,AI Engineer
8.04,2.9,4.1,0.8,5.6,10.0,3.3,3.8,5.0,3.5,1.3,8.7,6.5,4.5,4.8,9.9,8.8,2.8,8.5,4.0,3.0,3.2,5.6,10.0,6.4,1,2,1,Creative,UI/UX Developer
9.1,6.1,2.6,7.1,5.9,4.7,8.6,8.4,5.0,3.1,6.0,5.6,8.5,6.5,9.7,6.2,7.3,9.1,2.6,9.9,2.4,4.9,8.0,3.2,6.2,3,1,1,Analytical,Machine Learning Engineer
9.13,5.9,2.9,2.5,9.1,2.4,5.2,9.5,3.5,0.5,1.7,5.8,9.6,7.5,9.0,7.9,6.2,4.8,4.6,8.8,1.9,5.3,5.2,5.3,8.6,2,0,1,Analytical,Data Analyst
7.62,3.9,2.5,1.4,7.8,3.7,3.7,9.3,1.9,2.4,2.1,6.0,9.2,9.6,6.2,9.2,10.0,2.9,1.1,8.5,3.7,3.8,5.1,7.5,9.6,2,2,1,Managerial,Business Analyst
9.31,3.5,3.5,1.3,4.3,8.8,1.4,3.8,0.0,1.5,1.7,10.0,4.3,5.1,4.4,8.4,8.6,6.3,7.8,3.8,0.7,3.1,5.1,6.7,7.5,2,1,0,Creative,UI/UX Developer
6.78,9.3,7.9,4.0,4.8,6.4,2.6,4.8,9.1,6.7,8.8,0.0,7.2,9.8,7.7,5.1,6.8,2.8,5.3,5.2,4.9,9.4,9.3,3.7,5.5,1,3,0,Creative,DevOps Engineer
8.84,4.3,3.8,3.3,7.5,10.0,1.3,2.7,6.8,4.9,5.7,7.5,7.4,9.0,6.9,7.6,6.6,2.5,10.0,3.9,3.7,3.4,9.5,7.3,4.6,1,4,1,Analytical,Web Developer
7.23,6.9,7.7,5.7,8.0,4.1,3.9,4.2,6.2,10.0,6.0,2.2,10.0,7.4,5.7,5.2,6.8,4.4,2.7,3.6,9.1,7.6,8.1,3.6,7.7,1,2,1,Technical,Cybersecurity Analyst
9.54,6.4,2.8,1.5,8.1,2.8,2.9,7.0,4.9,2.6,3.5,4.8,6.3,7.4,5.7,8.8,9.1,3.7,4.5,5.8,3.6,5.4,3.5,6.5,10.0,0,1,1,Managerial,Business Analyst
7.22,6.5,6.6,7.3,6.9,6.8,3.3,3.3,5.4,4.1,6.0,4.9,8.0,7.5,6.3,5.9,6.7,4.3,6.8,3.9,4.0,5.2,8.4,3.0,2.1,2,1,1,Technical,Software Developer
8.41,9.5,3.8,6.6,7.2,3.4,10.0,7.1,6.2,3.0,7.0,3.7,9.5,7.0,8.7,7.0,7.7,9.3,4.0,7.9,4.9,5.0,8.0,1.9,4.5,2,2,1,Technical,Machine Learning Engineer
8.05,5.1,2.0,2.2,7.4,2.5,3.6,8.7,3.8,5.7,3.0,6.5,8.2,8.7,7.6,8.3,9.3,4.2,2.9,7.8,2.8,5.9,3.1,6.3,9.8,3,2,1,Managerial,Business Analyst
8.4,8.7,5.0,3.5,9.5,3.7,8.3,9.8,4.8,0.7,2.6,5.6,8.8,8.7,10.0,7.8,6.7,8.0,1.7,7.8,3.2,4.8,5.5,3.9,5.8,3,3,0,Analytical,Data Scientist
6.23,10.0,5.2,7.1,6.9,5.0,10.0,9.0,7.4,6.4,5.9,4.8,8.4,9.1,9.7,7.2,7.3,9.8,5.4,8.1,3.3,6.9,8.9,4.4,4.9,1,0,1,Technical,AI Engineer
9.34,10.0,5.7,8.8,7.1,7.0,8.1,5.0,6.0,1.9,4.6,2.8,8.8,10.0,10.0,7.3,5.7,8.9,3.7,7.5,2.5,8.4,5.8,2.9,5.1,1,2,0,Technical,AI Engineer
8.59,9.8,4.7,4.6,10.0,3.0,7.6,7.2,6.0,2.8,4.9,3.5,9.2,8.1,8.8,7.4,5.1,8.3,3.6,7.9,5.1,5.0,4.3,3.3,8.5,1,4,1,Managerial,Data Scientist
6.12,5.9,1.7,0.9,2.3,9.9,2.6,3.9,4.2,4.2,2.4,9.6,6.0,7.2,2.9,7.5,7.9,4.4,7.6,5.1,1.1,3.7,5.5,9.1,6.0,2,4,0,Creative,UI/UX Developer
8.68,9.1,6.5,4.7,6.8,5.3,3.3,3.7,8.6,6.1,7.4,2.8,8.7,8.9,8.1,9.3,7.3,3.7,6.9,6.5,8.8,8.9,6.0,1.4,3.5,6,2,1,Analytical,DevOps Engineer
7.35,6.6,6.6,4.6,5.8,5.0,4.6,4.8,8.8,7.5,8.5,4.5,9.0,9.3,6.1,6.0,8.3,5.4,5.9,3.9,6.8,9.9,5.0,3.4,6.8,3,0,1,Creative,Cloud Engineer
7.06,7.0,0.7,0.9,8.2,3.9,4.2,8.1,5.0,3.5,1.3,5.1,5.1,7.2,9.6,8.1,6.0,3.5,2.0,8.8,0.0,4.4,4.6,4.6,10.0,0,3,0,Managerial,Data Analyst
7.12,6.4,2.9,0.6,7.6,1.8,5.7,10.0,3.1,5.0,2.0,4.5,8.5,8.1,7.1,9.2,8.8,5.0,2.8,8.8,0.9,3.1,4.6,5.0,7.7,0,2,0,Analytical,Data Analyst
8.91,9.8,8.4,5.5,6.4,5.5,3.1,5.2,9.5,7.1,8.3,5.1,9.0,8.7,7.5,6.3,7.2,3.6,5.4,4.1,4.3,8.0,4.8,2.7,4.8,0,4,0,Technical,DevOps Engineer
8.07,9.9,3.8,6.2,7.2,3.8,10.0,7.2,7.2,3.8,4.7,0.4,8.6,9.5,10.0,5.6,7.5,9.2,5.9,8.5,3.0,6.7,7.7,4.5,5.0,1,1,0,Technical,Machine Learning Engineer
7.95,8.5,4.6,5.2,5.3,6.0,2.4,3.9,7.4,8.5,9.4,2.8,8.0,10.0,6.9,8.5,7.9,3.9,5.5,4.2,7.2,6.9,7.2,3.3,3.4,1,2,1,Technical,DevOps Engineer
8.62,3.7,2.2,3.0,2.7,9.4,3.0,2.5,3.4,0.2,4.3,9.8,6.9,7.7,3.7,9.4,8.3,2.5,9.6,2.5,1.6,1.3,4.0,7.9,7.5,1,1,1,Creative,UI/UX Developer
7.25,5.9,2.9,3.1,6.9,4.6,4.3,8.2,2.2,2.8,2.8,5.2,7.0,7.1,7.0,7.9,6.8,3.3,6.0,8.0,2.2,2.1,1.8,5.1,8.2,5,5,0,Analytical,Data Analyst
7.9,9.6,4.4,5.9,7.1,3.0,9.6,7.9,8.0,2.1,6.8,3.4,7.9,8.3,6.9,4.8,6.9,10.0,3.9,8.4,2.1,4.2,7.9,2.3,3.0,1,4,1,Creative,Machine Learning Engineer
7.63,9.2,4.3,3.7,7.7,2.6,7.6,9.3,3.6,2.9,3.6,4.7,6.9,8.5,9.4,5.4,5.8,8.4,3.6,9.2,3.6,3.8,3.3,4.1,5.6,3,0,1,Managerial,Data Scientist
8.93,6.1,4.0,5.5,8.2,4.9,4.0,4.8,6.6,8.3,7.4,4.4,9.6,8.6,5.6,8.3,7.9,3.7,5.0,3.7,5.1,9.1,6.1,1.8,4.9,3,4,1,Technical,Cloud Engineer
7.33,6.4,2.9,0.6,5.5,3.0,1.5,8.4,4.0,2.6,2.3,6.4,9.4,7.9,7.2,10.0,9.3,4.8,4.6,8.1,5.5,5.4,2.4,5.4,8.8,3,1,1,Managerial,Business Analyst
7.03,8.4,6.2,7.7,6.3,8.9,3.1,3.3,5.1,4.0,2.8,4.4,7.7,8.5,6.0,5.3,8.0,5.2,6.5,2.0,4.5,3.0,8.3,5.0,4.7,4,1,1,Technical,Software Developer
8.16,5.6,4.2,4.2,7.3,7.9,3.9,2.6,3.8,3.0,5.3,8.6,7.8,7.4,5.1,8.3,7.9,4.4,9.3,3.8,4.4,7.7,8.4,7.6,5.2,3,2,1,Creative,Web Developer
7.81,6.5,4.6,3.2,7.1,8.4,2.8,4.6,4.9,3.5,5.3,8.0,6.8,7.6,4.8,7.9,7.7,5.6,10.0,4.3,4.2,6.0,6.3,8.1,4.7,1,4,1,Managerial,Web Developer
8.04,6.9,1.7,3.0,6.9,3.1,7.1,9.3,5.5,3.5,5.1,4.3,8.3,7.6,10.0,7.8,7.2,7.8,3.3,8.1,3.3,4.7,5.8,2.5,7.1,3,2,1,Analytical,Data Scientist
6.97,5.7,6.6,7.6,8.0,6.3,2.3,4.5,4.5,3.2,3.7,2.1,7.6,8.7,6.9,6.0,6.0,4.7,4.6,4.9,2.9,4.2,7.4,3.4,5.1,3,3,0,Analytical,Software Developer
8.43,5.0,3.1,3.6,5.4,7.2,1.3,2.7,3.1,2.6,2.6,10.0,6.5,6.9,4.0,8.6,8.1,3.2,8.1,5.2,2.0,3.4,5.9,9.3,6.6,2,0,1,Creative,UI/UX Developer
9.08,6.0,2.0,1.4,6.5,4.1,4.2,6.8,3.0,4.1,4.3,6.4,7.7,7.0,6.5,9.3,8.7,3.4,3.5,7.8,4.7,3.6,3.9,5.1,9.3,0,4,1,Managerial,Business Analyst
9.15,9.1,6.9,5.4,4.6,4.6,1.8,3.8,10.0,7.3,9.8,2.7,8.3,9.1,6.5,7.2,6.4,5.9,5.1,4.3,6.5,9.3,7.8,4.4,4.3,4,6,1,Technical,DevOps Engineer
7.97,2.5,5.3,3.3,4.7,8.9,1.1,3.3,3.4,1.6,3.3,6.8,8.3,7.6,4.4,9.3,8.9,4.1,7.2,3.0,1.8,3.3,5.9,7.9,8.2,1,2,0,Managerial,UI/UX Developer
7.83,8.1,6.4,7.9,6.8,2.4,9.9,9.4,7.6,2.4,5.5,4.8,7.7,9.5,6.5,6.2,7.6,9.5,4.6,7.2,2.6,7.0,8.3,3.2,6.0,1,5,1,Technical,Machine Learning Engineer
8.82,10.0,5.2,6.9,6.1,4.6,9.2,8.0,6.5,4.6,6.5,3.1,7.1,8.0,10.0,5.1,8.4,7.6,3.1,7.6,6.0,7.0,7.3,2.5,5.6,1,2,1,Technical,AI Engineer
6.68,7.8,7.0,5.8,6.3,5.5,4.3,3.2,8.0,5.9,10.0,1.9,8.4,8.1,5.6,5.9,9.0,4.8,6.4,3.7,5.9,7.0,7.5,2.1,2.7,1,3,1,Technical,DevOps Engineer
7.7,7.3,7.5,5.5,5.0,5.4,2.8,5.1,10.0,4.9,8.8,4.3,8.4,8.3,7.1,5.5,8.7,4.3,6.7,5.2,6.4,8.5,7.2,0.7,6.2,2,1,1,Technical,DevOps Engineer
8.26,8.0,6.1,4.1,6.8,6.3,2.8,3.5,8.3,5.4,10.0,1.1,8.7,8.6,7.0,6.5,8.2,5.3,5.8,5.3,6.4,9.1,5.6,4.1,7.3,3,1,1,Technical,DevOps Engineer
8.11,8.1,6.6,3.8,6.0,4.9,4.4,5.3,8.5,6.1,9.4,3.5,8.5,9.8,6.9,6.7,7.1,4.0,7.1,5.9,7.0,9.8,7.3,1.7,5.5,1,0,1,Technical,Cloud Engineer
6.62,9.1,7.7,4.4,5.8,5.0,3.3,4.9,9.4,6.2,8.6,2.3,10.0,7.9,7.4,6.6,6.0,3.9,4.9,3.4,5.5,8.6,6.4,2.0,5.7,1,1,0,Technical,DevOps Engineer
8.03,8.4,6.9,6.8,7.5,3.8,8.9,8.6,6.7,2.9,6.9,2.8,9.6,10.0,9.6,5.3,3.7,10.0,4.6,8.9,2.7,4.2,5.3,2.6,5.2,2,1,0,Technical,Machine Learning Engineer
8.21,7.6,2.6,2.2,8.3,2.3,4.5,9.1,2.5,2.1,1.0,7.1,7.9,6.3,8.1,7.2,7.5,5.5,1.9,10.0,4.2,3.4,2.8,4.4,7.5,1,2,1,Analytical,Data Analyst
7.43,7.1,7.4,3.8,7.0,4.9,2.2,5.3,8.6,6.3,8.7,2.3,9.3,8.7,5.6,8.0,7.6,5.4,6.0,3.1,6.0,9.7,7.3,2.9,4.2,6,3,1,Analytical,DevOps Engineer
8.17,4.8,5.5,4.7,5.8,5.2,3.0,5.9,8.7,5.7,8.9,2.4,7.8,6.8,6.1,7.0,6.1,4.4,6.6,2.8,5.8,10.0,6.3,4.3,5.5,2,4,1,Technical,Cloud Engineer
7.45,7.7,3.8,2.1,9.5,5.8,6.4,8.4,2.4,1.6,2.0,5.5,6.7,7.4,8.4,7.9,6.5,6.3,0.9,9.1,2.0,4.0,4.2,5.7,8.0,0,2,1,Analytical,Data Analyst
7.73,5.4,2.4,4.0,7.1,3.3,2.7,8.5,5.0,3.1,3.2,5.3,6.1,10.0,8.1,8.3,9.7,5.3,3.7,9.7,0.5,5.0,2.5,6.3,10.0,1,1,0,Managerial,Business Analyst
8.17,6.7,5.7,6.0,6.9,7.5,2.7,3.4,10.0,8.8,9.9,1.1,8.8,7.5,6.6,7.2,9.3,3.0,8.6,3.5,4.8,6.2,7.3,2.7,4.8,1,4,0,Creative,DevOps Engineer
8.41,6.6,6.7,4.3,7.2,5.6,5.8,4.6,6.5,10.0,7.5,1.9,7.4,8.6,8.1,7.8,6.9,6.9,4.7,5.5,8.2,5.8,6.0,3.1,2.6,2,3,0,Technical,Cybersecurity Analyst
8.44,8.0,5.2,7.1,8.0,2.6,9.7,6.6,7.4,4.7,5.8,4.3,7.3,10.0,10.0,6.9,6.8,9.8,3.3,10.0,2.9,7.9,6.7,4.8,7.2,0,2,0,Technical,Machine Learning Engineer
8.06,9.1,6.0,4.8,8.1,5.2,9.5,6.5,6.2,2.2,5.1,1.7,9.2,8.1,8.2,7.2,7.0,9.1,3.8,10.0,4.9,3.8,7.0,3.0,7.3,0,2,1,Managerial,Machine Learning Engineer
7.42,7.9,7.0,6.5,7.2,7.1,3.2,4.7,8.3,8.2,6.2,1.8,10.0,7.2,6.9,5.8,5.4,2.4,4.8,5.5,9.5,6.8,5.5,3.6,5.8,0,3,0,Technical,Cybersecurity Analyst
6.8,8.4,3.1,1.0,8.2,4.5,8.5,9.6,6.2,2.1,6.3,4.4,9.0,7.4,7.3,6.3,8.0,10.0,3.3,9.1,4.1,6.5,3.4,5.8,6.6,2,2,0,Analytical,Data Scientist
6.91,10.0,5.2,7.0,4.9,3.2,10.0,6.2,7.4,3.7,5.6,1.8,8.8,10.0,9.0,7.6,5.4,9.4,3.8,7.9,4.5,7.3,6.4,2.7,5.0,2,2,0,Technical,AI Engineer
8.01,5.3,3.8,2.1,7.7,2.4,2.0,9.1,4.2,3.5,3.3,5.1,6.7,9.2,7.5,10.0,7.8,4.6,4.4,10.0,3.5,4.9,3.2,5.8,8.1,2,0,1,Managerial,Business Analyst
6.54,8.0,5.4,8.0,8.6,3.3,9.2,7.0,7.3,3.4,4.1,4.2,8.2,8.7,9.1,7.0,3.7,7.7,3.7,10.0,3.0,6.6,9.0,4.3,5.5,2,1,0,Technical,AI Engineer
8.46,8.1,6.3,5.9,5.2,6.6,4.7,4.8,5.1,9.7,4.8,3.2,9.0,7.7,7.5,6.5,8.1,3.9,5.7,7.8,8.6,5.0,6.1,3.0,4.0,0,2,0,Technical,Cybersecurity Analyst
7.26,6.8,6.6,5.2,5.1,7.3,4.3,2.0,7.8,8.4,8.5,1.0,10.0,7.2,4.3,3.9,7.7,5.3,6.7,5.2,6.3,6.8,7.8,4.1,6.5,3,2,0,Technical,DevOps Engineer
7.49,7.3,5.8,6.8,5.7,7.3,2.8,4.6,10.0,5.6,10.0,1.4,8.1,8.2,6.4,6.4,8.4,3.6,6.2,3.6,6.1,8.8,7.0,3.4,5.7,3,3,0,Technical,DevOps Engineer
6.91,6.6,5.2,3.2,5.6,8.1,3.1,3.1,3.9,5.3,4.4,7.0,7.3,8.5,6.1,8.9,8.4,4.5,8.6,1.9,4.4,6.9,8.9,9.3,5.2,2,1,0,Creative,Web Developer
8.64,10.0,3.6,5.7,6.8,4.6,10.0,9.9,5.9,4.1,4.5,2.9,9.0,7.3,7.7,7.8,6.3,10.0,4.9,10.0,1.5,3.8,6.0,3.7,6.2,1,1,0,Analytical,Data Scientist
7.87,5.0,3.5,0.8,8.9,2.4,4.0,10.0,2.3,1.5,2.3,6.5,7.6,6.5,7.8,7.0,6.7,5.8,0.0,8.4,1.3,5.7,4.5,5.0,7.9,2,5,1,Analytical,Data Analyst
7.92,4.3,2.7,3.7,3.9,8.4,2.5,5.7,2.2,0.1,3.0,10.0,7.1,6.4,5.0,7.4,6.5,3.2,7.4,3.2,0.4,4.9,6.5,8.9,6.6,5,1,1,Creative,UI/UX Developer
8.03,7.5,6.1,3.8,7.5,4.7,1.8,3.8,8.5,5.8,8.3,2.1,8.9,8.1,6.2,7.5,6.5,4.5,5.3,4.7,6.2,8.8,5.6,2.9,5.4,2,1,1,Technical,Cloud Engineer
8.19,8.7,4.2,5.2,7.2,8.0,1.9,4.7,6.3,4.9,8.8,2.9,7.1,9.1,5.0,6.9,8.9,5.7,8.4,3.2,7.0,9.7,9.3,3.8,3.9,2,2,0,Technical,DevOps Engineer
7.85,10.0,2.9,7.3,7.3,4.4,7.2,6.9,6.3,4.7,8.6,2.3,7.6,9.9,10.0,7.7,6.2,10.0,4.8,7.6,5.6,5.5,6.8,3.8,5.0,3,1,0,Technical,Machine Learning Engineer
7.45,7.9,4.4,4.8,6.9,5.6,4.2,3.7,10.0,5.6,7.5,3.6,9.4,6.2,5.3,7.2,8.7,1.8,3.8,6.9,9.3,9.7,6.0,2.8,3.6,0,0,0,Technical,Cloud Engineer
7.5,8.2,5.8,8.9,6.2,3.9,8.4,7.7,6.9,4.0,7.4,4.5,8.8,9.0,10.0,7.6,8.8,10.0,4.3,7.5,2.3,8.2,8.7,5.0,3.7,2,0,1,Technical,AI Engineer
7.9,5.3,6.9,4.7,5.7,8.9,2.6,4.3,3.3,2.1,3.7,9.2,6.8,8.9,6.6,7.3,8.9,2.6,9.0,1.1,4.1,4.1,10.0,8.1,5.9,0,0,1,Creative,Web Developer
8.33,8.6,3.4,6.9,7.3,5.6,9.0,6.7,5.8,3.7,5.7,3.2,7.7,9.4,9.1,6.7,7.0,10.0,4.6,9.4,5.4,7.6,7.3,2.8,5.9,0,4,1,Technical,AI Engineer
7.72,5.6,5.3,6.0,8.1,4.5,4.4,5.5,6.8,8.5,6.1,3.8,9.3,9.7,6.2,8.4,6.7,5.7,6.4,3.3,9.7,5.3,5.7,3.8,3.6,3,5,0,Analytical,Cybersecurity Analyst
8.24,10.0,6.9,7.2,6.4,5.7,9.1,7.1,6.7,3.3,3.8,4.2,8.2,7.4,10.0,5.4,8.2,10.0,4.5,6.7,2.0,6.2,4.7,0.9,5.9,3,2,1,Technical,AI Engineer
9.7,8.1,4.2,6.9,7.8,4.6,8.9,7.5,8.8,4.8,8.4,3.8,8.9,9.4,10.0,7.1,5.1,10.0,5.6,9.9,2.0,6.9,8.6,3.0,5.4,1,1,1,Technical,Machine Learning Engineer
7.82,8.3,4.9,3.4,6.1,5.8,3.3,5.3,9.7,7.0,8.8,4.2,5.3,8.0,7.4,9.8,7.4,2.1,7.6,3.7,7.0,10.0,6.6,0.7,5.1,0,3,0,Technical,Cloud Engineer
8.56,6.7,6.9,3.8,5.9,5.2,4.0,2.3,9.6,4.1,8.0,2.3,6.1,9.0,6.0,5.6,7.8,5.6,4.7,6.1,4.8,7.2,6.1,2.9,6.6,1,2,0,Technical,Cloud Engineer
7.3,4.6,6.0,4.3,6.0,10.0,1.1,2.5,4.0,3.3,4.0,7.0,8.3,7.7,9.5,9.1,9.4,3.0,9.1,3.0,2.8,7.3,9.2,7.8,5.5,0,1,0,Creative,Web Developer
7.23,6.6,4.4,4.7,9.7,10.0,0.2,3.8,4.1,3.6,3.2,7.8,9.4,7.9,7.1,7.9,8.8,1.5,10.0,4.4,5.9,3.4,9.8,7.6,5.2,3,1,0,Creative,Web Developer
7.06,6.8,6.5,6.8,6.5,4.7,1.7,6.3,4.1,3.6,4.6,3.5,8.7,9.5,6.7,5.1,8.4,3.9,7.9,1.5,4.2,7.1,8.6,3.8,4.3,5,1,1,Creative,Software Developer
8.41,9.9,5.2,9.0,7.9,4.7,6.0,5.3,6.2,4.3,4.4,4.0,9.1,8.9,9.1,4.4,8.8,9.1,4.2,8.1,3.3,7.1,6.4,3.4,5.1,1,4,1,Technical,AI Engineer
8.34,3.8,5.5,1.9,6.4,9.0,2.1,2.4,4.3,3.9,4.6,6.9,7.0,8.6,6.0,5.8,8.1,5.1,9.7,5.1,2.2,4.5,10.0,8.5,3.5,3,0,1,Creative,Web Developer
7.13,10.0,3.8,7.1,4.8,4.9,8.6,6.7,6.9,3.1,7.9,2.0,10.0,9.9,9.9,5.4,9.0,8.2,3.8,9.9,4.1,5.1,8.7,3.4,4.5,1,3,0,Technical,Machine Learning Engineer
6.46,7.0,5.6,4.1,6.8,3.8,2.6,5.9,9.9,6.5,8.6,3.2,10.0,6.7,5.9,7.2,8.5,5.9,7.7,4.2,5.3,9.3,7.8,3.0,5.2,2,1,1,Technical,Cloud Engineer
6.75,6.5,6.3,4.1,5.7,6.6,1.9,4.0,8.8,7.8,7.5,2.2,8.2,6.9,8.1,6.5,7.5,4.8,6.1,4.5,5.0,9.9,6.3,2.9,5.6,3,2,0,Technical,Cloud Engineer
7.25,5.6,8.5,8.2,6.3,6.4,2.7,4.4,6.1,3.1,5.7,5.9,8.3,7.9,9.5,6.6,7.3,4.3,6.5,3.6,4.2,6.0,8.6,3.5,3.7,1,3,1,Technical,Software Developer
8.12,10.0,2.7,6.7,4.6,3.6,9.9,9.2,5.6,4.8,4.5,2.8,9.3,7.0,8.2,6.9,4.7,8.6,3.4,7.2,3.4,7.4,7.7,4.9,4.7,2,8,0,Technical,AI Engineer
8.44,7.8,8.4,8.2,7.7,2.6,2.6,3.0,5.5,3.5,5.1,4.9,7.3,8.9,8.7,7.4,5.3,3.7,6.4,4.6,3.7,4.3,9.1,2.8,5.2,2,3,0,Technical,Software Developer
8.64,6.0,2.4,0.7,4.4,9.6,2.5,3.6,3.8,1.6,3.1,9.8,3.6,6.3,3.6,7.0,7.0,3.6,9.1,2.2,0.8,3.4,6.6,9.9,7.6,3,4,1,Creative,UI/UX Developer
6.99,6.1,5.2,7.1,4.7,5.6,4.7,5.5,6.7,8.3,5.2,2.6,8.3,7.8,7.9,7.7,8.0,7.0,6.9,4.4,9.3,5.5,7.4,2.1,4.7,0,3,1,Technical,Cybersecurity Analyst
8.89,9.8,4.6,5.0,8.0,4.0,8.4,7.9,5.8,4.9,4.3,4.5,9.4,8.9,8.8,8.4,6.2,9.8,4.4,8.9,2.3,7.3,4.2,3.7,4.8,1,5,1,Analytical,Data Scientist
8.53,6.4,3.5,2.8,7.0,8.8,3.3,3.5,6.6,3.8,6.7,7.3,7.8,8.3,4.4,5.9,8.3,2.7,10.0,5.2,3.1,4.7,5.4,5.8,5.6,0,3,0,Technical,Web Developer
7.96,7.6,5.4,4.8,8.2,6.1,2.8,5.2,8.2,7.8,8.6,6.2,9.0,9.3,6.3,6.6,7.1,3.9,8.3,3.9,6.7,8.5,6.8,2.8,5.1,3,1,0,Technical,Cloud Engineer
8.18,5.9,7.9,1.1,9.5,8.5,1.2,2.3,4.8,4.1,5.1,7.1,9.3,6.8,5.6,7.5,8.0,2.8,9.6,3.9,4.5,5.5,7.2,6.8,4.0,2,1,0,Managerial,Web Developer
8.64,8.4,5.3,8.4,8.6,5.2,9.3,8.9,6.8,2.9,6.8,3.1,10.0,9.3,9.8,6.3,8.4,9.5,3.9,7.9,2.6,6.7,8.1,1.8,6.1,2,1,1,Technical,AI Engineer
6.71,4.2,4.1,4.1,6.6,9.1,3.6,4.8,7.1,4.0,4.6,7.4,6.9,7.9,5.3,8.6,7.2,5.9,6.2,3.5,5.0,3.8,7.0,8.6,5.8,0,2,0,Managerial,Web Developer
6.0,6.7,4.6,2.7,5.9,8.6,1.0,2.6,3.6,2.9,3.7,8.1,6.2,7.9,4.8,6.3,6.8,5.1,9.3,2.7,2.9,3.5,7.2,6.4,4.5,2,1,1,Creative,Web Developer
7.4,7.5,4.6,3.3,7.1,9.2,4.3,4.9,6.8,3.8,2.7,8.3,6.3,7.6,5.9,7.5,8.7,3.0,10.0,3.3,6.9,3.3,8.1,8.7,4.5,2,4,1,Creative,Web Developer
7.85,8.5,4.3,6.2,7.5,3.3,9.1,7.1,6.3,3.4,9.1,1.6,9.9,8.2,10.0,5.7,8.1,9.7,2.5,8.7,4.1,7.1,7.2,5.9,7.1,1,1,0,Technical,Machine Learning Engineer
6.95,7.2,6.5,3.8,5.2,6.0,4.8,3.3,4.7,5.4,8.4,3.6,9.8,7.4,7.7,6.4,7.1,3.7,7.3,4.0,5.7,8.2,4.7,3.2,5.1,3,4,0,Technical,DevOps Engineer
9.66,6.7,3.6,2.6,8.5,3.2,4.9,7.8,3.3,2.2,2.5,8.1,8.1,5.6,4.4,8.9,7.7,6.6,2.3,9.4,2.3,3.8,3.7,5.8,7.1,0,0,1,Analytical,Data Analyst
8.8,8.8,7.2,5.4,8.8,4.3,8.6,9.1,5.7,4.2,3.7,3.6,9.8,8.0,8.0,6.7,7.8,10.0,2.0,9.7,3.2,6.2,5.7,5.3,7.3,1,4,1,Analytical,Data Scientist
8.34,8.3,8.1,6.7,9.4,7.0,1.2,3.4,6.0,3.1,5.4,5.0,4.3,8.4,6.9,6.0,7.3,4.7,6.2,3.6,4.7,5.1,8.7,2.6,2.3,1,2,1,Technical,Software Developer
7.77,6.7,6.2,5.6,4.7,8.6,3.5,2.9,10.0,7.0,6.8,1.9,8.9,7.3,5.4,7.1,6.1,6.4,6.3,5.3,5.0,8.7,7.7,2.3,4.5,1,0,1,Technical,Cloud Engineer
7.36,9.7,6.8,8.7,6.9,2.8,9.1,6.4,7.4,2.5,6.2,2.9,9.1,8.4,7.3,8.1,6.7,9.0,3.8,7.3,3.3,8.6,7.6,3.0,3.2,1,5,0,Managerial,AI Engineer
8.44,7.9,5.1,4.9,6.7,6.4,2.1,3.3,10.0,8.4,8.7,1.7,7.5,7.4,5.7,6.5,7.9,6.6,5.1,5.0,7.8,9.6,8.7,3.8,6.3,5,1,0,Creative,Cloud Engineer
7.49,8.1,8.7,8.3,5.5,5.4,4.2,1.7,4.2,2.5,5.3,3.5,8.7,8.4,5.3,4.9,7.0,3.2,5.4,5.0,4.8,7.0,8.7,3.3,4.5,2,1,0,Technical,Software Developer
7.54,9.3,2.1,7.8,6.3,2.9,7.5,7.0,6.0,4.5,6.0,4.1,9.3,10.0,7.9,7.0,8.4,10.0,3.8,8.0,1.4,6.2,6.5,2.4,5.1,1,4,0,Technical,Machine Learning Engineer
8.78,7.9,5.6,2.9,5.9,5.7,4.4,5.2,9.1,7.7,9.3,3.7,5.9,5.4,5.7,5.6,9.5,4.7,5.2,5.6,4.7,10.0,7.9,2.4,5.3,1,1,0,Technical,Cloud Engineer
6.85,9.6,5.3,7.2,6.6,6.5,9.1,8.2,5.2,3.8,8.5,2.9,8.4,10.0,8.3,6.2,7.8,10.0,5.0,8.1,5.5,6.8,6.9,5.1,6.5,3,0,0,Technical,AI Engineer
7.46,9.7,5.1,7.0,8.3,3.5,9.8,7.1,6.0,2.7,5.6,5.0,7.6,8.2,6.2,5.9,6.8,10.0,3.4,7.2,2.9,6.8,8.3,2.3,4.0,1,5,0,Technical,Machine Learning Engineer
7.68,8.7,7.3,7.0,7.5,5.7,3.3,4.3,4.3,5.0,4.9,2.5,7.0,5.1,7.1,7.9,5.8,4.6,6.5,3.2,5.7,4.7,10.0,2.2,3.7,1,5,0,Technical,Software Developer
8.71,10.0,5.3,7.5,6.5,5.2,10.0,7.1,7.4,2.0,7.2,3.5,7.7,10.0,7.4,8.6,7.2,9.3,3.3,9.2,3.9,6.7,6.7,2.7,4.2,1,3,1,Technical,Machine Learning Engineer
7.57,7.8,4.3,4.0,9.1,0.6,7.5,9.1,5.6,3.8,4.3,3.9,8.2,10.0,10.0,8.0,7.1,9.1,3.9,9.5,2.2,7.0,5.3,6.2,7.2,2,5,1,Analytical,Data Scientist
7.7,6.8,6.1,5.2,5.7,6.2,4.2,4.1,8.7,6.6,10.0,4.2,8.6,9.4,7.3,6.9,7.8,2.4,4.9,4.9,8.6,8.9,6.8,3.2,5.1,3,4,1,Technical,DevOps Engineer
7.01,5.9,4.4,5.4,5.6,4.5,3.8,4.1,8.5,5.3,7.3,2.3,8.6,7.7,5.3,6.6,8.0,5.6,6.7,2.4,4.3,5.8,7.4,1.8,5.5,5,1,1,Technical,DevOps Engineer
6.52,7.2,7.2,5.5,5.6,4.5,3.3,4.6,6.9,8.8,4.1,2.0,8.8,7.5,7.5,8.0,7.3,3.5,6.5,6.1,9.7,6.0,7.1,2.8,6.1,1,3,1,Technical,Cybersecurity Analyst
7.33,9.4,5.2,5.9,6.9,3.3,7.9,6.3,5.4,1.6,4.5,3.7,9.2,8.6,8.6,7.1,6.3,8.7,4.3,9.2,3.1,7.1,6.4,4.0,7.8,2,1,0,Technical,AI Engineer
6.95,7.0,3.2,2.5,7.7,3.4,3.4,8.8,4.3,1.7,1.3,3.4,8.2,8.1,7.9,8.7,7.2,5.8,3.4,8.8,2.6,4.3,5.8,6.5,7.9,2,4,1,Analytical,Data Analyst
7.58,10.0,3.5,9.8,4.7,5.9,7.2,7.4,6.3,5.7,6.8,3.2,9.6,9.3,9.8,6.8,6.2,7.1,3.6,8.1,2.9,6.9,8.7,3.6,4.2,2,2,0,Technical,AI Engineer
8.78,7.1,3.6,2.7,7.1,3.7,8.9,7.3,7.5,0.7,4.1,4.2,8.8,9.5,5.6,6.6,7.2,10.0,2.4,8.8,3.8,3.7,5.0,3.9,6.3,1,3,1,Analytical,Data Scientist
7.04,4.9,5.1,2.3,3.3,8.5,3.0,3.0,3.4,1.8,2.2,9.4,5.2,6.4,4.0,7.1,9.3,1.7,8.8,2.6,3.3,1.8,5.6,10.0,9.1,3,2,0,Creative,UI/UX Developer
7.86,7.8,4.7,2.8,9.8,1.8,6.7,9.3,3.6,2.5,2.4,5.2,8.3,6.7,7.7,7.2,6.7,3.9,2.6,8.9,2.5,5.2,4.7,6.1,9.0,3,3,0,Analytical,Data Analyst
8.18,8.9,6.1,7.7,8.1,4.5,10.0,7.7,7.1,5.3,6.1,3.7,8.2,9.0,6.1,6.5,7.4,9.3,3.8,8.6,5.7,6.6,8.5,3.5,5.6,4,0,0,Technical,AI Engineer
7.79,5.0,4.1,5.7,5.3,10.0,2.9,2.2,5.7,4.0,6.3,8.2,7.7,7.7,7.3,7.1,6.5,1.9,8.1,4.4,3.6,4.2,7.5,8.9,5.7,1,1,0,Creative,Web Developer
7.91,8.3,5.8,7.2,5.6,4.9,9.4,8.4,8.5,5.4,6.6,3.4,9.5,8.5,10.0,6.5,6.2,10.0,2.4,7.3,4.7,6.9,7.4,2.3,3.9,1,2,1,Technical,AI Engineer
8.85,7.6,4.7,3.6,9.2,3.4,6.4,8.1,5.6,1.1,2.2,3.8,9.6,9.2,9.0,6.6,6.0,9.2,3.2,9.9,4.3,4.5,5.5,4.6,6.2,2,3,1,Analytical,Data Scientist
6.53,4.9,3.7,3.5,7.1,6.7,3.1,6.6,4.1,4.6,1.7,3.5,8.3,8.8,6.0,8.4,9.8,5.6,6.4,7.8,1.8,3.7,3.6,5.2,9.4,2,2,0,Managerial,Business Analyst
7.25,9.9,4.2,8.5,6.5,4.0,8.9,7.6,6.6,3.6,4.9,5.1,8.1,7.7,9.5,4.9,7.0,8.3,4.5,7.8,3.0,6.8,8.0,3.0,4.6,0,1,1,Technical,AI Engineer
7.84,8.0,5.5,5.4,4.6,6.2,6.2,5.0,10.0,5.7,9.2,2.0,8.6,9.3,5.2,6.1,6.2,2.2,7.9,6.0,5.5,9.2,4.3,2.0,7.0,1,2,0,Technical,Cloud Engineer
6.7,3.4,1.0,2.5,7.9,5.6,4.8,7.2,4.9,3.2,0.8,6.2,8.0,7.9,7.0,9.1,8.0,5.6,1.6,7.6,4.0,5.2,4.3,4.8,9.4,1,1,0,Managerial,Business Analyst
8.06,5.3,5.4,3.0,5.2,3.7,3.3,3.9,9.6,7.0,9.4,2.2,8.2,7.7,6.9,7.3,7.1,4.4,4.4,5.6,4.4,10.0,5.0,3.8,6.0,2,2,0,Technical,Cloud Engineer
8.24,9.3,6.2,7.9,5.8,4.6,2.7,5.6,7.6,8.5,6.2,0.9,8.3,7.6,7.1,7.6,5.9,3.0,4.9,4.9,9.4,5.1,4.6,2.8,3.0,1,3,0,Technical,Cybersecurity Analyst
9.18,7.8,6.3,5.3,4.9,6.2,4.5,4.7,8.4,9.9,5.1,0.4,9.2,8.0,6.8,6.8,8.6,5.4,4.9,4.9,9.8,7.9,6.1,1.9,3.7,1,5,1,Technical,Cybersecurity Analyst
8.11,6.9,8.4,3.5,4.6,4.6,5.2,6.1,8.9,6.6,9.2,4.3,5.5,8.4,8.2,7.5,5.4,6.9,6.8,3.4,5.9,10.0,6.1,4.5,6.5,1,3,1,Technical,Cloud Engineer
7.11,8.1,6.9,4.0,5.7,4.7,2.8,6.0,8.4,7.5,5.4,3.3,7.0,4.8,4.8,6.8,8.3,5.3,7.6,4.2,6.7,10.0,8.0,3.9,6.8,3,1,0,Technical,Cloud Engineer
8.37,5.0,3.3,4.5,7.4,3.9,2.2,8.8,1.6,2.8,1.8,6.7,7.2,7.4,6.0,7.2,10.0,3.8,3.4,9.2,0.0,4.1,5.4,6.2,9.4,1,2,1,Managerial,Business Analyst
8.11,5.1,4.9,3.5,7.6,10.0,3.2,3.4,3.8,4.1,4.4,6.6,7.4,6.4,3.8,7.8,10.0,5.0,8.5,4.5,7.0,4.5,6.6,8.7,7.2,2,2,1,Creative,Web Developer
8.37,8.1,6.0,10.0,6.1,4.3,8.8,7.2,7.2,4.0,5.9,2.5,10.0,9.4,10.0,7.7,4.1,10.0,4.9,8.3,6.4,8.1,8.6,1.6,6.5,1,2,1,Technical,AI Engineer
7.81,8.9,3.6,7.0,7.1,4.7,9.5,6.6,7.8,3.0,5.8,3.5,9.9,8.5,8.5,7.5,6.0,6.4,4.6,9.5,1.7,6.5,7.0,3.1,2.7,1,3,0,Technical,Machine Learning Engineer
6.49,6.6,5.2,2.3,9.8,2.0,4.0,8.7,2.7,2.2,2.1,6.0,8.1,9.1,5.7,7.4,7.1,5.5,2.5,10.0,1.8,3.0,3.8,4.6,9.0,1,2,0,Analytical,Data Analyst
7.74,4.4,2.2,2.5,7.6,3.4,4.6,8.8,5.4,1.3,3.4,3.0,8.1,7.2,6.2,8.4,6.7,6.9,0.3,9.8,2.0,3.7,3.4,5.1,9.2,1,2,1,Analytical,Data Analyst
6.8,5.9,4.4,5.3,5.5,6.4,3.6,4.2,9.9,6.7,7.9,2.1,9.6,6.9,7.7,5.4,8.0,5.4,6.1,5.8,7.8,10.0,8.4,5.3,7.2,4,1,0,Technical,Cloud Engineer
8.39,3.3,3.0,3.0,5.2,8.9,0.1,3.2,2.8,2.1,0.2,8.6,6.3,7.5,7.5,9.2,7.4,2.6,7.8,3.1,2.2,2.0,5.3,9.3,6.9,1,2,0,Analytical,UI/UX Developer
8.38,10.0,4.6,7.5,7.0,2.4,9.6,9.3,6.1,4.2,5.5,4.0,9.0,9.0,9.0,8.2,7.6,8.3,3.2,8.4,4.0,5.2,7.9,4.0,4.4,2,2,0,Technical,Machine Learning Engineer
8.08,2.1,2.8,0.5,4.6,7.2,1.7,2.6,3.0,3.7,2.9,10.0,6.7,7.3,4.8,10.0,6.4,3.5,8.4,3.7,3.5,0.8,4.5,8.5,7.8,0,5,0,Creative,UI/UX Developer
8.47,8.0,5.4,8.5,7.3,3.4,10.0,7.6,6.4,5.1,6.1,5.1,10.0,9.8,9.0,5.4,5.4,10.0,4.6,9.5,4.2,6.9,7.6,3.7,5.0,4,4,1,Technical,AI Engineer
7.36,9.3,4.5,3.3,7.9,4.7,6.6,8.7,6.3,3.5,6.3,2.2,7.2,8.7,10.0,7.6,8.4,7.9,2.7,9.8,2.6,6.0,5.8,3.5,7.3,0,2,0,Managerial,Data Scientist
7.02,6.4,5.0,6.8,9.9,6.1,5.3,5.0,6.8,9.8,7.3,3.6,9.3,7.8,5.1,8.3,7.8,3.8,7.5,4.1,9.5,6.2,5.3,1.9,4.3,4,4,1,Technical,Cybersecurity Analyst
8.35,5.9,2.2,3.0,8.0,2.9,5.3,8.2,2.6,2.5,3.8,4.4,7.3,6.3,8.3,10.0,8.5,4.9,3.8,8.6,2.4,2.8,3.9,6.2,8.9,0,3,0,Analytical,Data Analyst
7.81,7.0,6.1,6.6,5.3,8.0,1.4,4.4,7.5,6.9,10.0,2.7,8.8,8.9,6.4,9.6,8.1,4.0,5.7,3.0,7.8,10.0,8.9,3.5,4.3,1,4,0,Technical,DevOps Engineer
6.88,6.6,2.9,3.0,9.0,2.5,4.4,8.6,3.0,1.0,4.1,3.0,9.8,7.1,6.7,8.8,9.1,6.2,3.6,10.0,0.1,3.4,3.0,6.3,7.6,3,3,0,Analytical,Data Analyst
8.93,7.0,3.4,1.7,7.0,3.0,4.6,10.0,1.5,3.8,4.2,5.8,8.2,6.4,9.6,9.4,7.8,5.3,2.9,10.0,2.0,4.3,4.5,7.7,7.0,4,2,1,Managerial,Data Analyst
8.27,2.8,1.3,3.7,5.1,8.2,2.8,4.4,2.0,0.7,4.0,8.7,7.2,5.6,4.2,8.4,10.0,2.9,8.8,3.4,0.1,3.0,5.5,10.0,4.8,3,2,1,Creative,UI/UX Developer
6.41,9.6,4.9,9.3,6.8,2.7,7.4,7.1,6.2,4.0,6.9,4.2,7.8,10.0,8.6,7.1,6.0,10.0,4.4,9.6,3.3,7.1,7.9,3.8,6.4,3,0,1,Technical,AI Engineer
8.42,7.6,4.7,8.9,4.3,3.2,3.5,5.2,9.1,9.6,6.4,3.5,8.6,8.3,6.4,7.0,8.5,4.2,4.9,4.5,9.4,7.0,4.8,3.3,5.2,3,1,1,Technical,Cybersecurity Analyst
9.13,6.5,6.6,4.4,5.1,4.1,2.9,4.8,7.2,5.1,7.3,2.8,8.1,7.7,5.9,5.7,7.8,4.7,7.5,5.1,6.3,8.3,6.4,2.3,5.1,0,5,0,Technical,Cloud Engineer
7.62,5.7,4.2,2.2,8.4,4.4,3.9,8.5,3.6,2.2,1.9,5.8,8.3,7.6,6.9,7.4,10.0,6.3,3.3,8.3,4.8,5.4,3.4,6.6,8.0,1,4,0,Managerial,Business Analyst
7.13,9.1,6.0,6.0,6.0,6.2,5.9,4.8,8.1,10.0,6.0,2.4,10.0,8.8,9.3,5.6,6.2,5.1,4.6,4.3,9.3,6.8,7.1,3.0,4.8,1,5,1,Technical,Cybersecurity Analyst
7.13,4.0,5.4,5.2,7.2,8.3,2.7,4.8,6.4,5.0,5.5,8.2,7.6,6.9,5.6,7.1,8.3,2.1,10.0,1.3,4.5,6.3,9.0,7.0,5.7,4,3,0,Creative,Web Developer
7.64,7.6,2.4,1.8,7.0,2.1,5.6,9.0,3.6,1.9,3.5,5.5,7.9,8.7,8.6,8.5,7.6,5.7,3.3,10.0,3.0,2.9,2.8,4.2,9.1,1,2,1,Analytical,Data Analyst
7.53,10.0,6.0,8.6,5.7,5.8,8.4,9.7,6.9,4.2,7.3,3.1,9.6,7.9,8.4,7.4,7.1,9.1,4.3,7.0,4.7,4.2,7.5,3.8,5.1,2,4,1,Technical,Machine Learning Engineer
7.39,6.6,4.1,3.1,9.8,3.3,4.3,6.8,4.9,1.9,1.6,5.8,9.6,8.5,8.2,9.0,4.5,6.9,2.1,8.7,1.5,3.6,5.7,5.6,7.3,4,4,0,Analytical,Data Analyst
6.56,6.4,5.5,6.5,4.6,4.7,5.8,5.1,7.5,9.8,5.3,1.8,8.9,7.9,8.3,6.7,7.9,4.9,5.5,4.3,10.0,9.1,5.0,3.5,5.0,1,2,0,Technical,Cybersecurity Analyst
8.32,10.0,4.6,9.1,7.2,6.2,8.0,5.6,7.6,4.1,6.3,4.0,10.0,8.3,10.0,6.5,7.6,10.0,3.2,8.5,3.0,4.9,8.6,4.7,3.5,1,5,0,Technical,AI Engineer
7.42,7.4,7.4,5.8,5.4,5.5,4.3,7.0,6.8,10.0,6.2,1.6,6.9,9.3,5.9,7.6,7.1,4.4,4.6,4.2,9.9,6.1,6.0,4.1,5.6,0,1,0,Technical,Cybersecurity Analyst
8.63,6.7,4.7,1.1,8.7,7.7,4.1,3.2,6.1,4.9,5.4,7.9,7.3,8.1,6.0,7.7,7.9,2.5,9.0,4.0,3.9,5.0,7.3,8.6,5.7,0,3,1,Creative,Web Developer
7.7,5.9,7.2,7.4,6.3,3.9,3.9,6.3,7.2,8.5,6.0,1.2,8.5,6.6,6.4,8.5,9.1,4.1,5.7,8.8,10.0,6.1,4.7,2.5,7.5,2,5,1,Technical,Cybersecurity Analyst
8.34,7.5,9.2,7.1,5.8,4.5,1.0,4.9,4.8,4.8,6.7,5.0,7.4,8.7,6.3,5.7,7.4,3.1,3.6,3.0,3.7,6.7,8.5,4.6,3.8,2,1,1,Technical,Software Developer
7.94,2.9,2.9,2.4,6.7,3.2,4.8,7.3,4.6,0.3,2.2,7.4,8.5,9.2,6.9,8.1,10.0,5.8,3.6,8.8,3.6,5.4,3.2,6.5,9.4,4,2,1,Managerial,Business Analyst
7.6,8.1,5.1,7.3,4.3,5.3,3.5,4.8,5.5,10.0,6.1,2.7,10.0,7.5,7.2,6.3,6.2,4.8,4.7,7.2,10.0,6.3,4.3,2.2,6.2,0,4,1,Technical,Cybersecurity Analyst
7.42,8.5,7.8,4.3,7.1,6.8,3.4,4.5,9.6,4.5,9.0,1.8,8.5,8.5,5.5,9.2,9.1,2.3,7.7,4.0,5.1,10.0,7.0,5.0,4.2,1,5,0,Technical,DevOps Engineer
8.16,4.1,2.4,2.2,3.9,8.8,1.9,3.2,2.0,0.6,3.9,9.7,5.9,6.7,5.0,9.3,9.3,4.3,7.5,3.1,2.6,2.2,2.3,7.6,5.6,3,4,0,Creative,UI/UX Developer
8.32,8.3,6.1,4.4,9.0,5.9,2.6,3.5,10.0,5.7,7.2,3.0,8.8,6.6,6.2,5.5,7.3,5.4,5.7,7.2,5.6,9.7,7.9,4.1,8.4,0,2,0,Technical,Cloud Engineer
7.82,6.9,6.0,4.2,6.7,5.3,2.4,3.1,8.7,6.2,4.7,3.0,10.0,8.8,6.3,6.1,5.6,5.5,6.5,3.6,7.6,10.0,5.8,2.7,5.8,1,3,1,Analytical,Cloud Engineer
7.83,7.8,6.3,5.3,6.2,7.5,3.2,2.5,8.4,6.5,10.0,3.9,9.6,9.4,6.8,6.1,8.0,3.0,4.1,4.2,7.6,7.6,5.5,4.0,6.3,1,3,1,Managerial,DevOps Engineer
8.25,6.7,0.7,0.6,7.2,3.8,2.5,9.5,3.5,3.5,3.3,4.7,8.2,8.4,6.8,8.8,6.9,5.5,3.3,7.5,0.0,4.3,3.4,7.2,9.2,3,2,1,Managerial,Business Analyst
8.18,7.0,5.1,4.3,5.7,5.0,3.7,5.1,9.4,6.7,10.0,3.3,9.6,8.3,5.8,8.4,8.7,4.9,6.5,4.8,7.3,9.8,6.5,1.3,7.5,2,0,1,Technical,Cloud Engineer
8.4,9.9,3.3,8.4,8.1,5.2,8.9,6.0,7.6,4.6,7.2,3.1,8.4,8.2,8.0,7.5,7.0,10.0,4.2,7.5,3.0,8.5,7.7,4.8,5.5,0,2,0,Technical,AI Engineer
7.93,8.0,5.2,1.3,7.9,3.9,4.3,8.0,3.6,0.4,3.0,5.2,9.2,8.8,7.2,10.0,6.3,3.5,1.6,8.2,2.8,5.9,5.9,2.9,8.9,2,3,1,Analytical,Data Analyst
6.91,8.6,3.7,2.0,9.4,3.0,10.0,8.7,7.7,3.7,2.4,3.3,8.3,7.5,8.6,6.0,7.0,8.8,1.9,10.0,3.1,4.1,3.2,4.1,6.7,3,2,0,Analytical,Data Scientist
9.28,5.3,6.1,4.7,6.2,5.1,2.4,4.9,8.7,5.9,8.9,3.8,9.3,7.4,8.3,5.9,6.9,2.4,4.5,6.4,5.5,10.0,4.6,2.9,2.2,5,5,1,Analytical,Cloud Engineer
7.82,6.4,3.3,2.5,9.0,1.7,4.8,9.2,5.0,1.9,5.2,5.1,7.5,6.4,6.9,7.1,7.3,6.9,1.4,8.0,1.7,2.5,2.9,5.4,7.9,1,8,1,Analytical,Data Analyst
8.13,10.0,5.7,5.6,7.0,3.9,7.9,8.3,5.0,4.5,5.5,2.7,9.0,10.0,7.1,5.9,7.2,9.4,4.1,8.3,3.8,4.3,9.1,2.9,8.0,0,1,1,Analytical,Machine Learning Engineer
7.97,9.6,3.5,4.2,7.8,3.5,10.0,9.1,4.2,2.6,3.5,4.2,9.5,8.5,9.0,5.0,8.5,8.3,3.3,9.3,2.2,4.7,4.1,5.5,4.6,2,1,1,Analytical,Data Scientist
8.99,7.0,8.9,7.8,5.9,6.8,2.3,3.6,3.5,3.5,5.3,5.7,7.6,7.4,8.6,5.9,5.1,4.1,5.6,6.5,4.5,4.8,8.0,4.4,5.6,1,2,0,Technical,Software Developer
8.81,6.7,5.5,6.8,6.8,5.7,3.5,5.5,5.6,9.4,5.6,3.0,7.7,7.3,6.8,6.6,7.1,3.6,3.9,3.9,7.9,8.1,5.7,3.0,7.1,1,4,1,Technical,Cybersecurity Analyst
8.32,9.2,4.6,8.2,6.6,5.2,10.0,8.7,6.6,3.6,7.8,2.5,8.5,8.8,8.1,7.1,8.3,7.4,3.4,8.1,5.7,5.4,8.5,3.3,5.2,3,1,1,Technical,AI Engineer
7.83,10.0,5.2,8.7,8.0,6.4,9.5,7.1,7.3,4.4,6.0,4.3,9.6,9.3,10.0,6.1,7.4,9.5,2.0,7.3,2.4,7.9,6.1,2.0,4.8,0,2,0,Technical,AI Engineer
7.54,9.1,5.7,6.1,7.0,4.2,8.8,8.0,6.6,4.0,7.8,0.5,10.0,7.1,8.8,9.1,7.0,9.7,3.7,9.2,3.9,5.8,7.4,1.8,4.9,1,1,0,Creative,Machine Learning Engineer
9.27,6.7,4.0,1.8,8.5,4.2,4.8,10.0,3.1,0.6,1.1,6.4,9.0,7.2,7.8,9.2,7.3,3.1,1.1,8.3,2.1,3.0,5.1,3.6,7.2,0,2,1,Technical,Data Analyst
7.71,6.1,6.1,5.9,5.0,3.4,4.0,4.9,5.7,10.0,7.7,3.9,10.0,9.5,7.8,7.8,7.7,4.6,5.4,5.3,10.0,6.6,6.1,3.7,5.4,3,2,1,Technical,Cybersecurity Analyst
8.37,6.5,5.2,3.0,5.5,9.8,2.6,5.0,4.2,4.7,4.8,9.0,6.8,8.2,5.8,8.8,8.5,2.0,8.4,1.0,4.7,2.0,8.6,7.7,6.3,1,1,0,Creative,Web Developer
8.39,5.0,1.7,0.5,7.4,2.4,4.0,9.7,4.2,0.0,3.1,5.4,7.6,7.4,7.7,8.8,5.8,4.7,4.7,10.0,2.9,4.6,5.8,7.1,7.9,1,2,1,Analytical,Data Analyst
7.14,6.8,5.8,6.1,7.6,4.8,4.2,4.7,8.3,6.1,9.0,2.0,7.6,9.0,7.6,7.2,6.7,5.1,4.1,3.8,8.0,10.0,5.7,1.5,4.1,1,1,1,Technical,Cloud Engineer
9.12,5.4,4.5,4.1,7.1,6.8,1.1,2.9,8.2,5.1,10.0,0.2,9.4,9.1,7.0,6.6,9.8,2.1,4.7,6.6,6.5,9.8,6.0,2.3,7.3,4,3,0,Technical,DevOps Engineer
6.92,4.0,2.0,0.9,6.6,2.3,2.7,7.7,3.6,2.5,1.0,7.9,7.2,5.6,6.4,7.5,7.1,2.8,2.5,6.7,5.5,5.9,2.6,6.2,8.0,0,2,1,Managerial,Business Analyst
7.06,5.9,6.5,8.0,7.1,5.7,5.3,4.6,8.8,8.0,5.7,1.7,8.6,10.0,6.7,7.5,3.8,5.0,6.1,5.1,8.3,5.2,5.4,1.2,6.7,2,2,1,Technical,Cybersecurity Analyst
7.25,9.7,4.1,7.4,7.2,4.9,10.0,7.4,8.1,5.1,6.2,3.0,8.5,8.7,7.2,7.4,4.7,8.7,3.9,9.9,2.9,7.0,7.4,4.0,5.4,1,3,1,Technical,Machine Learning Engineer
8.18,5.1,4.6,2.5,4.6,10.0,1.3,1.5,2.9,3.8,6.1,6.7,8.1,8.4,5.6,6.4,8.9,4.2,9.5,4.9,4.3,4.1,9.1,9.5,5.4,3,2,1,Creative,Web Developer
7.61,6.3,6.2,7.5,5.7,4.2,5.9,6.4,8.2,10.0,5.1,2.5,7.3,9.6,6.4,5.1,7.1,5.7,3.5,4.9,8.9,7.6,3.7,3.7,4.2,0,2,1,Technical,Cybersecurity Analyst
7.52,7.0,4.7,3.9,6.9,9.3,3.7,3.6,6.5,4.4,4.2,7.1,8.5,6.6,6.9,7.1,6.6,4.2,8.7,2.9,3.3,5.1,7.6,8.4,6.1,2,1,1,Creative,Web Developer
7.24,5.0,0.6,0.4,7.6,3.0,4.5,8.9,3.7,1.4,2.6,6.3,7.3,8.6,6.4,9.0,10.0,3.7,3.7,8.7,3.3,5.6,3.4,5.8,8.5,2,2,0,Managerial,Business Analyst
8.56,5.2,3.2,3.3,7.0,2.8,4.1,7.8,4.0,4.7,2.1,7.0,8.3,6.8,5.6,6.4,8.5,3.3,3.5,8.2,1.1,2.2,4.6,5.6,8.6,2,0,1,Managerial,Business Analyst
8.92,6.9,6.6,7.2,5.2,7.7,4.5,2.9,6.8,5.9,8.1,2.2,9.4,9.2,7.3,6.7,10.0,5.8,6.8,4.8,6.8,8.8,8.0,3.0,4.4,1,5,1,Technical,DevOps Engineer
6.98,8.4,7.4,5.3,8.5,5.2,3.3,3.8,9.3,6.5,8.2,3.0,9.0,8.1,6.4,7.4,6.1,3.2,5.7,5.7,6.5,9.2,6.7,4.3,4.3,0,2,1,Creative,Cloud Engineer
7.65,4.2,3.3,2.1,7.4,2.1,3.4,9.3,3.1,2.2,5.6,4.8,6.7,5.9,7.9,10.0,6.5,2.6,4.9,10.0,2.8,4.5,4.1,5.7,8.7,1,1,0,Analytical,Data Analyst
8.39,6.2,1.9,2.5,7.3,2.8,5.7,10.0,2.0,1.8,4.4,4.6,8.9,8.5,6.8,8.5,8.0,6.0,1.2,10.0,2.8,2.8,3.9,5.9,6.8,0,7,1,Analytical,Data Analyst
6.0,8.8,5.1,6.4,8.6,6.0,9.3,8.5,5.2,2.2,5.8,5.2,8.4,10.0,7.7,5.4,6.4,8.9,3.2,10.0,3.4,6.3,7.5,4.0,5.0,2,4,0,Technical,Machine Learning Engineer
8.04,7.4,0.7,0.9,9.9,3.0,3.7,8.9,3.9,2.6,0.7,3.9,6.9,8.2,7.5,9.6,8.4,4.6,2.9,10.0,3.6,3.9,2.9,2.7,5.7,4,4,1,Analytical,Data Analyst
8.51,3.7,4.5,3.6,6.2,9.1,1.7,4.5,4.1,0.5,3.0,7.9,6.1,8.0,3.7,10.0,8.4,3.7,8.9,4.5,2.8,3.9,4.7,9.2,7.1,1,3,1,Creative,UI/UX Developer
7.69,7.9,4.1,4.6,6.4,4.2,9.0,7.6,8.0,2.0,4.8,4.3,8.0,8.6,9.6,10.0,5.4,5.5,1.9,9.0,3.7,5.1,4.8,5.7,6.1,2,0,0,Analytical,Data Scientist
8.34,5.7,2.0,2.0,6.2,4.2,3.4,6.5,3.6,3.2,4.5,8.6,9.0,8.0,6.6,9.5,8.9,5.6,4.5,9.0,1.5,4.4,2.8,6.9,10.0,1,2,0,Managerial,Business Analyst
7.48,5.8,5.6,7.2,8.3,4.9,3.8,2.1,6.7,9.2,6.0,4.2,9.1,8.0,6.0,5.7,6.5,4.9,2.7,4.9,10.0,5.4,5.8,1.4,2.0,1,2,1,Technical,Cybersecurity Analyst
8.15,4.0,3.1,0.0,7.4,4.2,3.7,7.2,1.2,3.4,4.0,5.9,8.9,8.2,7.0,9.5,9.0,5.9,4.2,8.1,5.0,3.9,4.5,6.6,10.0,3,4,1,Managerial,Business Analyst
6.63,2.5,3.9,1.3,4.1,8.8,1.6,3.2,3.1,1.1,2.8,10.0,6.3,5.7,5.7,9.2,8.0,0.8,8.7,6.0,2.9,2.2,3.4,8.6,7.2,2,3,0,Creative,UI/UX Developer
6.58,5.9,3.7,1.7,6.7,8.0,2.5,4.6,4.7,3.5,6.2,8.3,8.4,5.2,5.5,6.9,7.1,5.2,8.9,2.0,4.3,5.0,7.0,9.1,5.6,4,1,0,Creative,Web Developer
7.11,8.2,4.1,3.9,9.5,3.1,7.5,7.5,6.2,1.5,3.8,5.5,8.8,8.4,9.0,6.4,6.1,8.3,3.3,10.0,3.1,6.5,6.8,4.9,8.3,3,2,0,Creative,Data Scientist
8.69,8.6,3.8,0.5,9.9,3.8,4.4,6.8,5.0,1.3,3.4,5.1,9.7,7.4,7.5,9.7,6.8,5.9,2.8,8.4,2.0,4.8,5.5,6.6,7.7,2,1,0,Analytical,Data Analyst
7.12,5.5,4.6,3.0,7.8,9.9,3.0,3.8,3.3,4.1,6.2,5.7,6.1,9.6,4.4,7.4,7.4,5.6,9.8,4.4,4.1,7.2,7.2,8.4,6.4,4,1,1,Creative,Web Developer
7.44,6.6,4.4,4.8,6.3,5.4,4.6,4.9,6.0,9.6,5.0,4.0,8.5,9.6,7.6,6.8,7.2,3.2,5.3,4.1,8.7,7.8,5.3,3.7,4.1,0,4,1,Analytical,Cybersecurity Analyst
8.38,8.2,3.9,8.1,7.5,5.9,8.7,8.0,7.9,2.5,6.3,4.5,9.6,8.9,10.0,9.1,7.0,9.3,4.8,7.9,5.4,5.6,7.2,4.3,6.1,1,2,1,Technical,AI Engineer
7.13,6.4,0.0,4.3,9.1,2.2,3.3,8.5,4.8,0.0,2.8,6.9,6.8,7.6,9.9,8.7,7.6,5.6,2.6,10.0,1.6,1.8,3.6,3.9,7.7,2,5,0,Analytical,Data Analyst
7.83,3.9,2.9,0.6,9.7,4.9,3.6,8.5,5.4,2.7,3.4,5.7,7.8,5.2,9.2,9.3,10.0,3.1,3.3,8.9,2.9,7.0,4.4,6.8,8.9,3,0,1,Managerial,Business Analyst
8.7,4.1,2.1,1.4,4.7,9.8,1.8,3.5,2.6,2.8,2.9,8.2,5.8,5.7,3.9,9.1,9.6,4.7,8.3,2.4,2.3,1.7,6.5,9.7,8.7,3,1,1,Creative,UI/UX Developer
7.99,9.4,6.0,6.3,8.4,2.7,8.2,9.7,5.4,3.3,5.1,0.8,8.9,9.5,9.5,6.3,4.8,8.7,3.0,8.3,3.4,7.4,5.4,4.2,5.5,1,3,1,Technical,AI Engineer
9.61,7.4,4.7,5.8,5.9,5.5,3.2,2.9,7.0,6.2,9.0,3.6,9.3,10.0,6.4,6.4,7.1,4.4,6.4,3.8,5.5,9.3,7.5,2.9,6.5,0,1,1,Technical,Cloud Engineer
8.28,7.5,5.6,3.6,5.5,6.4,5.2,4.7,9.0,6.8,6.0,2.5,9.3,8.7,6.0,7.2,6.8,5.1,6.9,5.5,6.3,10.0,5.7,3.9,7.2,3,2,0,Technical,Cloud Engineer
7.93,6.5,5.8,5.2,4.1,5.8,3.5,3.8,6.8,8.4,5.8,0.1,8.4,9.5,6.5,7.5,8.0,4.8,5.7,4.1,9.8,5.8,5.5,2.1,6.2,4,5,0,Technical,Cybersecurity Analyst
6.53,8.6,3.9,4.1,8.0,3.1,6.9,8.4,6.6,5.0,3.7,3.9,9.1,10.0,8.5,8.3,6.1,8.9,4.1,7.6,2.4,6.1,5.7,5.1,7.9,2,3,1,Analytical,Data Scientist
9.13,9.4,5.3,8.9,5.9,2.2,9.6,8.2,6.3,4.4,4.7,1.1,6.8,8.2,9.8,4.9,7.0,9.8,5.7,7.6,2.5,7.6,6.3,4.3,5.4,3,3,1,Technical,Machine Learning Engineer
7.63,8.8,6.2,6.5,5.0,3.8,10.0,9.3,6.0,4.0,7.8,3.7,10.0,10.0,8.0,6.4,8.9,8.2,3.9,10.0,5.7,6.8,5.7,2.6,5.8,2,4,0,Analytical,Machine Learning Engineer
6.76,6.7,3.6,1.9,7.7,8.7,2.3,2.2,3.9,4.1,4.5,7.6,8.5,8.2,5.3,8.5,8.0,5.4,8.7,3.4,3.6,5.1,8.3,8.0,5.9,2,1,0,Creative,Web Developer
7.13,6.5,1.9,0.8,8.5,1.6,4.3,9.5,3.5,0.0,4.5,5.3,8.3,7.2,8.4,9.0,8.6,5.3,1.5,9.9,2.3,3.4,3.1,5.6,7.9,4,7,0,Technical,Data Analyst
9.12,7.8,6.5,4.9,6.8,4.5,4.0,3.7,9.5,6.7,7.8,3.0,7.9,8.2,7.2,4.8,7.1,3.6,7.3,5.7,5.3,10.0,5.2,2.2,5.4,4,4,0,Technical,Cloud Engineer
7.43,8.5,7.2,7.4,6.8,7.3,2.7,3.2,4.5,5.2,7.2,2.6,6.8,8.3,7.1,7.4,6.0,2.8,6.2,3.7,5.0,5.5,9.6,3.9,6.6,1,2,0,Managerial,Software Developer
7.37,7.7,5.9,5.0,5.2,6.8,1.6,6.4,10.0,7.6,9.3,3.1,7.8,8.7,6.3,7.4,6.6,4.3,7.3,4.7,7.5,8.9,7.4,2.2,4.5,2,3,0,Technical,DevOps Engineer
7.77,7.5,7.0,4.5,7.5,3.7,9.3,8.7,4.4,2.9,3.7,3.5,7.6,9.5,9.5,8.0,5.0,8.1,4.4,9.4,1.7,6.8,2.3,4.1,8.9,0,1,0,Analytical,Data Scientist
8.36,8.5,4.6,4.2,8.7,6.3,2.6,3.3,8.5,5.2,7.9,1.2,7.9,8.3,4.5,5.7,10.0,5.0,6.5,4.4,6.5,10.0,5.3,2.1,5.3,2,3,1,Technical,Cloud Engineer
8.26,8.1,4.0,9.2,6.1,3.6,9.2,8.5,5.9,3.3,5.4,2.4,9.8,10.0,9.6,6.5,6.8,8.1,3.6,8.7,4.7,4.4,7.1,0.5,3.2,0,1,0,Analytical,Machine Learning Engineer
8.56,9.4,2.9,4.6,6.7,1.5,7.7,8.3,5.9,4.0,3.6,4.7,6.7,10.0,7.3,7.0,6.2,6.9,3.4,10.0,1.0,2.5,4.0,3.7,7.8,1,2,1,Creative,Data Scientist
9.26,5.8,3.6,1.4,6.0,7.9,2.5,3.2,2.6,3.6,2.5,8.4,7.3,6.5,5.7,8.6,7.7,4.1,10.0,2.9,3.0,4.0,8.9,8.2,5.6,3,2,0,Analytical,Web Developer
7.28,5.9,2.4,2.5,6.8,1.1,1.6,7.5,4.5,2.1,2.9,4.9,8.7,6.5,9.1,9.0,10.0,4.6,3.0,7.3,1.2,5.7,6.1,8.3,8.1,1,5,1,Technical,Business Analyst
8.12,6.8,4.6,5.5,8.7,5.8,3.4,3.9,8.0,7.2,8.9,1.9,8.5,7.1,7.5,7.9,9.2,2.8,6.5,6.4,5.1,8.0,7.0,2.5,4.5,1,3,0,Technical,DevOps Engineer
7.93,6.0,5.4,4.5,6.9,7.2,2.7,3.9,7.2,6.7,6.7,4.0,8.3,6.7,6.5,7.0,8.8,5.0,5.1,6.9,5.3,10.0,6.6,1.6,4.7,4,1,0,Technical,Cloud Engineer
9.9,6.8,5.7,8.2,4.4,8.0,6.1,3.8,5.4,7.6,4.5,3.2,7.6,8.9,8.4,8.0,8.1,5.3,6.2,5.1,8.9,5.0,7.0,3.6,4.2,0,4,0,Technical,Cybersecurity Analyst
8.14,5.8,5.3,3.9,6.6,5.4,4.9,6.2,10.0,8.9,6.3,2.8,7.2,7.0,8.0,7.5,5.8,7.4,4.0,4.6,6.6,8.3,7.1,2.3,6.4,2,1,1,Technical,Cloud Engineer
7.02,5.9,4.4,2.2,7.1,6.7,2.4,4.0,4.1,4.2,5.2,7.7,6.0,8.1,4.1,6.8,8.0,4.2,8.2,3.2,4.9,3.9,5.6,8.6,4.0,0,5,1,Creative,Web Developer
7.47,7.7,7.7,3.5,7.5,5.6,4.0,1.1,7.2,7.1,9.8,2.8,8.8,8.2,7.1,8.5,7.8,4.1,6.7,2.5,6.0,6.7,7.3,2.1,5.6,4,1,1,Technical,DevOps Engineer
8.01,8.7,4.1,8.9,6.8,5.3,8.2,7.4,6.2,5.6,4.8,2.4,9.1,7.7,10.0,5.4,6.7,9.0,4.3,7.1,4.3,6.1,6.4,3.3,4.9,1,5,1,Technical,AI Engineer
8.44,7.6,6.3,4.6,6.0,3.2,3.8,4.3,10.0,6.3,10.0,4.3,8.5,8.9,6.7,5.2,8.4,3.0,5.6,4.6,7.9,9.4,7.6,3.4,6.0,5,2,1,Technical,DevOps Engineer
9.74,2.5,2.3,3.7,3.7,10.0,2.2,6.1,3.8,0.5,1.1,9.3,6.1,8.0,4.7,8.4,8.2,2.3,7.7,3.6,3.6,5.1,5.7,9.0,7.3,1,3,0,Creative,UI/UX Developer
7.87,6.9,4.6,4.8,6.1,6.0,3.9,4.6,8.8,6.1,8.9,1.7,8.8,8.0,5.6,8.4,5.6,4.2,7.1,4.8,6.8,10.0,7.9,0.0,6.4,3,2,0,Technical,Cloud Engineer
6.55,7.6,8.0,6.4,6.9,5.3,4.5,3.9,6.2,8.7,6.7,2.6,9.5,8.8,8.3,7.9,6.9,2.8,5.6,6.2,9.5,6.4,5.8,2.3,5.0,3,4,0,Managerial,Cybersecurity Analyst
7.96,10.0,5.9,7.6,6.6,3.1,9.4,7.4,7.7,4.8,5.3,2.7,9.1,8.7,7.4,5.9,8.2,10.0,4.0,9.4,3.9,7.8,7.5,3.6,8.5,4,1,0,Analytical,AI Engineer
8.89,6.7,5.4,5.6,8.2,5.5,3.2,4.4,10.0,6.3,8.4,2.1,10.0,7.7,7.0,7.6,8.4,3.6,6.4,5.4,5.4,9.4,5.0,2.1,4.1,6,3,1,Technical,Cloud Engineer
8.24,6.5,6.4,4.7,6.8,6.6,4.0,2.4,10.0,7.9,9.4,4.5,8.4,8.2,6.0,5.4,7.9,4.4,5.0,5.9,5.7,10.0,6.5,4.4,7.4,1,5,1,Technical,Cloud Engineer
9.16,9.6,4.4,6.7,4.5,4.4,8.9,7.0,6.2,3.0,4.8,4.8,10.0,9.8,9.9,6.0,7.0,8.9,4.3,9.5,3.4,5.1,8.0,2.3,6.0,3,2,1,Technical,Machine Learning Engineer
7.37,7.5,5.7,9.9,7.6,5.0,8.4,7.7,7.6,5.2,7.9,2.8,7.3,9.5,8.8,5.9,6.3,8.4,4.2,10.0,4.1,6.6,8.7,3.8,5.6,2,2,0,Technical,AI Engineer
7.91,4.9,3.0,0.0,3.0,7.6,1.1,2.3,4.2,3.7,1.2,10.0,7.2,9.4,4.9,6.8,6.8,4.7,7.6,4.3,2.0,4.0,3.8,9.6,7.4,2,0,1,Creative,UI/UX Developer
8.02,4.4,3.1,2.9,6.6,3.7,5.0,8.2,3.8,3.8,3.1,5.5,7.6,7.3,6.4,9.6,10.0,4.4,4.4,8.5,2.7,3.3,4.4,6.8,7.7,0,0,1,Managerial,Business Analyst
7.86,7.1,8.6,6.4,6.4,5.9,3.6,5.3,6.9,3.2,2.8,3.7,6.3,10.0,6.0,7.1,8.0,4.4,8.3,3.8,3.1,4.0,9.8,3.8,3.0,4,1,1,Technical,Software Developer
7.38,7.9,7.3,1.3,7.5,10.0,1.9,4.2,4.3,3.3,4.9,6.4,7.2,6.9,6.0,7.6,8.2,4.5,9.8,4.4,3.3,6.0,8.5,7.9,4.4,2,2,1,Creative,Web Developer
8.14,7.9,4.1,6.4,7.0,2.5,9.9,8.2,8.6,3.8,7.1,2.1,7.7,9.7,7.3,7.2,8.9,10.0,4.6,8.8,3.1,6.4,6.9,1.6,5.0,2,3,1,Technical,Machine Learning Engineer
7.83,3.7,1.8,0.0,5.5,7.2,1.8,4.4,2.9,2.2,2.5,10.0,7.1,5.3,6.7,7.9,9.8,3.8,6.7,3.6,2.7,3.5,6.3,9.2,4.1,3,4,1,Creative,UI/UX Developer
8.64,6.3,5.0,6.6,8.5,3.4,9.6,9.0,4.9,3.3,6.0,4.0,9.7,8.7,7.3,7.6,6.9,7.7,2.3,9.0,2.1,8.5,6.5,3.0,5.2,2,0,1,Technical,Machine Learning Engineer
8.05,3.1,3.4,3.5,3.9,10.0,3.0,3.7,1.2,2.4,2.1,6.4,5.3,8.5,5.1,9.9,10.0,3.8,7.9,2.3,1.9,2.0,4.3,8.8,6.2,0,1,0,Analytical,UI/UX Developer
7.2,5.9,7.2,6.2,6.0,5.2,1.8,5.8,8.1,5.1,8.0,2.5,7.2,7.8,5.8,7.2,8.9,1.9,6.4,6.5,6.9,10.0,7.3,3.3,4.0,1,5,0,Managerial,Cloud Engineer
6.89,8.2,4.6,6.1,7.4,3.4,9.7,7.0,6.4,4.9,6.7,4.0,7.1,10.0,10.0,6.7,5.9,8.1,3.6,6.8,3.7,6.3,6.0,2.7,5.1,2,3,1,Technical,AI Engineer
7.76,7.3,4.1,5.9,5.9,3.6,5.9,4.5,5.1,10.0,7.6,2.4,6.9,10.0,6.7,6.4,6.3,5.0,4.2,4.5,7.9,5.0,7.0,2.3,3.9,1,3,0,Technical,Cybersecurity Analyst
6.82,10.0,5.9,9.3,8.6,5.4,7.7,7.9,6.6,4.6,5.2,4.1,9.8,9.3,9.5,7.8,6.2,9.9,3.9,9.3,4.9,6.4,8.3,5.0,5.5,1,5,1,Managerial,AI Engineer
7.65,7.1,4.4,2.8,8.3,3.6,4.0,9.3,2.8,1.9,4.1,5.8,8.7,7.8,7.7,6.6,7.3,5.2,1.8,7.6,3.2,4.1,4.2,5.6,6.9,3,1,0,Analytical,Data Analyst
7.95,7.7,5.3,8.0,6.8,4.8,4.8,5.9,6.6,7.6,7.1,0.8,7.1,8.6,6.6,7.1,8.6,5.0,4.2,6.0,8.0,5.9,6.0,1.9,5.8,3,2,0,Managerial,Cybersecurity Analyst
7.83,8.9,2.8,5.3,6.2,2.5,8.6,9.3,5.6,3.5,3.4,2.8,10.0,9.0,8.5,5.7,8.3,9.9,2.8,8.3,2.7,4.8,5.8,2.7,6.4,2,1,1,Analytical,Data Scientist
7.65,3.8,3.3,1.0,7.1,7.5,1.2,5.6,3.7,4.2,4.8,10.0,4.7,6.5,3.9,8.0,7.5,2.6,10.0,4.5,0.4,3.5,3.7,9.8,5.5,1,2,1,Creative,UI/UX Developer
8.25,6.9,3.3,2.2,9.2,2.6,3.1,10.0,2.4,3.2,3.1,6.6,6.2,6.1,7.5,9.4,7.9,6.1,5.7,7.2,4.1,4.9,4.0,6.1,7.8,3,2,1,Managerial,Business Analyst
8.08,9.7,4.1,2.9,6.0,4.2,10.0,7.4,5.7,4.2,2.6,3.5,7.6,9.6,10.0,7.7,6.1,8.0,2.3,7.9,2.9,5.6,5.5,4.0,7.1,2,1,1,Analytical,Data Scientist
6.74,7.0,5.3,4.1,6.6,6.7,2.9,4.8,10.0,7.2,7.1,3.5,9.1,7.6,6.8,7.7,8.1,5.4,6.9,4.0,4.9,6.9,5.8,3.8,4.5,1,1,0,Technical,DevOps Engineer
7.11,3.6,0.6,2.1,4.2,9.8,2.5,3.4,4.1,2.3,3.2,10.0,6.7,7.0,5.4,7.8,10.0,2.6,10.0,4.3,2.5,3.3,6.0,10.0,6.3,2,0,1,Creative,UI/UX Developer
7.08,6.6,5.3,4.9,5.7,6.2,4.6,4.6,7.7,9.0,5.6,2.8,8.7,10.0,5.8,7.8,6.7,3.0,5.3,4.5,10.0,5.6,5.3,2.6,3.1,3,6,0,Technical,Cybersecurity Analyst
7.27,7.1,4.3,8.3,6.1,4.9,9.6,8.9,7.4,3.0,6.2,2.6,9.2,6.7,9.0,8.4,7.2,9.4,4.1,9.1,4.8,6.4,7.3,1.5,5.1,0,0,1,Technical,Machine Learning Engineer
8.53,3.1,3.4,1.6,1.8,7.6,3.4,4.8,0.9,1.2,0.9,9.6,5.8,7.4,5.7,10.0,10.0,5.6,9.5,3.3,0.0,2.1,4.0,10.0,8.8,1,3,1,Creative,UI/UX Developer
7.71,5.1,3.7,1.2,8.2,3.6,3.5,9.3,4.9,3.0,2.8,7.1,8.7,7.4,7.2,10.0,9.2,3.8,3.1,9.1,2.8,3.3,5.3,6.4,9.8,0,3,0,Managerial,Business Analyst
8.84,9.8,6.6,5.0,5.9,5.2,3.0,3.4,7.7,7.2,8.5,2.5,9.4,8.2,5.8,6.1,8.1,3.3,5.6,3.4,8.2,8.6,6.4,2.0,6.0,3,3,1,Technical,DevOps Engineer
7.32,4.7,4.5,3.4,3.5,8.0,1.0,4.3,2.1,1.1,4.2,10.0,6.5,7.7,4.6,7.0,7.0,3.6,8.2,3.7,2.3,2.4,4.5,10.0,7.2,0,3,1,Creative,UI/UX Developer
8.35,7.3,5.3,6.6,6.4,3.9,4.7,3.7,6.6,9.5,5.5,1.9,7.9,6.7,9.0,7.8,7.2,3.7,4.9,4.5,10.0,4.4,4.4,0.7,5.8,0,1,1,Technical,Cybersecurity Analyst
8.59,10.0,7.9,7.4,6.0,4.7,10.0,8.9,6.3,5.1,7.1,6.8,10.0,10.0,10.0,6.3,6.2,10.0,3.6,8.9,3.9,7.5,7.9,4.3,3.7,1,5,0,Technical,AI Engineer
7.82,8.5,3.8,4.7,7.9,2.9,8.0,10.0,5.6,4.8,2.9,3.3,8.0,8.4,8.2,7.4,7.2,9.6,1.5,10.0,3.8,3.9,4.1,4.4,6.3,0,2,0,Analytical,Data Scientist
8.54,4.0,3.1,1.1,4.9,8.4,3.5,1.3,3.2,1.6,2.2,9.0,5.1,7.1,5.6,8.1,8.6,3.9,9.2,3.4,1.7,3.6,5.6,9.9,6.3,1,1,1,Creative,UI/UX Developer
6.95,4.8,8.2,8.2,6.8,3.9,2.6,1.6,6.5,2.8,6.4,5.0,7.0,7.3,7.4,5.6,7.1,3.5,4.0,1.5,4.2,4.4,8.4,4.8,5.3,2,1,1,Managerial,Software Developer
8.66,8.8,4.4,6.0,8.7,6.1,8.6,10.0,5.4,1.7,4.9,4.0,10.0,9.1,10.0,5.8,7.8,8.4,2.1,10.0,1.6,5.4,4.3,4.3,6.7,0,4,1,Analytical,Data Scientist
6.83,6.3,2.6,3.0,9.0,2.5,4.9,8.7,5.2,2.3,4.9,4.7,9.3,7.6,6.7,10.0,8.9,5.3,3.8,8.3,0.8,5.2,4.0,4.8,7.7,0,2,1,Analytical,Data Analyst
6.67,6.4,6.0,1.8,6.2,5.7,4.6,5.2,10.0,4.9,9.2,3.3,7.4,8.1,9.9,7.2,7.6,5.4,5.8,4.1,8.0,7.9,6.5,2.9,4.6,2,2,1,Analytical,Cloud Engineer
8.2,9.4,5.1,3.5,6.6,3.4,8.7,8.0,5.8,3.4,3.0,4.4,8.2,7.7,9.9,6.6,6.5,8.6,4.5,9.2,3.6,4.7,4.9,3.9,7.3,3,3,1,Analytical,Data Scientist
7.49,5.3,1.9,1.5,3.3,9.8,2.5,1.4,1.4,2.5,3.8,8.2,5.1,6.5,6.7,7.8,5.6,4.3,7.1,1.2,1.5,2.8,4.5,10.0,7.4,3,2,1,Creative,UI/UX Developer
7.11,6.9,8.4,4.4,6.4,5.1,3.6,4.5,9.6,8.2,7.5,2.6,9.7,7.5,6.2,7.1,6.9,4.7,4.7,3.0,5.0,10.0,8.7,1.2,5.6,1,2,1,Technical,Cloud Engineer
7.77,7.6,6.3,7.2,5.5,4.8,3.7,3.2,5.3,9.8,4.8,4.1,9.0,7.3,8.0,6.9,8.4,4.6,5.8,5.6,9.2,6.2,6.5,2.9,6.4,1,4,1,Technical,Cybersecurity Analyst
8.38,6.3,4.5,3.7,6.4,9.0,4.0,3.2,5.7,4.7,4.2,8.3,6.8,8.5,5.3,7.8,8.1,4.1,9.8,2.9,2.7,5.1,9.2,8.6,5.5,0,2,1,Creative,Web Developer
6.58,7.4,6.1,4.4,6.3,6.4,3.7,2.9,9.3,5.7,8.3,3.8,8.5,8.1,5.0,7.9,6.7,1.4,5.6,4.7,6.2,8.0,5.7,3.0,5.0,1,3,0,Technical,DevOps Engineer
6.75,9.8,4.1,8.6,5.6,4.7,8.3,9.1,8.6,4.8,5.9,3.0,9.2,8.2,10.0,6.8,7.1,9.8,5.7,7.9,6.0,8.0,8.4,2.8,3.7,0,2,0,Technical,AI Engineer
7.95,8.5,3.0,1.7,8.3,1.0,5.3,8.8,4.1,1.8,3.1,3.6,8.0,6.8,7.5,6.9,8.0,5.0,1.6,10.0,1.4,3.6,4.9,6.2,7.5,4,1,1,Analytical,Data Analyst
8.36,7.8,2.8,2.4,7.3,4.4,1.4,8.9,5.3,0.5,3.4,4.3,7.6,8.5,7.7,5.8,6.4,6.1,3.5,10.0,3.9,3.6,6.8,5.0,6.9,2,2,0,Analytical,Data Analyst
8.07,5.1,2.9,3.6,5.1,8.9,3.0,3.6,5.2,3.3,6.2,7.9,5.9,7.4,8.1,7.9,8.8,2.7,10.0,1.2,4.3,4.7,7.7,9.1,3.8,3,1,1,Creative,Web Developer
7.87,4.8,5.1,1.7,8.7,10.0,3.5,1.7,5.3,1.6,6.6,7.8,8.1,7.5,6.1,7.5,8.2,4.6,7.8,3.7,5.5,4.5,9.5,6.3,7.0,1,6,0,Creative,Web Developer
7.88,5.4,3.6,3.7,5.9,4.5,2.5,8.6,4.3,2.3,4.7,5.5,9.1,8.0,5.2,8.9,9.7,4.2,2.5,8.7,2.7,4.4,2.6,7.6,10.0,2,6,0,Managerial,Business Analyst
8.12,5.0,0.3,1.3,4.7,8.6,1.7,3.2,2.6,2.8,2.4,8.0,8.9,7.0,4.5,10.0,7.6,4.6,7.9,1.1,2.8,2.4,6.2,9.7,7.6,2,2,0,Creative,UI/UX Developer
7.33,7.1,6.9,5.8,6.7,5.6,3.6,4.1,5.4,10.0,7.4,3.6,9.9,9.1,6.6,6.7,6.0,5.4,4.2,5.0,9.7,6.6,7.0,4.1,5.0,4,1,0,Technical,Cybersecurity Analyst
8.31,8.6,2.8,1.2,7.8,1.4,6.7,8.8,4.5,2.5,4.6,4.5,7.6,8.4,5.5,9.6,9.4,5.3,2.0,10.0,1.8,4.2,4.2,4.3,8.4,0,5,0,Analytical,Data Analyst
6.74,3.6,3.0,1.6,3.6,7.0,2.8,3.3,2.7,1.7,2.5,10.0,7.1,4.8,3.4,6.5,5.8,4.7,9.3,5.2,1.6,4.0,6.1,7.3,7.7,1,3,1,Analytical,UI/UX Developer
8.02,8.2,3.3,2.4,9.6,4.8,6.1,6.8,4.1,3.0,4.9,5.7,7.1,6.7,6.7,8.3,7.0,1.7,1.7,9.0,0.5,2.7,6.3,5.0,7.6,3,3,0,Analytical,Data Analyst
7.6,5.6,6.4,3.7,5.9,5.3,3.8,4.6,9.6,7.3,7.9,1.9,6.2,7.2,6.7,5.5,8.7,3.3,5.9,6.6,6.3,8.3,3.7,3.4,5.8,0,1,1,Technical,Cloud Engineer
8.03,6.0,6.8,5.8,6.1,7.0,2.1,4.1,8.4,8.2,8.8,2.7,8.7,9.5,5.0,7.7,6.7,4.2,4.8,3.5,7.0,8.0,8.2,3.6,4.6,2,5,1,Technical,DevOps Engineer
8.14,7.3,5.1,4.7,7.7,3.8,8.8,7.4,4.6,4.0,5.7,4.2,9.3,9.8,8.6,7.4,7.8,10.0,3.8,9.3,2.4,4.9,5.8,4.6,6.3,2,2,1,Analytical,Data Scientist
8.02,8.8,3.2,8.4,4.2,2.6,6.9,7.8,7.0,5.9,6.5,1.6,8.1,9.2,9.4,5.0,8.0,8.5,3.1,9.2,4.0,7.4,8.1,1.8,5.3,3,6,1,Technical,AI Engineer
7.71,6.4,5.0,6.1,6.4,5.3,6.7,4.9,5.0,10.0,6.5,0.7,8.7,8.7,7.8,9.7,7.0,4.1,5.1,4.6,8.0,7.3,3.6,1.0,3.4,2,3,0,Technical,Cybersecurity Analyst
8.04,5.4,2.3,2.4,8.0,4.0,3.5,6.9,4.2,5.4,4.0,6.7,9.9,8.0,6.6,7.8,8.4,4.0,5.0,5.3,2.5,3.3,3.1,6.2,8.3,1,5,1,Managerial,Business Analyst
6.8,9.5,7.3,8.3,6.0,6.5,2.9,4.2,5.4,3.7,5.4,5.4,7.2,9.8,6.7,6.1,7.8,3.6,6.4,4.2,1.7,5.5,7.4,2.5,4.4,2,3,0,Analytical,Software Developer
8.02,7.0,6.6,5.4,6.5,7.0,2.7,2.3,8.8,7.2,10.0,1.8,9.4,10.0,4.6,8.1,7.7,2.4,6.1,5.3,8.7,9.6,7.8,2.7,5.6,3,4,0,Analytical,DevOps Engineer
7.69,6.7,5.4,6.7,5.9,6.9,4.0,5.8,7.7,9.8,4.7,3.6,8.9,8.8,6.0,7.7,5.8,3.0,5.1,5.4,8.7,6.0,7.2,3.8,5.5,3,2,1,Managerial,Cybersecurity Analyst
6.94,8.6,6.0,6.5,9.2,1.3,7.7,5.2,5.7,4.8,4.9,2.1,10.0,9.8,10.0,8.7,6.4,6.5,4.3,9.9,0.8,3.9,4.0,4.8,7.0,1,2,1,Analytical,Data Scientist
8.16,10.0,5.5,7.3,7.1,3.6,6.7,8.6,7.6,3.5,4.9,2.5,8.5,8.5,9.1,5.1,6.8,9.3,5.7,8.9,3.0,8.0,6.2,2.3,3.0,3,1,0,Analytical,Machine Learning Engineer
8.66,7.5,4.9,8.8,7.4,3.8,10.0,8.4,4.7,3.3,7.8,3.2,10.0,7.8,8.4,6.9,5.6,9.5,4.5,7.1,1.9,7.8,7.6,0.4,4.3,2,1,0,Technical,Machine Learning Engineer
7.22,3.8,2.2,0.0,6.1,8.7,2.7,6.1,4.9,2.5,3.4,10.0,5.5,6.6,2.9,9.3,8.5,5.0,9.2,3.0,3.3,3.2,5.8,10.0,5.8,1,5,0,Creative,UI/UX Developer
9.23,7.4,5.7,5.8,5.5,5.0,2.9,6.2,5.9,8.3,8.5,3.9,7.2,7.5,6.8,6.8,6.5,6.0,5.2,5.0,8.8,5.3,5.3,1.5,3.6,1,4,0,Creative,Cybersecurity Analyst
6.98,6.6,5.0,3.9,6.6,4.7,3.4,6.3,8.6,6.2,8.4,4.0,7.5,7.1,7.3,7.8,6.8,4.8,7.3,6.8,7.8,9.9,6.1,2.7,5.4,3,2,1,Technical,Cloud Engineer
8.13,7.7,5.7,7.2,7.4,5.3,3.7,3.5,5.4,10.0,6.3,2.3,7.9,6.9,8.0,6.4,6.8,5.4,4.2,5.2,9.3,6.5,4.9,3.1,5.3,2,2,1,Technical,Cybersecurity Analyst
8.52,6.1,8.7,8.1,6.9,6.0,3.7,4.8,4.3,4.5,4.8,2.4,7.4,6.8,8.1,6.9,6.6,5.6,6.1,2.4,3.5,6.8,8.3,4.3,4.8,6,2,0,Creative,Software Developer
7.23,8.6,7.6,4.1,7.3,6.1,1.3,5.1,7.8,6.6,10.0,4.2,7.0,8.5,5.2,6.1,9.0,5.8,5.3,2.5,5.6,7.8,6.1,4.5,6.1,2,0,1,Technical,DevOps Engineer
7.08,7.2,3.5,2.3,8.4,4.1,8.9,7.9,5.0,2.6,5.0,2.4,8.1,6.9,8.5,7.5,9.3,7.8,4.1,7.1,3.0,5.0,5.8,3.4,6.1,0,0,1,Analytical,Data Scientist
6.95,8.5,4.7,7.8,6.8,3.5,8.5,5.8,7.3,2.4,8.5,2.7,10.0,7.0,9.3,7.6,8.4,7.8,3.2,9.1,3.7,6.8,7.1,4.7,7.9,4,4,1,Technical,Machine Learning Engineer
7.55,10.0,4.9,4.3,8.0,4.2,9.3,9.1,8.0,4.3,3.3,3.1,9.0,8.7,9.3,5.7,8.0,8.1,5.4,9.3,2.9,5.5,4.3,5.8,9.6,5,2,1,Analytical,Data Scientist
8.7,4.7,4.5,3.9,7.3,8.2,1.4,3.8,5.8,2.7,4.4,10.0,8.2,7.7,7.1,8.3,8.3,4.3,8.8,4.5,3.1,6.0,9.0,7.4,3.1,3,5,0,Analytical,Web Developer
7.82,5.1,4.3,5.7,8.2,6.4,2.7,5.1,10.0,7.2,9.2,3.1,8.8,10.0,7.0,7.5,9.1,3.9,6.8,6.2,5.8,7.9,6.1,3.3,5.4,2,1,1,Technical,DevOps Engineer
8.74,5.6,4.7,6.7,5.9,7.1,4.0,5.5,7.5,7.3,6.3,1.9,7.7,8.0,6.9,6.3,7.0,3.3,6.1,4.7,10.0,8.0,7.9,2.4,2.8,0,3,1,Technical,Cybersecurity Analyst
7.1,8.1,5.3,6.5,8.7,5.8,2.8,1.9,8.7,4.9,7.8,3.8,8.0,8.3,5.9,5.8,8.8,3.5,4.4,5.3,5.4,9.8,6.9,3.6,5.1,2,2,1,Technical,Cloud Engineer
8.3,6.7,5.5,4.6,6.1,5.1,3.3,5.3,7.1,7.6,8.3,1.2,8.6,8.0,6.6,4.9,7.3,6.0,5.0,5.7,4.2,8.1,6.2,2.3,4.9,4,1,1,Technical,DevOps Engineer
8.84,6.6,6.2,7.6,7.5,5.6,5.6,6.4,4.9,4.2,6.5,3.9,7.1,9.5,7.5,5.6,7.3,3.8,5.6,3.1,4.1,4.7,9.3,4.9,4.3,2,3,0,Technical,Software Developer
7.96,7.7,5.0,2.5,7.5,4.8,0.9,6.4,10.0,6.3,7.1,1.8,7.8,8.8,6.5,7.1,9.5,2.8,6.5,5.8,6.3,10.0,7.6,3.5,5.0,2,4,0,Technical,Cloud Engineer
8.29,7.5,5.7,7.0,4.9,5.5,7.2,6.0,8.1,2.4,5.3,2.5,8.8,8.2,7.9,7.5,7.7,8.5,4.4,10.0,4.0,7.0,7.4,3.5,4.9,0,2,1,Technical,AI Engineer
8.06,5.7,2.2,3.3,7.5,3.2,4.3,9.6,3.1,2.1,3.2,5.3,8.1,7.9,9.9,10.0,6.8,2.4,3.7,9.7,3.2,4.3,4.1,6.2,9.4,1,2,1,Managerial,Data Analyst
6.44,4.7,4.6,3.2,8.4,3.4,2.3,6.7,3.7,2.6,1.1,5.3,7.3,7.0,6.5,9.6,8.5,3.9,3.2,6.4,2.7,3.3,4.8,4.6,10.0,3,2,0,Managerial,Business Analyst
8.42,7.2,3.6,4.8,7.4,4.7,8.6,9.7,6.7,3.3,3.9,3.4,7.2,10.0,9.1,7.2,6.7,8.4,2.5,8.4,1.5,5.1,6.4,3.2,7.6,5,2,1,Analytical,Data Scientist
8.32,6.0,5.0,5.6,7.2,8.4,1.7,3.4,5.1,4.1,3.3,5.0,6.4,8.1,6.1,8.0,8.4,3.5,8.4,4.1,4.2,3.8,8.7,9.1,5.9,1,2,1,Creative,Web Developer
8.07,7.2,5.7,7.0,6.5,5.7,5.0,5.4,5.8,10.0,5.9,2.7,8.0,9.9,6.4,6.9,9.8,2.5,4.1,6.2,9.6,7.1,4.6,2.3,4.9,3,3,0,Technical,Cybersecurity Analyst
8.13,9.7,7.5,6.9,7.7,5.1,10.0,6.8,7.5,3.9,4.7,3.5,9.8,7.1,8.4,6.6,7.1,10.0,3.3,7.3,4.0,8.2,9.1,5.6,4.6,3,3,0,Technical,Machine Learning Engineer
8.03,10.0,4.5,6.6,7.9,3.5,9.7,9.3,7.5,1.8,6.1,3.3,8.7,9.1,8.8,5.9,6.8,8.2,3.5,6.8,3.6,6.3,6.5,5.0,4.7,1,2,1,Technical,Machine Learning Engineer
7.3,7.8,6.4,4.4,7.3,3.5,4.7,6.0,8.7,6.0,7.4,1.4,8.1,5.8,6.6,7.0,8.3,3.9,6.9,4.8,7.4,9.8,7.4,3.3,5.2,3,1,1,Technical,Cloud Engineer
8.35,2.3,2.3,1.5,2.8,8.0,1.3,3.4,2.8,1.6,2.6,9.8,5.2,7.3,4.7,8.5,9.3,0.6,6.4,3.5,3.9,2.3,6.0,8.5,5.8,3,3,1,Creative,UI/UX Developer
8.4,6.3,3.7,2.8,6.5,2.9,10.0,9.2,4.3,4.3,2.6,5.7,7.5,8.6,10.0,7.1,9.0,8.4,2.9,8.0,4.6,4.5,7.1,3.3,6.5,2,6,1,Analytical,Data Scientist
7.76,4.1,5.6,3.5,7.6,8.4,1.8,3.7,5.4,6.3,5.9,7.8,4.5,8.3,6.2,6.3,8.7,5.4,10.0,3.6,3.4,6.4,7.2,8.2,3.7,2,8,1,Creative,Web Developer
8.14,7.6,3.3,3.6,7.3,3.3,5.4,7.6,4.4,4.8,3.4,7.4,5.9,6.9,7.9,8.4,9.3,4.3,2.8,6.1,3.5,3.8,5.2,7.2,9.1,2,6,0,Managerial,Business Analyst
7.65,8.3,6.8,3.8,8.6,5.3,4.7,3.8,9.8,6.6,7.6,4.2,10.0,8.5,7.4,6.2,8.1,5.2,6.9,4.6,7.6,10.0,8.2,3.4,5.0,1,1,0,Technical,DevOps Engineer
6.63,2.2,3.4,2.4,2.0,8.4,2.7,2.4,2.1,1.4,1.0,9.1,7.3,7.6,3.2,7.1,10.0,2.9,7.9,1.5,2.2,3.2,5.3,10.0,6.3,1,4,1,Creative,UI/UX Developer
7.78,8.7,6.0,7.0,5.8,5.7,7.7,7.7,6.2,5.2,5.3,3.5,6.4,9.0,8.8,7.1,8.4,10.0,4.4,7.2,6.4,5.0,6.2,2.7,5.2,3,2,1,Technical,AI Engineer
7.63,8.5,5.2,5.7,5.1,6.4,9.1,8.2,5.6,4.5,5.9,0.0,8.4,8.7,8.3,6.3,6.3,8.7,3.7,6.7,1.3,6.6,7.6,4.0,4.7,1,0,1,Technical,Machine Learning Engineer
6.14,6.2,4.1,3.0,3.7,3.8,1.8,4.4,7.5,5.7,9.4,3.5,9.1,8.9,7.7,7.5,7.4,6.0,8.5,2.8,6.9,8.1,8.0,3.8,2.8,5,0,1,Technical,DevOps Engineer
7.4,9.6,8.6,7.8,7.3,8.4,5.2,2.3,3.7,2.2,4.2,4.1,8.3,6.8,4.9,5.7,8.0,5.2,7.9,4.0,4.9,6.1,8.5,4.4,4.7,2,3,1,Technical,Software Developer
8.14,7.5,4.0,3.0,8.5,2.9,4.3,9.5,5.2,1.8,3.6,3.6,8.9,7.7,6.4,9.2,6.1,2.5,3.9,9.9,0.7,4.4,5.3,5.3,10.0,3,3,1,Analytical,Data Analyst
6.55,9.4,3.7,7.8,6.2,5.0,10.0,8.0,7.9,4.3,4.9,3.1,9.6,9.7,8.7,6.7,7.0,9.6,2.7,8.2,1.9,6.0,6.9,2.3,3.8,0,2,0,Technical,Machine Learning Engineer
8.2,10.0,4.5,8.3,5.1,3.9,8.6,8.8,6.8,5.0,5.4,4.3,9.6,6.6,10.0,6.4,5.6,8.5,3.4,7.1,3.0,6.7,8.0,4.8,6.8,2,4,1,Technical,AI Engineer
8.43,5.6,5.6,2.9,6.2,8.7,0.0,4.7,4.9,4.6,6.3,5.5,4.7,9.6,5.0,7.5,7.5,4.1,10.0,2.3,5.9,4.7,9.8,5.5,4.1,2,3,0,Analytical,Web Developer
6.87,6.0,4.7,5.7,9.5,9.8,1.9,3.7,3.7,3.1,6.3,8.5,8.1,7.5,4.1,7.4,6.8,3.0,10.0,6.1,3.9,5.2,6.9,7.1,4.9,1,3,0,Creative,Web Developer
8.24,7.0,7.1,5.0,4.6,5.7,5.6,3.8,8.8,6.8,9.2,4.7,9.3,9.2,6.2,7.8,7.7,4.5,8.8,5.7,6.4,8.7,5.8,2.7,2.6,1,4,0,Technical,DevOps Engineer
8.92,6.0,6.4,6.7,6.7,7.4,2.3,4.3,6.9,10.0,4.9,2.0,8.4,8.3,7.8,6.9,7.7,3.2,5.2,5.0,10.0,9.3,7.1,1.7,5.7,1,1,0,Technical,Cybersecurity Analyst
7.71,4.4,2.9,1.4,5.2,5.6,1.9,3.3,2.5,0.5,2.9,9.4,5.9,6.0,5.6,8.5,9.2,3.5,7.8,3.4,1.5,1.6,6.0,9.6,7.8,1,3,1,Creative,UI/UX Developer
7.75,6.7,2.4,3.1,7.6,3.3,3.8,10.0,3.8,2.7,3.7,6.3,8.2,6.1,8.0,8.3,4.2,3.2,3.8,10.0,1.9,4.9,4.1,5.0,7.8,1,4,1,Analytical,Data Analyst
6.0,5.9,7.0,6.4,6.7,6.0,5.4,3.6,10.0,7.8,7.5,3.0,6.5,8.2,6.5,6.1,8.4,4.0,7.6,3.4,5.8,7.6,7.3,4.3,5.0,2,5,0,Technical,DevOps Engineer
7.54,7.4,3.9,4.9,10.0,1.8,7.3,8.1,5.2,2.6,3.9,6.2,7.1,8.7,9.6,5.9,8.6,8.3,1.8,10.0,3.7,4.4,5.8,4.4,5.3,1,3,1,Analytical,Data Scientist
8.82,7.2,6.2,4.4,5.6,6.8,4.0,4.8,10.0,6.0,9.8,2.6,9.1,6.8,6.4,8.2,7.8,6.1,5.5,5.6,5.3,10.0,6.4,1.7,5.6,3,3,1,Technical,Cloud Engineer
7.47,9.4,4.1,8.7,5.5,3.7,10.0,7.5,7.5,4.7,5.2,3.0,10.0,9.7,8.6,7.3,6.8,10.0,4.2,7.9,2.8,7.7,7.1,4.6,3.1,2,4,0,Technical,AI Engineer
7.58,8.1,4.7,3.6,5.4,5.4,3.8,1.9,8.3,5.4,7.7,1.8,7.5,7.1,5.4,6.7,6.8,3.9,7.0,4.2,6.0,8.6,5.3,1.5,5.3,0,3,0,Technical,DevOps Engineer
8.05,4.8,5.3,1.4,6.3,9.5,1.6,5.1,5.7,2.7,5.7,6.0,7.5,9.0,6.8,7.4,7.6,2.7,9.7,4.4,6.3,4.5,8.9,8.8,4.5,1,4,0,Creative,Web Developer
7.89,8.8,7.2,7.2,7.4,3.3,8.7,9.7,6.6,3.4,6.5,5.8,9.0,8.1,7.8,7.4,5.4,10.0,3.2,6.5,2.4,6.5,9.0,4.0,4.7,2,2,0,Technical,Machine Learning Engineer
8.11,7.4,4.1,4.9,6.2,5.7,3.3,3.2,10.0,6.8,9.0,0.7,9.4,7.7,6.3,9.0,7.9,4.4,6.9,4.2,6.7,5.7,5.7,2.6,4.3,1,2,1,Technical,DevOps Engineer
7.16,6.5,3.4,2.4,9.1,4.2,2.9,7.9,4.3,1.2,6.7,5.6,7.9,6.9,7.0,8.0,7.6,4.5,2.7,10.0,3.5,4.3,2.5,5.6,9.7,3,3,0,Analytical,Data Analyst
6.79,4.9,1.9,3.1,5.5,9.4,3.2,2.0,3.8,0.0,3.8,10.0,7.4,5.9,4.6,8.8,8.4,2.9,8.1,3.2,3.3,2.2,4.8,10.0,6.3,2,3,0,Creative,UI/UX Developer
7.6,4.5,3.2,0.3,8.6,2.9,3.5,9.0,3.5,3.1,1.7,8.2,9.6,8.4,7.5,8.9,8.9,3.6,4.1,6.9,3.3,5.2,4.3,5.2,10.0,3,2,0,Creative,Business Analyst
6.72,8.4,6.3,6.7,7.0,7.6,5.1,6.3,7.9,7.2,7.9,1.5,9.5,9.3,6.3,6.3,7.6,2.5,4.5,4.7,7.2,9.3,5.9,2.1,8.2,1,2,1,Technical,Cloud Engineer
7.94,9.1,3.3,8.7,8.3,3.6,7.9,9.1,7.4,5.9,7.3,1.4,10.0,9.1,9.0,7.0,6.9,7.8,5.5,7.4,3.7,7.6,9.4,3.4,5.2,3,3,0,Technical,AI Engineer
9.06,5.3,4.1,1.1,7.0,3.6,1.6,9.5,5.9,2.8,3.0,7.0,8.1,7.8,7.0,10.0,10.0,2.3,6.2,8.5,3.6,4.2,6.1,5.0,7.2,3,2,1,Managerial,Business Analyst
7.94,7.6,6.6,6.7,6.8,4.7,4.3,7.1,6.1,9.1,7.3,4.7,7.4,7.5,6.0,4.9,7.1,6.4,6.1,4.9,10.0,8.7,6.1,2.5,4.2,3,2,0,Technical,Cybersecurity Analyst
7.3,6.6,3.5,1.2,6.3,7.2,1.6,3.5,3.6,4.9,4.4,8.4,6.5,8.8,5.4,7.2,7.3,3.8,10.0,2.0,6.4,7.5,7.4,9.1,3.7,2,3,0,Managerial,Web Developer
8.3,7.4,4.8,5.6,7.8,5.7,4.5,6.4,6.4,10.0,6.0,1.8,8.4,7.7,5.9,5.8,4.1,4.5,5.5,3.4,8.0,6.2,7.0,1.7,5.9,2,3,1,Technical,Cybersecurity Analyst
9.0,7.5,3.6,1.7,8.5,3.5,4.2,9.7,2.8,1.2,1.8,4.3,7.7,8.6,7.5,6.6,6.0,4.5,3.9,10.0,0.3,4.4,3.6,4.6,6.8,1,6,0,Managerial,Data Analyst
6.73,9.0,4.8,7.0,5.1,3.4,9.0,8.6,8.5,4.4,7.0,4.4,8.7,10.0,9.7,6.0,9.1,10.0,6.4,8.8,2.9,5.7,7.1,2.4,6.4,1,0,1,Technical,Machine Learning Engineer
6.75,6.8,5.4,3.7,5.4,6.8,1.9,5.0,9.7,7.4,8.5,2.2,8.8,6.2,7.9,7.8,4.9,4.7,5.8,5.5,5.4,8.3,7.0,4.2,4.9,0,2,0,Technical,Cloud Engineer
7.59,8.5,4.2,4.7,7.7,2.3,7.5,9.5,5.5,4.1,5.3,5.0,9.9,7.7,9.7,7.0,5.8,9.0,3.8,8.6,3.1,5.8,4.3,4.9,6.0,1,4,1,Analytical,Data Scientist
9.14,7.4,4.4,3.0,5.8,9.8,0.1,3.6,4.2,5.2,5.2,8.1,6.9,8.3,6.2,7.7,8.2,3.8,9.8,3.0,3.2,4.5,9.0,7.5,6.3,5,6,0,Managerial,Web Developer
8.38,7.6,6.2,3.9,5.4,4.0,2.8,5.5,8.1,7.8,6.9,2.8,8.5,9.1,6.1,7.5,7.7,4.2,4.9,5.5,6.5,9.1,6.6,3.6,3.7,1,1,1,Technical,Cloud Engineer
7.9,6.8,8.1,6.5,6.1,6.8,1.6,4.0,3.0,4.3,3.9,5.1,6.4,9.0,8.3,5.4,6.1,3.0,5.5,4.6,3.4,3.8,6.8,5.8,5.8,0,4,1,Technical,Software Developer
7.82,7.8,3.7,8.5,7.8,6.4,8.6,5.6,4.9,5.5,7.0,4.0,9.7,9.8,10.0,5.8,6.0,10.0,4.8,6.7,4.9,6.5,8.1,2.1,2.9,2,0,1,Technical,AI Engineer
7.43,8.2,6.5,8.4,6.9,4.6,7.5,8.1,8.4,4.0,7.3,2.6,7.4,8.3,9.2,7.0,6.7,10.0,3.9,6.5,4.6,6.3,7.7,3.1,3.4,1,2,1,Analytical,AI Engineer
7.6,10.0,4.3,6.7,8.2,5.2,7.7,6.9,7.4,3.2,6.3,1.1,8.5,8.8,9.3,6.1,7.8,9.3,5.4,8.5,2.9,5.7,6.4,3.3,7.2,4,0,0,Technical,Machine Learning Engineer
8.34,9.1,7.2,9.1,8.2,2.5,7.8,8.6,5.2,4.5,7.5,4.7,10.0,8.6,8.4,5.6,7.3,7.1,3.7,9.3,4.2,7.5,6.3,1.6,5.7,1,2,1,Technical,Machine Learning Engineer
7.8,3.5,2.2,1.0,3.1,6.4,1.7,3.5,2.4,3.0,3.0,9.5,6.8,7.0,5.1,7.0,9.7,2.0,9.5,3.9,1.4,3.4,5.2,10.0,5.7,1,4,1,Creative,UI/UX Developer
7.42,10.0,4.9,6.5,6.3,3.3,9.2,7.9,7.4,2.6,6.8,4.3,10.0,8.2,8.1,5.8,6.1,10.0,2.8,10.0,3.8,6.3,9.7,1.6,4.1,0,2,1,Technical,Machine Learning Engineer
6.57,9.8,5.6,6.9,6.7,4.3,9.8,8.1,7.1,5.3,6.2,6.0,10.0,8.5,10.0,5.9,9.7,9.2,4.6,9.0,3.1,7.0,8.8,3.1,5.3,3,3,1,Technical,Machine Learning Engineer
8.27,8.8,7.3,5.5,7.2,4.7,3.8,5.5,5.7,5.2,7.2,5.1,8.4,10.0,8.9,8.4,6.5,2.5,5.4,4.8,4.2,4.8,9.6,2.4,4.2,6,3,1,Technical,Software Developer
7.92,8.2,3.6,5.3,7.3,6.3,4.0,5.0,8.6,8.7,9.8,5.6,7.4,8.8,7.4,4.8,7.5,4.9,6.4,4.1,7.7,9.9,6.0,3.7,4.5,3,1,0,Technical,Cloud Engineer
6.37,9.1,6.0,8.1,7.6,2.3,8.3,7.9,7.1,3.6,6.2,3.3,10.0,10.0,10.0,9.0,7.5,8.5,3.7,8.4,4.2,5.5,7.9,2.3,7.1,3,2,1,Technical,AI Engineer
9.03,4.2,0.9,1.3,3.1,8.7,1.8,2.1,3.0,2.1,2.7,10.0,6.5,8.2,6.9,8.1,8.4,3.7,10.0,2.5,0.5,3.6,6.4,8.5,5.6,3,1,0,Creative,UI/UX Developer
7.18,10.0,4.2,4.1,7.8,2.1,9.5,10.0,3.5,3.8,4.9,5.4,9.8,10.0,9.4,8.6,7.0,7.6,3.8,10.0,3.4,3.2,3.4,4.8,6.6,0,4,1,Creative,Data Scientist
7.95,8.1,5.5,7.2,6.7,2.7,7.4,10.0,5.0,5.4,5.6,3.9,9.5,9.7,9.3,4.7,6.3,8.0,4.2,7.0,1.3,6.2,5.1,3.3,3.6,2,0,0,Technical,Machine Learning Engineer
7.62,6.6,9.1,7.9,7.9,4.6,4.3,2.3,4.7,4.5,5.2,5.2,6.0,8.7,8.3,6.6,5.7,5.1,5.3,3.1,3.0,4.8,9.2,2.6,2.8,1,6,0,Managerial,Software Developer
8.5,8.4,6.1,8.2,7.0,3.9,8.0,8.6,5.7,3.6,6.3,6.2,9.8,8.3,9.0,6.7,7.4,10.0,3.3,8.2,5.1,5.7,7.3,3.1,5.0,1,1,0,Managerial,AI Engineer
8.04,5.2,4.4,1.1,6.8,2.9,3.6,7.9,4.4,1.8,2.2,6.7,9.4,9.0,4.9,9.0,9.8,3.1,3.9,6.4,2.9,6.5,3.3,6.8,9.4,2,3,1,Managerial,Business Analyst
8.47,9.0,4.0,8.2,3.8,5.8,6.6,6.1,6.6,2.7,4.0,3.6,8.5,8.4,8.7,5.5,7.7,8.5,4.5,7.8,3.8,6.6,8.5,4.7,6.1,0,2,1,Technical,AI Engineer
8.15,10.0,3.9,4.7,9.2,5.1,9.7,7.7,3.9,2.3,4.2,3.2,6.7,7.2,10.0,7.3,9.0,8.2,3.9,8.8,3.0,5.9,4.6,2.7,6.1,1,2,1,Analytical,Data Scientist
6.83,5.6,6.5,4.2,6.2,6.6,4.4,4.7,9.9,6.4,7.4,0.7,9.0,9.1,7.8,6.1,7.4,2.9,6.6,4.9,6.5,10.0,6.7,4.7,6.0,2,2,0,Technical,Cloud Engineer
7.02,9.4,4.4,7.6,7.9,5.3,8.2,8.1,7.4,5.3,6.1,3.6,9.9,9.9,10.0,8.7,7.0,9.4,3.2,6.4,4.1,4.7,9.7,2.6,6.4,3,3,0,Technical,AI Engineer
8.93,8.7,8.7,7.7,8.2,6.5,4.4,4.7,3.0,5.4,5.1,3.9,8.3,8.1,7.2,5.8,8.4,3.9,5.6,3.0,4.3,5.2,9.4,2.9,2.2,3,3,0,Technical,Software Developer
6.94,5.8,4.3,2.2,8.7,3.6,3.1,7.3,3.9,3.7,1.7,5.2,7.2,6.6,8.1,8.8,6.6,6.5,3.5,9.2,2.4,6.2,4.8,4.2,8.0,5,2,1,Analytical,Data Analyst
7.51,8.0,7.2,7.7,7.9,6.8,1.3,4.6,5.7,4.2,5.7,3.1,8.1,9.7,8.1,7.1,6.0,2.9,6.1,4.2,3.9,4.1,9.5,4.1,4.3,0,2,1,Technical,Software Developer
7.62,10.0,5.5,6.4,6.5,6.1,9.3,8.9,9.1,3.8,4.8,3.0,10.0,9.9,9.3,8.2,6.5,9.2,3.2,10.0,4.2,6.9,7.7,3.4,4.1,3,2,0,Analytical,AI Engineer
8.54,10.0,5.5,6.1,7.2,4.0,7.2,7.1,8.1,3.7,6.1,2.2,8.7,8.7,7.9,7.2,6.7,10.0,3.4,8.1,3.2,5.2,8.7,3.0,4.0,3,0,0,Technical,AI Engineer
8.13,9.1,4.0,6.8,8.2,7.7,9.6,8.4,7.3,4.5,6.6,4.6,10.0,8.0,10.0,7.2,7.2,9.0,3.6,8.7,4.7,7.6,7.0,0.5,3.0,2,3,0,Technical,AI Engineer
8.33,3.1,0.5,2.4,3.3,7.7,1.5,0.7,1.9,0.4,1.7,8.6,6.3,7.6,7.0,7.0,9.8,3.1,6.1,2.4,2.8,3.1,3.4,9.9,5.3,1,4,1,Creative,UI/UX Developer
6.7,7.7,3.5,3.1,8.4,3.3,4.8,7.4,6.6,3.1,3.1,4.8,9.5,7.6,8.5,7.4,6.5,4.8,3.0,10.0,3.6,5.2,5.4,4.2,7.7,2,1,1,Technical,Data Analyst
7.08,5.1,2.6,2.9,8.3,1.2,5.2,9.9,3.4,1.3,1.1,5.7,7.5,4.6,5.9,8.6,7.1,3.8,3.1,8.6,1.3,3.7,5.9,6.8,5.8,1,3,0,Analytical,Data Analyst
6.77,10.0,4.4,5.2,7.0,3.6,8.4,8.1,6.3,4.7,5.5,2.2,9.8,10.0,10.0,7.3,6.6,8.9,3.6,6.6,4.3,8.0,7.4,5.3,8.0,2,1,1,Technical,Machine Learning Engineer
6.94,5.2,5.3,7.1,5.9,3.9,4.9,3.8,6.2,9.3,5.3,1.2,7.9,8.9,6.2,7.5,6.7,3.8,4.2,5.3,10.0,6.6,4.9,3.7,4.0,0,4,1,Technical,Cybersecurity Analyst
7.58,9.0,5.3,7.0,6.6,5.8,2.3,5.3,6.3,9.6,6.8,2.6,8.0,9.4,7.7,8.1,7.0,3.9,7.0,4.0,10.0,7.7,6.7,2.4,5.2,1,1,0,Technical,Cybersecurity Analyst
6.43,7.7,4.5,5.9,7.0,5.6,7.7,7.8,6.5,3.1,4.8,2.3,8.3,9.7,9.0,4.8,6.6,8.9,6.2,8.8,2.3,5.6,7.1,3.4,5.5,1,2,1,Technical,Machine Learning Engineer
7.33,8.4,7.0,5.8,6.3,6.9,4.0,5.2,10.0,6.6,10.0,2.8,8.4,10.0,9.0,7.2,8.7,1.9,6.2,4.7,6.4,8.6,7.2,4.0,3.3,2,2,0,Technical,DevOps Engineer
7.49,8.4,6.0,2.9,8.6,7.4,5.5,5.0,8.6,7.1,8.7,2.1,10.0,8.2,6.7,7.5,7.7,5.1,6.4,7.9,4.4,7.8,8.2,1.3,5.2,2,1,1,Technical,DevOps Engineer
8.8,4.6,3.6,0.9,6.3,1.9,5.0,5.5,2.8,1.8,2.6,5.3,8.1,7.4,5.9,8.5,7.7,5.6,5.0,6.0,3.5,4.6,4.1,5.4,8.7,2,1,1,Creative,Business Analyst
7.45,8.4,6.3,8.2,5.6,4.3,10.0,9.1,5.5,5.4,7.4,3.7,8.9,8.4,7.6,7.4,6.8,10.0,4.5,10.0,5.3,7.6,5.1,3.9,6.7,4,1,0,Technical,AI Engineer
9.07,9.4,4.6,6.1,7.5,5.8,10.0,7.1,6.9,2.6,6.7,3.5,9.3,10.0,7.7,8.0,6.6,8.2,5.1,9.0,4.6,6.7,5.1,2.1,5.1,1,3,0,Technical,Machine Learning Engineer
7.7,6.5,5.0,1.8,5.5,8.5,4.2,3.9,5.2,4.8,3.6,8.3,6.9,6.2,5.8,8.7,8.2,3.9,8.7,3.3,6.4,5.9,8.0,7.0,2.8,0,2,1,Creative,Web Developer
7.41,8.0,5.8,5.0,5.7,6.5,3.3,3.6,8.3,6.3,9.9,2.1,8.0,6.4,5.3,6.7,7.5,1.8,7.1,3.0,4.7,8.9,7.9,0.3,5.8,0,2,1,Technical,DevOps Engineer
8.47,7.9,8.9,8.7,8.2,5.9,4.3,3.6,6.0,4.2,5.5,4.5,6.2,7.3,7.1,4.6,7.9,5.0,6.4,2.8,5.5,7.2,9.2,4.6,4.2,3,4,1,Creative,Software Developer
8.04,7.9,2.6,2.0,7.8,4.8,4.4,8.0,3.2,2.1,3.8,3.5,10.0,7.8,8.0,7.9,7.5,4.8,4.1,9.5,2.8,3.5,4.2,4.1,9.3,1,1,0,Managerial,Data Analyst
6.63,7.3,4.5,3.2,8.7,8.2,0.3,2.4,4.5,5.5,6.1,7.5,8.0,7.2,8.3,8.8,8.1,3.9,10.0,3.4,2.0,6.7,9.3,8.4,4.5,2,2,0,Creative,Web Developer
7.44,10.0,4.6,6.2,7.8,5.1,8.1,9.6,6.6,4.1,8.1,3.8,9.0,8.3,10.0,5.6,7.3,10.0,4.6,10.0,3.6,6.4,9.2,2.9,6.0,3,3,1,Technical,Machine Learning Engineer
8.22,6.7,4.9,4.6,9.8,3.2,7.4,7.7,4.9,1.8,5.4,5.5,8.3,8.1,7.0,8.3,8.8,7.8,2.9,9.5,4.9,5.2,5.2,4.2,5.4,2,2,1,Analytical,Data Scientist
7.38,5.0,3.0,2.8,9.9,1.7,5.1,7.4,2.8,2.8,3.6,4.1,8.1,7.6,5.9,8.3,8.5,7.6,1.7,7.3,1.6,3.8,4.7,4.2,8.6,4,1,0,Managerial,Business Analyst
6.58,7.6,4.5,5.7,5.4,6.0,5.3,5.4,8.8,9.2,9.6,4.1,8.0,7.4,9.1,6.9,6.9,4.3,4.8,4.3,6.9,9.8,6.9,1.7,6.0,2,6,0,Technical,Cloud Engineer
8.31,9.2,4.1,8.0,5.8,4.1,9.8,6.7,4.8,3.1,7.4,4.6,9.5,9.4,10.0,8.4,6.2,10.0,4.7,7.2,4.4,6.1,7.4,3.3,6.4,2,2,0,Technical,AI Engineer
8.71,6.8,6.1,4.4,6.6,5.7,4.0,5.8,10.0,6.0,6.1,0.8,8.3,7.7,8.2,8.1,5.6,4.7,5.0,5.4,7.7,7.3,7.0,5.6,5.0,0,2,0,Technical,Cloud Engineer
7.64,7.6,6.5,7.1,5.7,3.8,2.9,3.2,10.0,7.2,8.1,1.5,7.4,8.6,6.2,7.0,6.8,3.3,5.0,4.5,6.9,8.3,8.3,3.7,3.9,1,3,0,Creative,DevOps Engineer
7.65,4.5,3.1,2.5,8.0,2.8,4.3,8.1,2.7,2.8,5.1,4.7,5.4,7.8,7.4,10.0,9.0,3.9,2.9,7.8,2.8,5.2,4.9,7.3,9.2,4,3,1,Managerial,Business Analyst
8.06,9.9,4.2,5.4,6.4,3.6,10.0,7.8,6.5,2.0,6.3,4.6,10.0,8.4,9.4,6.3,7.6,9.2,2.9,7.4,4.1,3.6,8.7,2.7,4.3,2,3,1,Technical,Machine Learning Engineer
8.2,8.7,6.7,5.0,7.4,5.1,0.8,4.2,5.9,3.9,4.5,3.8,7.6,7.0,6.2,7.1,7.4,4.2,4.9,3.8,1.6,5.2,10.0,2.4,3.4,0,2,0,Technical,Software Developer
7.25,8.8,4.6,8.4,5.1,3.9,10.0,8.1,6.7,3.5,5.8,3.6,8.8,9.2,9.1,7.0,7.1,10.0,5.1,9.4,4.7,8.0,6.2,6.0,5.2,1,1,1,Technical,Machine Learning Engineer
7.06,6.9,6.2,3.5,9.3,7.5,3.0,4.2,8.5,7.2,6.6,4.5,9.4,8.7,6.4,5.5,5.9,3.4,7.0,6.1,5.8,10.0,7.3,0.7,4.8,4,3,0,Technical,Cloud Engineer
7.39,7.3,7.3,7.7,6.6,4.2,1.0,4.3,5.1,3.5,3.2,4.5,9.4,8.8,6.1,6.5,5.5,5.2,6.1,2.1,3.7,5.5,8.6,3.7,2.7,1,2,1,Technical,Software Developer
6.81,6.7,4.0,5.2,4.8,5.0,2.1,5.4,10.0,7.0,9.0,1.6,8.1,8.9,7.2,7.7,8.5,4.5,6.9,4.6,5.0,7.2,8.1,3.2,6.2,2,3,1,Managerial,DevOps Engineer
6.26,8.2,7.4,6.9,4.4,2.7,10.0,7.0,7.4,4.3,5.3,3.0,8.0,7.0,10.0,7.9,7.0,9.6,5.1,5.5,4.6,8.1,9.6,4.5,6.8,0,4,1,Technical,AI Engineer
6.77,6.3,7.5,4.2,4.7,5.8,2.7,4.7,9.1,3.1,8.1,4.1,7.7,9.1,6.7,5.5,7.1,3.5,5.6,4.5,6.8,7.9,7.3,1.1,4.4,4,2,0,Technical,DevOps Engineer
6.73,8.8,5.8,8.7,7.0,4.3,8.5,9.9,8.0,2.4,7.2,2.9,9.3,8.1,6.4,5.3,6.4,9.0,1.4,8.8,1.9,6.5,6.2,1.0,4.9,3,1,1,Technical,Machine Learning Engineer
6.52,5.5,5.1,3.8,7.5,10.0,2.2,5.0,5.4,4.8,5.4,8.0,6.4,7.0,5.4,8.1,7.4,3.7,9.4,5.1,4.7,3.4,8.2,7.7,4.7,2,3,0,Creative,Web Developer
7.83,5.3,1.0,1.0,8.9,3.5,0.6,8.1,3.2,4.6,2.2,6.8,7.2,7.7,6.4,7.7,9.2,3.9,3.0,7.8,4.2,5.2,5.8,6.7,9.7,1,4,1,Managerial,Business Analyst
7.34,7.2,4.1,6.4,8.0,4.8,5.1,5.7,7.5,7.5,6.9,4.1,10.0,7.5,7.1,5.5,6.4,3.2,6.2,6.1,10.0,6.7,6.3,2.3,5.7,3,2,0,Technical,Cybersecurity Analyst
7.89,6.5,2.6,1.2,7.2,2.3,2.7,9.8,4.4,2.6,2.0,3.7,8.1,7.6,7.3,7.7,9.4,5.5,5.2,10.0,3.9,2.8,4.7,4.5,6.2,2,1,0,Analytical,Data Analyst
8.59,4.5,4.1,2.0,3.8,9.1,1.9,4.9,4.0,2.3,3.4,10.0,5.9,6.7,5.0,8.8,9.1,3.4,9.3,3.2,1.9,4.3,6.7,8.5,6.1,1,4,1,Creative,UI/UX Developer
7.06,7.1,7.7,7.5,6.5,4.9,3.4,4.1,5.5,2.1,5.2,1.8,7.8,9.2,8.2,6.9,7.7,3.7,5.4,7.0,4.9,3.7,7.1,3.5,5.3,0,2,0,Technical,Software Developer
7.0,4.0,6.0,7.4,6.1,4.4,4.4,6.5,6.9,10.0,7.0,3.1,9.8,7.8,6.4,6.4,7.3,6.0,5.8,2.2,10.0,7.0,7.4,3.1,3.6,1,5,0,Technical,Cybersecurity Analyst
8.05,8.7,8.1,7.8,6.4,4.6,2.8,4.1,4.5,2.3,3.8,4.0,9.0,10.0,6.8,5.7,6.6,2.8,6.9,6.4,3.2,3.7,10.0,4.3,4.4,1,1,1,Technical,Software Developer
8.98,6.4,6.2,3.4,5.5,5.3,3.4,3.6,8.6,5.9,9.5,2.9,7.3,8.8,6.9,7.9,8.8,5.0,6.2,4.5,5.1,6.6,6.0,0.9,5.4,1,4,0,Technical,DevOps Engineer
7.84,4.3,4.7,0.3,2.4,8.2,0.9,2.3,4.3,2.4,3.0,8.8,7.1,7.0,4.6,9.8,10.0,4.7,9.2,3.8,0.4,3.4,4.1,10.0,6.8,2,1,0,Creative,UI/UX Developer
7.82,5.0,1.0,1.2,4.5,8.9,1.8,5.0,4.1,1.9,2.4,9.8,6.7,8.3,4.8,9.6,7.0,3.9,7.7,3.5,1.8,1.8,4.7,9.0,8.4,1,2,1,Creative,UI/UX Developer
7.42,4.4,2.6,0.1,7.5,2.6,3.8,5.5,5.4,3.2,4.2,5.5,8.3,6.6,6.0,7.7,8.1,3.3,5.3,6.4,2.3,4.6,5.7,6.2,10.0,0,3,1,Managerial,Business Analyst
8.02,4.1,1.2,1.4,4.5,7.6,3.1,3.3,2.8,1.8,2.2,10.0,6.8,8.9,4.7,7.7,8.1,4.5,7.7,2.8,0.8,3.5,5.4,9.4,7.6,3,7,0,Creative,UI/UX Developer
8.81,8.7,3.9,6.3,6.6,3.7,8.7,6.1,7.6,3.0,5.5,4.9,9.2,9.8,7.9,7.3,7.5,8.4,4.1,7.5,4.3,5.5,6.3,2.0,3.7,1,3,1,Managerial,AI Engineer
8.32,5.8,5.6,4.0,5.4,8.1,3.1,3.0,4.2,4.9,4.1,10.0,9.3,7.8,7.4,7.7,7.5,6.2,9.9,2.5,4.5,6.8,8.0,8.2,4.7,2,4,1,Creative,Web Developer
6.0,7.7,2.2,2.5,7.1,2.4,3.2,8.2,2.7,2.8,5.0,6.1,8.8,7.1,7.7,6.8,6.1,3.4,1.7,10.0,2.9,3.0,4.3,6.3,7.8,2,1,0,Analytical,Data Analyst
7.97,7.8,5.4,4.6,6.6,5.3,2.0,4.8,9.7,6.6,7.4,3.4,8.6,8.8,8.1,7.4,8.0,3.7,4.5,6.0,7.7,10.0,5.9,2.5,4.2,3,0,1,Managerial,Cloud Engineer
7.55,4.3,2.9,3.4,7.6,3.4,3.3,7.9,6.7,5.1,2.5,5.1,8.5,8.3,6.2,10.0,9.5,4.9,3.2,9.0,1.3,4.4,2.6,5.3,7.4,2,2,0,Managerial,Business Analyst
7.01,3.2,2.2,1.1,5.1,8.0,3.1,2.6,3.7,4.8,1.5,10.0,6.2,8.0,7.0,8.7,6.8,3.8,8.7,3.9,1.2,4.0,5.9,9.2,4.3,2,1,1,Creative,UI/UX Developer
7.94,8.6,4.1,6.4,8.4,4.7,6.7,7.4,8.1,2.2,6.6,3.4,7.0,8.3,8.8,5.6,6.2,9.8,4.3,8.5,3.3,8.2,7.3,3.0,4.7,4,2,1,Managerial,AI Engineer
7.56,7.5,6.1,6.3,7.3,5.1,4.4,5.0,7.1,9.1,5.4,3.1,8.3,8.8,7.4,5.4,6.5,3.2,5.2,3.6,8.0,7.1,7.1,1.5,4.9,1,3,0,Managerial,Cybersecurity Analyst
6.0,5.9,5.8,4.1,6.3,8.7,3.4,2.5,5.8,3.8,4.2,6.5,7.3,8.3,5.4,7.1,8.2,7.2,9.9,4.0,4.0,7.3,5.8,6.8,4.1,4,2,1,Creative,Web Developer
7.38,4.0,0.6,1.6,3.6,7.5,1.7,0.8,1.7,0.2,3.8,9.5,3.7,8.1,5.5,8.4,8.9,3.4,8.1,3.6,2.1,2.1,6.3,8.6,6.2,3,1,0,Creative,UI/UX Developer
7.28,7.7,6.7,7.5,7.2,3.7,4.1,6.2,5.7,8.4,6.1,3.7,7.6,7.7,5.0,6.1,7.9,3.6,3.8,4.6,9.1,7.4,4.6,0.8,6.2,1,1,0,Technical,Cybersecurity Analyst
7.93,8.0,3.1,3.0,8.0,5.0,7.2,8.3,6.3,5.2,5.0,3.8,7.9,9.7,10.0,7.5,6.8,10.0,5.1,9.4,3.2,3.7,5.0,5.3,4.9,1,5,0,Analytical,Data Scientist
8.32,6.2,5.9,4.1,7.2,10.0,3.8,2.3,4.6,2.0,3.4,10.0,9.0,6.1,6.0,7.1,10.0,1.4,8.8,2.8,3.2,5.3,9.0,7.4,4.9,1,2,0,Creative,Web Developer
8.92,7.7,6.3,9.9,5.0,5.6,3.0,6.1,3.5,6.2,5.8,4.5,6.9,9.1,6.2,7.9,5.9,3.9,5.4,2.9,4.8,5.6,10.0,2.0,5.2,2,2,0,Technical,Software Developer
7.14,6.9,2.4,3.0,8.8,4.9,4.2,8.9,5.3,1.9,4.6,5.6,5.4,8.8,8.5,9.0,5.4,4.3,2.4,8.6,3.9,4.0,4.0,5.6,8.6,2,2,1,Analytical,Data Analyst
7.69,10.0,4.3,6.9,6.0,4.7,9.2,7.3,7.0,3.5,7.1,2.0,8.6,9.2,9.3,5.4,7.1,10.0,4.1,8.2,2.9,5.9,7.7,0.8,4.4,1,3,1,Technical,Machine Learning Engineer
8.21,9.5,6.8,5.1,5.1,6.2,1.6,4.9,9.1,5.4,7.8,2.6,10.0,9.2,6.6,7.0,8.6,2.6,6.2,2.6,7.8,9.1,5.9,1.6,5.6,2,7,1,Technical,DevOps Engineer
6.98,9.1,5.9,6.9,6.2,6.3,3.1,4.4,4.8,5.1,5.8,3.7,8.9,10.0,6.3,8.3,6.4,5.6,5.4,4.8,4.2,3.0,10.0,3.0,2.6,2,2,0,Technical,Software Developer
8.48,10.0,4.8,9.2,6.3,4.0,10.0,9.0,6.3,3.2,7.9,3.4,9.0,8.7,10.0,9.4,7.1,10.0,3.4,7.7,4.7,6.1,8.2,2.9,3.3,2,3,1,Technical,AI Engineer
6.97,8.0,4.7,6.5,4.7,4.0,3.4,2.9,10.0,5.1,7.5,3.2,6.0,6.8,5.4,5.8,7.2,3.3,5.5,5.0,6.4,8.5,6.9,2.9,5.1,3,0,0,Creative,DevOps Engineer
7.56,7.4,8.6,8.4,6.0,5.9,2.2,4.1,6.1,4.1,6.3,5.0,9.6,8.6,6.4,7.2,6.6,4.6,5.3,3.1,5.3,3.9,10.0,4.6,4.1,1,2,1,Technical,Software Developer
9.08,7.7,3.6,5.7,7.7,7.4,3.0,3.8,4.9,3.8,5.8,8.3,6.9,7.4,5.4,7.3,9.0,5.3,9.3,4.7,4.5,5.1,10.0,8.4,4.9,1,3,0,Creative,Web Developer
8.66,9.0,5.4,8.2,6.4,3.6,8.1,7.8,7.8,4.2,5.6,2.9,9.9,7.6,8.5,8.6,8.3,9.7,3.5,7.7,4.1,9.3,8.6,4.5,4.8,1,4,1,Analytical,AI Engineer
8.16,8.8,4.4,8.0,5.6,4.2,9.5,7.6,6.8,3.7,5.7,5.3,10.0,7.2,7.9,5.7,6.5,10.0,3.1,8.5,5.2,4.6,6.9,1.7,4.3,1,3,1,Technical,AI Engineer
7.53,6.7,5.7,6.9,5.2,4.2,2.7,2.8,9.1,7.0,9.1,3.4,7.3,9.5,5.9,8.8,7.6,3.5,6.3,4.6,8.1,8.9,9.4,2.1,4.8,2,1,0,Technical,DevOps Engineer
8.16,6.0,5.2,6.4,5.5,4.1,4.1,4.8,6.2,8.4,7.1,0.8,10.0,8.5,6.3,5.3,5.7,4.7,4.5,3.5,8.1,5.8,5.5,3.3,4.4,3,1,1,Technical,Cybersecurity Analyst
8.43,6.3,4.2,1.6,6.0,8.7,2.0,2.4,4.2,4.5,6.0,6.2,6.5,8.2,5.8,7.1,9.0,4.2,7.7,2.6,2.2,4.8,6.5,6.1,2.7,1,1,0,Creative,Web Developer
7.69,8.6,9.4,7.6,6.7,5.3,2.7,4.7,6.3,3.8,4.5,4.0,8.7,6.9,4.5,5.9,5.7,3.4,5.8,3.5,5.6,5.4,9.3,4.7,2.7,2,3,1,Technical,Software Developer
7.76,8.2,6.2,6.0,7.3,6.5,3.3,2.0,8.5,6.6,10.0,3.5,7.5,9.8,7.5,6.4,7.4,3.2,4.6,5.7,6.6,8.5,8.6,2.7,3.9,0,1,1,Technical,DevOps Engineer
8.47,8.5,4.3,3.4,8.4,3.6,6.9,7.4,4.9,2.2,5.4,4.0,7.6,8.0,8.4,7.2,5.8,7.6,3.8,9.2,2.8,5.0,4.9,3.8,7.6,1,2,1,Analytical,Data Scientist
7.57,6.7,5.9,4.5,4.2,6.6,3.8,4.0,9.4,7.4,10.0,2.3,8.8,7.9,5.0,4.8,9.7,3.9,5.3,2.7,4.6,8.7,9.2,2.3,4.3,4,2,0,Technical,DevOps Engineer
6.9,4.4,1.6,3.2,3.8,8.9,1.7,4.0,2.3,2.8,3.4,8.3,5.6,5.9,5.5,10.0,7.4,2.8,10.0,4.5,3.4,2.4,6.7,10.0,7.4,3,4,1,Creative,UI/UX Developer
8.59,9.7,6.3,5.8,5.5,6.4,4.4,5.0,7.1,8.2,5.8,1.5,8.9,9.3,8.3,6.4,8.2,2.6,3.8,5.8,10.0,7.0,4.3,3.7,5.4,4,3,0,Analytical,Cybersecurity Analyst
8.24,3.6,0.7,1.0,2.6,7.9,1.1,1.8,1.2,2.0,4.6,9.6,5.8,5.8,3.6,8.2,8.3,4.1,8.1,5.0,0.6,1.8,6.0,9.0,5.9,1,3,1,Managerial,UI/UX Developer
8.35,7.0,7.1,6.8,7.3,5.3,2.9,4.0,2.9,2.4,5.4,3.2,9.2,9.6,7.8,8.5,6.9,4.7,5.4,6.7,6.2,5.0,9.4,5.5,3.8,0,4,0,Technical,Software Developer
7.04,7.7,1.8,2.8,6.8,2.6,2.2,8.0,2.4,2.7,3.1,4.5,8.1,6.6,7.9,7.9,10.0,6.8,4.0,9.8,2.5,5.4,4.3,5.4,7.4,1,1,1,Analytical,Data Analyst
6.0,5.1,5.4,1.5,6.2,8.6,4.9,4.5,5.5,4.9,5.3,7.8,7.3,9.3,6.2,7.0,9.1,3.8,9.5,3.3,5.8,4.9,8.3,5.1,4.9,4,2,1,Creative,Web Developer
7.17,7.0,7.7,5.0,5.5,5.6,1.1,3.8,8.8,7.0,9.0,2.2,9.5,8.1,5.4,6.2,7.6,3.7,5.9,4.3,6.4,9.5,7.1,2.6,4.4,0,3,1,Technical,DevOps Engineer
8.11,8.0,5.9,8.2,4.8,4.6,10.0,6.8,6.3,3.1,6.3,1.7,7.7,8.0,6.9,5.2,6.0,9.1,5.4,9.1,4.5,9.3,7.4,4.4,4.5,2,2,1,Technical,AI Engineer
8.14,8.2,4.2,6.5,9.4,3.5,4.2,5.8,6.0,8.3,7.4,2.9,10.0,8.2,7.4,5.9,8.1,3.6,5.6,4.7,9.5,6.6,6.1,2.6,3.6,0,4,0,Technical,Cybersecurity Analyst
8.19,8.4,5.4,3.9,4.0,5.9,2.9,3.5,7.2,6.9,8.5,1.6,8.2,5.8,8.5,6.7,8.0,4.8,7.5,4.9,5.3,9.9,8.0,4.3,4.5,1,1,0,Technical,Cloud Engineer
7.87,6.8,5.9,6.9,5.1,3.7,7.6,8.8,6.5,2.5,7.4,3.5,8.7,7.6,7.6,5.6,7.8,7.7,3.9,8.2,4.6,6.8,8.1,2.4,3.6,4,2,1,Technical,Machine Learning Engineer
7.25,8.1,4.8,4.0,7.9,2.5,10.0,9.6,6.5,2.9,4.4,1.2,8.7,10.0,8.4,6.4,6.8,7.6,2.0,9.3,3.9,5.3,3.7,3.3,7.4,0,4,1,Analytical,Data Scientist
9.6,3.5,0.9,1.5,5.3,6.8,2.4,2.1,2.2,2.4,2.9,10.0,6.0,7.0,4.7,8.3,9.6,4.2,7.0,4.1,3.1,2.4,5.1,8.7,6.0,4,6,1,Creative,UI/UX Developer
7.47,8.2,2.9,3.8,8.2,2.7,3.5,8.6,2.1,0.0,3.7,3.1,8.4,6.9,8.5,6.1,8.2,5.4,3.4,10.0,2.1,1.3,4.5,5.4,7.7,2,4,0,Analytical,Data Analyst
7.36,6.4,4.8,2.8,4.1,8.5,3.2,5.2,4.4,2.7,5.7,8.3,6.9,8.9,5.0,7.6,8.3,2.9,9.5,3.2,2.4,4.2,8.0,8.5,4.6,4,3,0,Creative,Web Developer
8.67,6.6,8.1,6.4,7.1,4.5,3.5,3.4,9.9,5.4,9.2,2.2,8.1,8.4,6.3,8.0,7.6,4.4,6.2,5.3,7.3,7.0,7.7,2.3,3.9,2,1,1,Technical,Cloud Engineer
6.54,6.2,6.6,5.7,5.3,7.9,3.1,3.1,9.3,6.5,8.2,1.1,8.2,7.4,6.7,7.7,5.7,3.7,8.9,4.1,6.0,8.7,7.9,3.3,3.3,1,4,1,Technical,DevOps Engineer
8.75,9.2,5.7,5.2,9.1,1.7,7.7,8.3,4.7,1.7,4.5,5.1,7.0,9.6,9.2,9.3,7.9,8.6,3.2,9.0,5.0,5.7,4.6,4.6,7.5,0,4,1,Analytical,Data Scientist
7.2,9.2,3.7,8.9,7.4,3.6,7.9,6.6,6.1,2.8,6.3,3.8,7.6,10.0,7.9,4.8,7.7,9.5,3.6,8.2,3.9,7.8,7.3,3.0,5.2,1,4,1,Technical,AI Engineer
8.6,3.3,3.2,2.7,4.0,8.1,2.2,1.7,4.4,1.4,5.0,10.0,7.9,7.0,4.3,10.0,7.6,3.0,7.4,2.5,2.1,2.4,6.0,10.0,4.8,1,1,0,Creative,UI/UX Developer
8.6,10.0,4.9,3.1,8.4,3.0,7.8,9.2,5.3,1.7,4.9,4.2,8.1,10.0,10.0,7.6,5.1,9.7,2.5,8.8,2.7,3.6,5.5,3.1,7.4,0,2,0,Analytical,Data Scientist
7.39,7.6,7.5,7.4,6.5,4.1,4.6,4.0,5.5,5.0,3.9,4.5,7.7,9.4,4.7,6.4,6.3,4.5,6.5,3.2,3.2,4.9,8.0,4.9,3.6,0,2,1,Technical,Software Developer
6.22,9.2,4.7,7.1,7.4,5.3,8.1,7.3,5.7,4.6,6.5,5.1,9.8,9.2,10.0,7.4,7.6,7.5,4.9,10.0,4.3,7.9,8.7,5.5,5.7,1,5,0,Technical,AI Engineer
8.22,5.9,5.0,5.5,8.9,4.4,6.7,4.0,6.7,9.3,6.0,3.5,8.1,10.0,6.3,6.1,5.9,3.5,6.0,5.3,10.0,4.7,6.8,4.6,5.0,0,0,0,Technical,Cybersecurity Analyst
7.52,8.1,5.4,4.2,8.8,3.0,8.9,9.9,5.1,3.1,2.5,3.2,8.1,7.3,10.0,6.6,7.9,8.7,3.0,10.0,0.5,4.8,3.8,1.8,5.7,2,2,0,Analytical,Data Scientist
7.29,7.9,5.9,3.9,8.2,3.4,8.7,7.1,4.7,3.7,3.8,3.9,8.5,9.3,8.3,7.6,4.6,6.7,2.7,7.8,4.1,3.8,4.9,4.9,7.5,2,6,1,Analytical,Data Scientist
8.45,5.3,4.8,3.4,6.6,9.1,3.2,2.3,5.2,6.4,4.1,8.6,7.4,9.3,5.2,7.5,10.0,3.8,10.0,4.2,1.8,5.5,6.6,8.7,5.1,1,4,1,Technical,Web Developer
7.95,10.0,5.9,7.1,8.7,5.2,7.9,7.2,6.3,6.1,7.0,3.8,8.6,10.0,10.0,6.5,7.1,10.0,3.1,7.2,6.2,6.9,7.1,4.4,3.8,3,1,1,Technical,AI Engineer
7.16,7.3,1.8,3.8,9.5,4.5,3.9,9.5,4.2,3.2,4.3,5.2,6.3,9.5,8.1,7.3,7.9,3.3,4.2,7.9,1.8,4.3,5.1,5.1,8.7,0,3,1,Analytical,Data Analyst
6.18,8.8,5.0,6.9,5.4,2.0,7.3,8.9,6.5,1.6,8.1,5.2,9.3,9.5,8.6,5.8,5.0,8.3,3.9,9.1,3.2,6.4,7.5,3.1,4.4,1,2,0,Technical,Machine Learning Engineer
8.22,6.4,5.8,6.2,7.2,4.9,2.4,5.5,6.6,8.7,5.9,1.5,7.3,8.1,7.3,7.4,5.7,4.5,3.8,5.1,9.3,6.7,5.2,3.9,7.1,0,2,0,Creative,Cybersecurity Analyst
6.88,6.9,4.3,3.9,8.7,2.9,7.5,10.0,3.7,3.4,4.8,4.9,8.2,7.1,10.0,7.0,8.7,8.9,2.5,9.4,4.3,5.1,4.2,2.0,6.5,0,1,0,Analytical,Data Scientist
8.25,7.6,6.9,6.3,7.7,4.7,10.0,8.4,6.1,3.5,5.5,4.5,8.7,10.0,7.8,9.3,6.2,8.7,3.3,7.8,3.9,5.6,6.2,2.0,7.2,1,2,1,Managerial,Machine Learning Engineer
7.83,8.4,6.8,7.5,8.7,6.6,3.5,6.0,6.4,4.6,4.7,4.0,7.9,8.1,7.2,6.9,5.6,5.8,6.5,3.7,4.2,6.0,7.4,3.9,2.7,2,2,0,Technical,Software Developer
8.59,6.5,1.7,0.0,6.9,1.8,4.2,7.2,2.2,1.7,1.5,6.8,7.1,7.8,7.1,7.8,7.3,4.2,4.8,7.4,5.1,4.1,2.8,5.3,7.1,0,3,1,Managerial,Business Analyst
8.1,5.8,4.3,4.2,7.1,10.0,2.0,2.3,5.4,4.5,3.9,6.0,6.6,7.6,5.2,9.0,7.7,5.6,7.1,4.0,4.3,6.4,7.9,7.0,5.3,1,1,1,Creative,Web Developer
7.56,6.1,5.9,6.0,7.5,4.9,4.1,6.3,6.2,7.9,4.4,2.8,8.7,8.7,7.9,6.9,9.6,5.2,4.8,3.3,8.7,7.9,7.6,3.8,4.1,3,1,1,Technical,Cybersecurity Analyst
8.9,6.7,2.0,3.8,7.5,3.3,8.8,8.0,8.5,3.4,5.0,3.8,8.3,7.8,9.1,5.8,5.2,7.8,2.0,8.3,2.6,4.7,5.9,4.9,7.0,5,1,1,Analytical,Data Scientist
7.29,10.0,5.4,8.2,7.8,5.1,8.1,9.3,7.6,4.6,6.1,4.7,10.0,8.6,10.0,7.0,4.8,8.0,4.5,9.1,4.7,7.8,10.0,4.1,4.7,3,0,0,Technical,AI Engineer
7.96,5.2,2.6,2.5,7.3,2.8,4.1,7.3,4.3,1.0,3.1,7.0,7.8,7.9,5.4,10.0,10.0,3.3,3.0,7.3,3.2,4.4,5.8,6.6,10.0,2,2,0,Managerial,Business Analyst
9.43,6.6,8.0,5.1,5.5,5.6,1.3,4.7,7.5,5.8,10.0,2.4,9.0,7.9,5.9,6.3,7.8,2.5,7.3,7.1,7.2,7.5,7.7,1.3,4.2,2,1,1,Technical,DevOps Engineer
8.05,9.6,2.7,8.1,7.1,4.0,10.0,7.8,7.3,3.8,4.0,2.8,8.1,9.7,8.4,7.3,5.2,10.0,4.8,8.0,3.5,7.9,6.9,2.9,4.7,2,3,0,Technical,AI Engineer
8.53,7.3,3.7,6.8,6.2,6.5,5.0,5.2,4.2,9.1,5.3,2.9,7.2,8.8,4.6,5.5,6.0,3.9,5.4,3.2,8.8,5.8,6.8,2.3,3.9,1,3,1,Technical,Cybersecurity Analyst
7.79,4.7,1.2,1.6,6.3,3.1,1.3,6.3,2.4,3.8,3.7,5.0,5.6,10.0,6.6,8.9,10.0,5.2,4.1,8.7,3.1,3.6,4.8,4.8,10.0,1,1,1,Managerial,Business Analyst
7.27,8.4,5.2,7.3,7.0,4.4,9.2,9.6,7.2,4.3,8.7,3.3,10.0,10.0,8.0,7.2,7.7,10.0,3.1,7.1,5.0,5.9,7.1,1.9,4.1,1,2,1,Technical,AI Engineer
7.9,8.4,6.8,4.4,5.7,5.9,4.1,3.1,8.1,6.2,6.5,1.0,6.9,8.4,6.6,6.5,6.5,4.9,6.3,6.4,3.7,7.6,7.5,3.5,6.5,1,3,0,Technical,Cloud Engineer
8.44,8.4,3.4,3.4,8.4,2.8,4.5,7.6,1.0,1.1,4.1,6.6,5.8,8.9,6.8,6.4,8.7,4.4,5.9,8.8,1.7,2.9,4.2,5.9,6.1,2,4,1,Analytical,Data Analyst
7.03,4.7,6.3,3.2,8.1,9.0,2.8,3.0,6.5,4.2,4.8,5.3,7.9,8.4,7.2,7.0,7.1,5.9,7.8,2.5,5.6,5.9,7.6,7.6,4.7,3,4,0,Creative,Web Developer
7.06,7.3,6.0,5.9,5.1,7.4,5.2,5.6,6.6,9.4,6.7,4.1,7.7,8.6,6.6,5.8,6.3,4.7,4.7,5.0,10.0,7.8,8.9,3.3,4.3,0,4,0,Technical,Cybersecurity Analyst
8.27,6.9,7.9,7.0,4.5,5.9,1.9,4.3,6.2,1.6,4.6,4.5,5.6,10.0,7.4,7.7,6.4,3.5,5.8,6.4,5.4,5.1,9.3,4.7,6.6,3,2,0,Technical,Software Developer
6.57,5.2,2.3,4.2,7.2,8.4,3.9,2.1,4.3,4.4,4.6,7.5,6.7,6.5,5.1,8.0,8.4,2.9,7.3,3.5,3.3,4.9,8.6,9.9,4.4,1,0,0,Creative,Web Developer
8.04,7.7,6.1,4.7,7.4,6.2,3.4,5.4,8.8,6.4,10.0,1.8,8.4,8.1,7.8,9.7,8.9,4.8,6.6,4.3,7.1,10.0,8.3,2.5,6.3,0,1,1,Technical,Cloud Engineer
7.67,5.7,4.2,2.1,5.7,10.0,3.2,5.1,5.7,3.6,3.7,6.9,8.2,7.2,7.4,7.1,6.7,3.7,9.8,5.4,4.1,4.3,9.6,9.3,4.9,2,1,0,Creative,Web Developer
7.66,5.9,4.5,3.0,6.1,3.8,5.9,5.5,10.0,5.5,7.1,1.4,10.0,9.5,7.2,6.9,7.1,5.1,7.8,5.7,5.3,8.7,7.0,2.0,5.0,1,3,1,Technical,Cloud Engineer
6.68,8.5,2.5,3.0,9.0,5.0,7.3,8.9,4.9,3.6,3.0,4.8,8.4,8.0,9.0,9.1,6.9,8.8,3.1,9.1,4.3,5.9,3.5,4.6,8.8,1,3,1,Analytical,Data Scientist
8.21,4.3,1.5,1.9,3.5,7.6,2.6,3.6,6.0,2.8,3.6,9.7,6.5,8.2,4.9,8.5,10.0,1.8,9.3,2.8,4.9,2.1,4.6,10.0,5.2,3,5,1,Creative,UI/UX Developer
7.93,7.8,5.9,3.9,7.4,7.0,3.2,4.9,9.6,5.7,8.7,1.5,7.1,7.8,7.5,7.7,7.5,5.9,5.0,4.9,7.4,8.7,6.9,3.9,3.8,2,1,0,Technical,Cloud Engineer
7.1,3.0,3.0,2.1,5.3,2.6,3.3,9.1,1.9,2.5,3.9,5.2,6.8,10.0,5.3,8.8,9.2,5.5,4.3,8.8,3.3,4.9,5.1,8.0,9.0,2,1,0,Managerial,Business Analyst
9.28,9.5,8.0,6.5,5.5,5.0,3.9,3.9,7.5,5.3,5.3,5.5,7.5,6.5,5.9,6.7,6.8,4.9,5.9,4.8,5.7,4.9,9.6,2.1,3.9,1,4,1,Technical,Software Developer
7.99,3.1,0.9,1.8,2.5,9.6,1.7,2.0,1.6,4.2,1.6,8.9,6.3,8.0,5.2,8.4,9.7,3.5,10.0,3.2,0.0,0.7,4.9,7.3,7.1,1,2,0,Creative,UI/UX Developer
8.79,5.7,9.9,7.4,5.3,4.6,3.3,2.5,4.4,3.7,6.3,5.1,7.3,8.3,5.2,4.3,5.6,5.2,6.9,4.4,2.4,4.2,8.1,3.8,3.7,3,6,0,Creative,Software Developer
7.15,9.1,2.9,4.2,7.7,3.7,7.5,9.0,5.2,2.8,6.6,2.1,9.1,9.0,9.7,8.1,7.2,8.9,6.0,8.8,2.8,3.8,4.1,4.2,7.4,3,4,1,Analytical,Data Scientist
9.49,4.7,6.4,5.7,7.0,5.1,4.6,3.6,7.6,9.2,7.5,4.3,8.8,9.6,8.0,8.5,8.4,3.2,5.3,3.5,8.9,6.0,6.6,2.2,4.8,4,4,1,Technical,Cybersecurity Analyst
6.69,7.8,4.0,1.7,8.9,2.7,7.4,9.5,4.0,3.5,4.0,4.1,8.4,8.6,6.5,6.5,6.0,9.7,3.2,9.0,5.0,2.8,6.6,4.0,6.2,4,0,1,Analytical,Data Scientist
7.8,9.2,5.3,7.4,4.4,3.4,4.4,4.7,8.3,9.9,4.4,2.8,8.0,10.0,6.8,6.6,5.9,3.2,4.1,6.1,10.0,8.3,6.5,1.6,3.6,0,7,1,Technical,Cybersecurity Analyst
6.0,8.8,5.1,7.9,7.6,5.0,9.5,7.6,6.4,2.6,6.8,1.3,10.0,7.9,8.7,6.9,8.3,7.7,3.6,9.1,5.4,6.5,6.8,5.2,5.9,1,3,0,Technical,Machine Learning Engineer
6.45,7.1,6.0,6.5,5.9,4.8,2.0,3.2,9.7,7.8,8.8,2.3,7.8,8.0,6.8,8.2,8.4,3.6,5.2,2.7,7.7,9.0,7.2,2.3,6.3,0,3,1,Technical,DevOps Engineer
7.02,7.3,3.6,3.3,8.8,3.4,4.2,8.0,3.5,3.6,3.7,5.4,6.0,7.8,6.0,6.6,6.2,4.1,3.9,9.7,1.0,3.4,4.5,5.8,8.1,3,4,0,Analytical,Data Analyst
7.69,6.4,3.8,2.4,6.4,2.7,4.8,9.0,4.0,3.7,3.9,6.4,10.0,6.5,7.3,7.4,8.1,4.9,2.0,8.2,3.5,4.8,6.4,7.6,9.7,0,2,1,Managerial,Business Analyst
8.25,9.2,5.0,3.4,7.8,3.3,9.1,8.2,6.0,2.7,5.2,4.0,8.4,8.9,10.0,6.8,8.1,7.6,3.0,8.1,2.6,4.3,5.8,3.5,7.6,2,2,1,Managerial,Data Scientist
7.42,8.4,3.3,2.9,7.3,2.3,7.9,7.8,5.1,3.8,3.0,3.4,8.6,7.4,9.8,6.4,7.1,9.7,1.9,8.1,2.5,5.0,4.9,4.0,7.6,1,3,0,Technical,Data Scientist
8.39,4.0,2.8,1.6,7.8,3.5,2.8,8.0,4.1,4.4,5.0,4.9,7.3,5.4,5.7,8.0,6.7,2.7,3.2,7.4,2.5,3.5,7.1,6.4,9.4,1,4,1,Managerial,Business Analyst
7.93,9.3,5.4,5.6,7.1,7.1,2.6,4.6,9.2,6.1,6.1,4.3,8.1,9.7,4.2,6.7,7.1,3.9,5.9,5.2,6.0,9.7,5.9,4.4,5.8,1,5,1,Technical,Cloud Engineer
6.3,6.7,6.4,6.2,6.1,7.1,4.2,6.0,5.5,4.2,5.5,4.5,6.2,10.0,4.9,7.8,7.1,2.8,6.6,3.9,3.2,3.5,7.4,3.3,3.6,1,2,1,Technical,Software Developer
8.77,7.8,5.8,8.6,6.4,4.3,9.2,7.0,8.6,1.7,5.6,1.8,9.6,9.2,9.8,7.2,7.4,8.5,4.2,7.1,4.7,6.0,6.9,3.4,6.7,1,6,0,Analytical,AI Engineer
8.58,5.9,4.2,2.8,8.4,1.4,4.7,8.6,4.6,2.7,4.5,3.8,10.0,8.5,8.3,10.0,7.8,6.1,3.2,10.0,3.3,5.2,2.3,4.5,9.3,5,5,0,Managerial,Data Analyst
8.13,9.3,4.6,5.9,8.5,6.5,5.0,5.9,9.1,6.6,8.3,3.1,10.0,9.1,6.2,7.7,6.4,4.9,5.4,5.6,5.0,10.0,6.9,2.6,5.8,2,3,0,Technical,Cloud Engineer
8.66,7.6,5.5,8.0,6.1,3.3,3.7,5.2,6.8,10.0,7.5,1.2,8.4,10.0,5.6,6.2,7.4,2.2,3.3,5.7,10.0,7.2,6.3,1.5,4.9,2,1,0,Technical,Cybersecurity Analyst
6.72,10.0,8.3,4.7,4.4,5.4,4.3,3.6,8.9,6.6,9.8,3.6,8.2,10.0,7.1,8.3,7.7,3.8,9.4,4.0,7.9,6.9,7.4,2.6,6.7,2,1,0,Managerial,DevOps Engineer
7.98,7.9,6.9,8.5,7.0,8.6,3.0,5.2,5.6,6.1,3.9,3.5,7.0,8.4,5.8,4.8,4.7,1.6,6.7,3.5,2.6,4.3,8.4,2.9,5.8,2,2,0,Managerial,Software Developer
7.29,7.9,7.1,8.0,6.1,5.0,3.6,5.6,5.8,5.0,4.4,2.2,9.6,10.0,8.7,6.1,5.7,2.8,4.1,3.9,5.8,4.8,9.3,5.5,3.6,2,3,1,Technical,Software Developer
7.94,7.8,1.0,4.7,8.0,4.9,7.3,8.1,5.8,4.4,4.3,3.2,9.9,8.2,9.2,8.3,8.7,8.9,5.8,8.9,3.3,4.3,5.4,4.3,8.2,1,2,0,Analytical,Data Scientist
7.18,8.6,5.9,5.8,6.5,6.3,3.5,3.7,7.8,3.7,4.7,3.1,8.1,9.2,8.3,4.9,6.7,4.5,6.6,4.0,4.6,4.1,10.0,5.1,2.5,1,1,0,Technical,Software Developer
8.74,6.4,6.9,5.8,6.5,6.1,2.9,3.1,8.9,8.3,9.2,3.3,9.6,7.9,7.0,7.9,7.2,2.6,6.3,4.9,4.9,8.8,6.8,2.8,5.3,2,1,1,Technical,DevOps Engineer
8.3,9.5,7.1,5.3,5.1,7.1,2.2,5.1,8.2,5.0,8.2,0.0,8.9,7.6,4.0,6.9,8.1,3.1,5.7,5.3,6.6,6.4,6.8,2.7,3.0,1,3,1,Creative,DevOps Engineer
7.56,7.7,7.8,6.0,7.5,4.6,3.1,3.1,9.0,7.4,8.4,1.7,10.0,7.9,6.1,6.9,8.8,3.8,6.6,6.0,8.3,7.9,6.0,2.3,5.3,3,2,0,Creative,Cloud Engineer
8.2,7.2,4.8,3.3,8.0,2.3,8.0,8.5,5.4,3.4,4.2,2.9,10.0,8.3,7.5,5.1,7.1,7.5,3.6,9.1,7.3,3.6,6.2,2.8,7.9,4,0,1,Analytical,Data Scientist
9.04,7.2,3.1,2.3,6.6,6.4,1.8,4.0,4.8,5.4,5.4,9.0,8.2,7.8,4.9,6.2,8.3,5.0,9.7,4.0,4.8,4.6,8.5,8.6,3.8,0,2,1,Analytical,Web Developer
7.37,5.8,6.1,6.2,5.9,6.1,3.0,4.7,5.3,8.8,8.6,1.7,8.3,10.0,7.5,6.8,6.2,5.2,4.6,7.4,9.2,8.4,7.0,3.5,4.8,1,5,1,Technical,Cybersecurity Analyst
8.77,6.9,4.3,2.0,7.0,8.9,2.8,6.0,5.3,4.0,5.0,8.0,7.7,8.2,5.8,8.3,7.0,3.5,10.0,3.2,3.1,5.2,7.5,6.8,6.0,1,0,0,Creative,Web Developer
7.2,9.8,4.3,7.6,5.9,4.0,10.0,8.1,7.8,3.5,5.9,3.2,9.7,6.9,9.1,5.5,5.7,10.0,5.5,8.7,2.0,5.8,7.0,3.2,4.9,2,0,0,Managerial,Machine Learning Engineer
8.59,7.5,6.0,4.1,6.0,6.2,2.6,2.6,8.3,5.8,8.4,3.5,9.8,8.7,6.0,9.9,8.7,6.8,6.8,3.1,8.7,10.0,9.5,4.3,4.5,1,0,0,Technical,DevOps Engineer
7.16,6.8,5.7,4.8,8.0,5.5,5.4,5.5,6.9,10.0,7.4,4.6,8.4,7.6,5.7,5.9,7.7,7.5,6.7,4.8,10.0,5.9,5.5,1.4,3.9,4,3,0,Technical,Cybersecurity Analyst
7.37,8.1,5.4,3.9,8.5,4.0,7.5,8.2,5.5,3.4,2.4,3.3,8.5,8.0,7.5,6.7,5.5,10.0,2.6,8.9,1.9,5.3,5.8,3.0,6.0,1,4,1,Analytical,Data Scientist
7.57,5.9,6.4,2.6,7.6,9.4,2.6,2.4,5.6,1.9,3.9,6.9,7.3,8.1,7.5,8.2,8.2,3.6,9.1,2.3,1.7,3.6,9.3,7.2,4.4,2,3,1,Analytical,Web Developer
9.37,7.5,9.1,9.0,5.7,5.5,4.4,5.9,5.6,3.0,7.2,3.4,7.6,8.9,8.7,7.4,7.5,4.5,6.0,4.6,1.2,4.7,9.3,2.7,4.4,2,0,0,Technical,Software Developer
7.78,6.1,3.1,0.5,8.0,5.0,3.2,7.0,3.8,3.0,3.1,5.0,7.5,6.5,8.4,8.9,10.0,3.9,3.2,10.0,3.9,4.5,3.8,7.0,9.4,3,3,0,Managerial,Business Analyst
7.45,4.4,3.6,3.1,7.5,2.6,3.3,7.6,5.7,2.6,3.3,6.7,9.6,7.6,5.4,9.1,10.0,4.9,2.9,7.6,2.1,4.2,3.0,6.4,10.0,4,3,0,Managerial,Business Analyst
9.42,4.5,1.9,0.5,4.0,9.7,2.2,4.7,4.5,4.0,3.8,10.0,7.6,5.1,6.8,8.9,10.0,4.5,7.2,3.7,1.7,4.2,6.2,9.7,7.3,1,2,1,Creative,UI/UX Developer
7.52,9.1,6.1,6.2,7.7,4.0,8.6,9.0,5.5,4.5,5.2,2.4,8.6,8.9,5.7,6.6,5.0,9.7,4.3,9.6,2.0,6.8,7.4,2.4,3.8,0,1,0,Technical,Machine Learning Engineer
7.69,7.6,9.7,7.7,7.8,7.1,3.2,2.9,4.7,5.6,6.0,3.5,7.6,6.6,8.6,7.5,6.8,4.2,3.6,3.5,5.5,6.1,9.4,4.0,4.9,1,4,0,Technical,Software Developer
7.36,9.6,2.7,3.4,9.9,4.0,9.4,7.2,6.2,1.4,1.8,4.8,10.0,8.2,8.4,9.4,6.8,8.4,4.9,8.6,2.3,5.9,4.2,3.8,5.5,6,5,0,Creative,Data Scientist
7.01,8.7,4.3,5.0,8.2,3.5,9.2,8.7,4.4,2.1,5.8,7.5,9.3,7.4,10.0,7.0,7.5,8.5,3.2,8.5,4.4,4.8,5.7,4.7,6.9,1,1,1,Analytical,Data Scientist
8.87,3.8,0.8,2.4,7.2,4.6,3.4,4.2,4.4,2.8,0.7,6.6,6.2,8.4,6.6,9.0,7.5,5.0,3.1,8.6,2.6,7.2,5.0,5.8,9.3,1,4,1,Managerial,Business Analyst
9.06,5.7,2.6,2.6,8.5,2.5,2.4,8.7,4.4,2.6,2.8,5.2,6.7,7.9,7.5,8.2,7.3,5.2,3.7,9.8,0.0,4.3,3.6,4.2,9.5,1,3,1,Analytical,Data Analyst
8.78,2.3,1.8,2.5,4.6,6.9,2.8,4.1,1.9,0.0,1.7,10.0,6.4,6.1,6.0,7.9,9.6,3.6,6.7,4.3,2.2,3.6,5.1,8.6,7.6,2,1,0,Creative,UI/UX Developer
7.4,8.5,3.8,2.2,9.2,2.9,4.7,9.7,1.7,3.0,3.9,4.1,9.4,5.1,7.9,8.0,7.2,5.0,3.6,7.5,3.1,3.5,5.1,5.7,7.5,1,2,0,Analytical,Data Analyst
7.92,4.3,1.9,2.5,7.3,2.1,1.2,8.9,4.7,1.3,1.9,7.0,8.5,9.8,6.5,10.0,8.8,4.2,4.1,6.4,2.5,7.1,4.5,6.1,7.7,3,3,1,Managerial,Business Analyst
8.95,8.7,4.8,5.4,8.7,3.1,9.5,8.2,8.6,3.5,4.5,4.6,10.0,9.4,9.1,7.0,5.8,7.0,5.8,8.0,4.9,6.6,7.1,3.0,4.8,3,2,0,Technical,AI Engineer
7.71,8.3,3.9,7.4,6.2,4.3,9.5,10.0,7.1,3.1,8.5,5.1,9.6,9.2,9.4,4.4,5.2,10.0,5.6,6.0,3.0,6.3,6.5,3.8,5.8,1,1,1,Technical,AI Engineer
6.83,10.0,6.7,5.6,5.0,6.3,2.0,5.2,9.1,6.9,10.0,4.7,9.6,10.0,7.1,7.3,8.6,5.2,5.4,3.9,5.5,6.7,5.8,1.8,5.5,3,2,1,Technical,DevOps Engineer
7.15,8.3,5.0,3.5,5.6,6.6,2.4,4.1,8.1,8.4,7.4,4.8,8.0,7.5,7.4,7.0,9.1,4.3,5.5,4.5,7.9,9.8,5.7,1.4,5.7,1,0,0,Technical,Cloud Engineer
8.23,5.0,5.7,0.8,7.0,9.8,2.2,2.2,6.7,3.9,4.4,6.3,7.6,7.8,5.7,9.3,9.8,4.3,10.0,1.9,4.1,5.3,7.8,7.5,4.1,4,1,0,Creative,Web Developer
7.52,8.2,6.3,4.0,5.9,5.7,4.1,5.0,10.0,7.5,7.3,5.0,9.6,9.6,9.0,7.9,9.3,3.5,6.6,4.5,6.5,10.0,3.7,2.9,4.7,1,2,1,Technical,Cloud Engineer
7.12,5.2,6.2,5.2,7.6,6.1,4.4,4.6,6.7,8.5,6.7,4.1,9.9,8.5,8.6,7.4,4.4,5.9,5.2,5.5,9.1,8.0,5.2,3.9,3.9,4,3,1,Creative,Cybersecurity Analyst
7.82,6.4,3.7,1.2,9.2,3.2,3.8,9.6,4.6,3.3,4.1,5.5,6.8,10.0,6.0,9.0,8.0,3.7,2.9,9.4,3.4,3.2,3.7,2.4,9.9,5,6,1,Analytical,Data Analyst
7.86,7.3,5.0,4.2,5.4,4.4,4.2,5.0,8.6,10.0,6.0,2.6,9.9,9.9,7.4,8.9,6.0,4.5,8.5,5.8,9.3,6.6,6.2,4.3,5.9,1,1,1,Technical,Cybersecurity Analyst
8.08,6.5,6.2,4.4,5.8,7.5,1.9,2.5,7.4,7.5,8.7,3.7,7.6,7.9,5.3,7.6,10.0,4.6,6.1,5.6,6.3,8.3,8.2,3.7,2.9,0,2,0,Technical,DevOps Engineer
8.57,6.9,5.0,3.4,8.3,8.3,2.9,2.9,4.8,1.1,4.0,7.0,7.0,7.6,4.7,7.1,9.2,3.7,10.0,4.9,3.4,5.6,6.6,6.8,5.1,3,7,1,Creative,Web Developer
7.61,4.2,2.6,1.8,8.1,4.6,3.5,8.1,5.7,2.5,3.2,4.8,9.0,7.9,8.7,9.5,7.9,4.3,5.2,10.0,3.9,1.7,4.8,7.8,10.0,2,1,1,Managerial,Business Analyst
7.76,7.6,5.4,6.2,7.5,4.6,4.9,4.6,5.1,9.0,6.8,2.0,8.9,7.3,6.0,8.2,6.3,5.6,4.6,4.8,10.0,9.2,5.6,4.8,4.8,3,3,1,Technical,Cybersecurity Analyst
9.9,7.9,5.4,4.9,6.1,5.3,3.8,3.3,9.6,7.2,9.7,3.0,8.3,9.6,6.0,4.4,7.6,3.5,5.7,5.0,4.8,8.2,6.9,2.3,6.0,0,1,0,Technical,DevOps Engineer
8.11,8.1,3.8,3.2,7.2,7.8,2.5,2.0,6.1,4.6,5.5,6.8,9.1,6.8,6.1,6.2,7.8,5.4,10.0,2.5,3.4,4.6,7.1,8.3,7.4,4,2,0,Creative,Web Developer
7.9,8.5,6.0,7.6,5.3,3.8,9.8,7.7,8.3,4.9,5.6,5.1,10.0,7.0,9.0,6.4,6.7,8.6,3.0,9.0,2.7,7.1,6.0,4.9,5.0,3,3,1,Technical,AI Engineer
7.51,8.5,3.7,1.5,10.0,4.8,6.2,9.8,3.7,2.3,2.5,5.2,7.3,7.3,9.9,8.3,7.0,3.8,2.9,10.0,2.2,3.9,4.5,5.4,8.8,0,3,1,Analytical,Data Analyst
6.9,2.8,0.4,1.0,5.5,3.5,3.4,8.8,2.1,2.0,5.2,6.3,9.4,9.4,6.8,9.6,10.0,5.7,1.8,6.5,2.2,4.7,4.2,5.9,9.8,2,2,1,Managerial,Business Analyst
7.42,7.5,7.8,9.7,6.2,5.6,3.1,3.2,5.1,6.6,5.3,4.3,7.2,10.0,9.1,7.4,7.7,3.7,6.4,3.1,2.8,3.4,9.5,2.5,3.5,3,2,0,Creative,Software Developer
7.73,6.5,6.6,8.2,6.7,2.6,8.1,7.4,7.9,5.2,8.8,3.7,8.3,9.8,7.9,7.4,9.4,9.2,3.3,6.5,4.2,5.4,6.3,2.0,6.2,3,3,1,Technical,AI Engineer
7.99,9.5,4.6,6.0,7.2,4.3,10.0,10.0,8.1,1.6,6.0,3.4,8.6,9.0,6.1,7.5,4.9,7.8,2.9,8.4,1.7,5.3,8.8,2.9,5.5,0,2,1,Technical,Machine Learning Engineer
8.38,2.6,2.2,3.1,3.7,8.7,3.2,2.6,1.9,0.8,2.7,8.8,8.3,7.3,5.7,7.6,8.4,3.2,8.7,3.9,1.6,2.8,6.7,8.5,7.3,4,3,1,Technical,UI/UX Developer
9.23,6.8,6.3,7.1,6.7,6.6,5.3,4.2,6.8,3.5,5.1,3.3,7.3,8.2,6.7,5.8,6.4,5.2,8.3,3.5,3.6,5.6,10.0,4.1,5.1,6,3,1,Technical,Software Developer
8.25,7.8,5.3,6.9,7.0,4.0,2.6,5.9,5.8,9.5,5.9,1.3,8.0,9.7,7.3,6.7,7.5,6.1,5.1,7.4,9.9,6.3,6.5,5.1,6.6,1,6,1,Technical,Cybersecurity Analyst
9.2,5.2,6.1,8.0,3.8,3.8,4.3,3.6,7.4,2.9,4.6,4.6,8.5,8.2,6.3,6.8,8.5,4.8,5.3,2.9,3.2,3.6,9.2,4.9,3.9,0,0,1,Technical,Software Developer
8.02,7.2,5.9,7.9,6.4,2.1,8.4,6.5,6.0,2.0,5.6,5.5,9.8,9.1,9.6,9.4,5.9,8.6,3.5,6.4,4.4,6.7,8.2,4.4,6.5,0,1,0,Technical,AI Engineer
8.57,5.6,4.3,0.0,9.4,4.0,4.0,10.0,3.9,2.1,3.4,8.5,9.5,8.3,6.5,8.2,6.6,5.9,3.2,8.3,2.1,3.1,4.2,4.1,8.0,3,3,1,Analytical,Data Analyst
8.94,7.5,3.7,2.2,6.8,4.5,3.9,6.1,4.2,7.1,5.2,6.0,10.0,9.1,6.7,9.0,9.5,6.1,5.0,6.9,3.1,5.2,2.6,7.2,10.0,0,0,0,Managerial,Business Analyst
6.98,8.6,8.4,7.2,6.2,8.8,2.3,3.1,5.1,5.3,7.5,4.7,6.6,10.0,7.0,5.6,5.8,4.9,6.3,4.4,5.4,4.1,10.0,3.4,6.4,1,3,0,Technical,Software Developer
7.8,8.1,4.1,9.0,4.9,4.6,3.0,5.1,6.5,9.4,6.3,3.9,8.7,10.0,5.1,4.6,7.1,4.9,4.4,5.0,10.0,7.2,5.6,2.7,5.8,2,1,1,Technical,Cybersecurity Analyst
8.59,5.7,9.2,6.7,6.7,5.4,3.6,5.1,5.7,4.0,4.5,3.9,8.7,9.3,7.6,5.1,7.0,3.3,6.7,3.2,4.5,4.7,6.9,5.0,4.0,2,0,1,Analytical,Software Developer
7.08,7.1,7.9,7.1,5.2,5.6,3.3,4.0,5.2,3.3,6.3,2.7,8.5,9.8,7.5,6.3,6.4,5.1,4.4,2.9,3.6,6.4,9.4,2.9,3.7,1,3,0,Technical,Software Developer
6.53,8.4,3.8,2.8,7.4,9.5,2.1,3.6,5.6,3.4,4.0,6.8,9.8,8.6,5.1,7.8,8.0,4.9,10.0,3.0,3.5,5.0,7.5,7.2,6.2,2,1,1,Creative,Web Developer
6.98,8.4,6.4,6.9,7.8,6.9,3.0,4.0,9.8,7.8,10.0,2.1,7.6,8.8,6.7,7.9,8.7,4.1,4.5,2.0,5.7,8.2,8.8,2.8,5.8,2,2,1,Technical,DevOps Engineer
7.51,5.0,1.3,2.5,7.6,2.6,5.2,8.4,3.6,3.7,2.9,5.6,8.7,7.6,6.5,7.7,9.3,3.3,4.8,8.4,2.2,5.3,4.3,7.4,9.4,0,2,0,Managerial,Business Analyst
7.41,9.1,5.2,5.3,6.4,4.8,9.6,6.8,6.0,0.0,5.6,4.9,9.3,10.0,6.6,6.6,6.9,8.8,3.7,7.9,2.2,6.6,8.5,2.1,4.2,3,4,0,Technical,Machine Learning Engineer
7.83,3.9,1.3,2.5,4.2,10.0,1.7,2.4,5.2,4.0,4.9,9.4,7.9,5.3,5.6,8.1,9.3,2.6,9.8,4.6,2.1,2.1,4.2,10.0,5.6,2,0,1,Technical,UI/UX Developer
8.5,3.7,2.3,1.7,5.2,9.0,1.1,3.8,2.3,1.7,2.8,9.5,6.4,7.4,5.6,7.8,8.0,1.8,9.9,2.9,3.4,3.5,7.5,10.0,9.2,6,4,1,Managerial,UI/UX Developer
8.06,6.8,6.6,5.0,5.2,6.0,2.6,3.1,9.1,6.5,10.0,3.0,8.3,8.8,6.7,6.5,6.5,1.5,7.2,4.1,5.4,9.3,5.4,3.4,4.6,2,1,0,Technical,DevOps Engineer
7.63,6.3,4.4,2.2,8.2,9.7,1.9,3.9,3.5,1.0,5.3,9.4,6.8,7.8,5.1,7.5,7.6,4.0,8.4,3.2,3.1,2.7,8.8,8.3,5.0,1,3,1,Managerial,Web Developer
6.68,7.4,8.5,9.0,7.4,4.9,2.6,3.3,3.9,2.6,6.8,4.0,7.8,9.0,7.6,7.7,6.2,4.4,5.0,3.8,4.1,5.2,9.1,4.9,3.3,0,6,1,Technical,Software Developer
8.22,5.3,6.5,5.7,4.7,7.0,5.6,5.0,7.7,8.8,5.5,1.8,7.8,8.2,6.2,3.9,6.8,3.4,5.3,4.7,10.0,6.5,4.6,1.1,3.6,2,0,1,Managerial,Cybersecurity Analyst
7.16,5.2,4.3,2.2,6.9,3.6,1.6,8.1,4.3,4.1,3.4,4.9,7.4,8.1,8.9,8.6,7.6,2.4,3.4,7.8,2.8,4.0,3.1,6.1,10.0,2,2,1,Technical,Business Analyst
8.61,4.5,3.8,2.8,10.0,3.2,4.1,8.3,5.3,1.4,1.7,4.1,8.4,7.9,6.7,9.3,9.3,4.8,4.2,7.9,2.3,4.4,4.4,6.5,8.7,0,1,1,Managerial,Business Analyst
7.07,5.9,4.1,2.5,5.1,4.9,2.9,9.9,2.7,3.1,1.0,4.6,6.6,6.8,6.1,10.0,9.2,6.6,3.3,9.8,3.3,3.7,6.6,4.2,9.6,0,0,1,Managerial,Business Analyst
7.8,6.0,2.2,1.7,8.3,2.7,2.1,8.2,5.5,1.6,5.3,6.8,9.6,9.1,6.3,9.1,10.0,5.0,2.9,10.0,3.2,2.4,2.4,6.5,10.0,1,2,1,Managerial,Business Analyst
7.45,8.1,4.9,5.3,8.3,5.9,2.9,5.8,9.3,6.7,9.3,5.5,8.9,8.5,5.7,7.2,8.6,4.7,7.9,7.2,8.3,10.0,5.6,2.3,5.4,1,5,0,Technical,Cloud Engineer
8.72,7.8,7.4,7.7,5.9,4.7,4.6,5.0,8.8,5.9,9.8,1.8,9.2,6.7,5.4,7.9,5.7,4.6,7.0,2.7,7.0,8.2,6.4,2.7,3.6,1,4,1,Technical,DevOps Engineer
8.66,7.7,5.1,3.9,9.3,3.8,10.0,8.6,6.6,2.4,5.4,1.7,9.3,9.0,9.2,5.2,6.5,9.9,2.1,7.5,1.9,6.4,5.6,5.6,7.8,3,4,0,Creative,Data Scientist
8.84,5.3,6.9,7.0,5.7,6.1,3.9,4.9,10.0,5.8,6.4,4.0,7.0,7.4,5.2,7.2,10.0,5.1,5.7,4.6,6.2,9.0,7.4,3.4,5.1,3,1,0,Technical,Cloud Engineer
8.68,1.2,2.3,1.9,6.3,7.8,0.0,4.8,1.3,0.5,3.3,9.8,6.4,6.4,6.7,8.7,9.5,3.6,9.8,3.8,1.4,1.7,5.3,9.4,8.1,1,2,0,Creative,UI/UX Developer
7.44,10.0,6.3,7.5,7.2,2.2,9.5,7.5,7.8,3.9,4.8,2.2,7.3,7.5,9.4,6.2,6.2,9.5,3.6,8.7,5.8,6.5,8.7,0.9,4.6,6,6,0,Technical,Machine Learning Engineer
7.48,6.9,4.8,5.2,7.4,4.2,3.7,4.6,8.6,9.3,6.9,2.1,7.8,8.9,8.1,6.4,7.7,4.2,3.1,4.1,9.5,6.8,6.7,4.1,5.0,0,2,1,Creative,Cybersecurity Analyst
8.3,7.2,1.9,2.6,8.4,2.2,2.9,8.1,4.8,3.9,3.1,3.9,8.5,8.7,9.6,9.4,7.7,5.6,2.2,10.0,3.0,1.3,4.2,6.6,7.3,2,1,1,Analytical,Data Analyst
8.06,7.3,8.5,7.0,6.4,6.3,3.6,5.0,6.6,9.9,5.0,3.4,7.9,10.0,5.3,6.2,4.8,7.8,3.7,5.8,10.0,5.5,6.9,1.3,4.1,1,1,0,Technical,Cybersecurity Analyst
6.47,3.7,2.9,2.9,7.0,2.1,1.8,7.7,4.8,3.5,3.2,6.0,8.1,6.7,9.2,9.9,10.0,3.9,3.3,7.6,3.1,5.7,4.5,4.0,10.0,2,2,0,Managerial,Business Analyst
8.94,5.0,2.9,1.7,3.5,8.3,2.0,3.6,2.6,2.0,2.5,9.4,8.5,6.6,5.4,9.4,7.5,4.3,8.9,3.3,2.4,3.5,5.0,10.0,5.9,2,1,0,Creative,UI/UX Developer
9.9,8.4,3.3,4.0,7.4,3.3,8.9,8.1,5.6,5.6,2.0,2.7,9.0,10.0,10.0,8.0,5.7,10.0,3.1,9.1,0.9,6.3,4.0,4.6,7.1,0,3,1,Analytical,Data Scientist
7.49,6.2,5.0,6.5,6.1,3.1,3.4,4.3,7.2,9.6,6.8,2.8,8.6,8.5,8.2,8.6,7.4,5.1,3.7,4.7,9.3,5.9,7.9,2.7,4.8,1,2,0,Technical,Cybersecurity Analyst
7.34,5.4,1.4,3.9,3.4,7.3,3.2,4.2,1.1,3.0,3.3,9.5,6.0,8.4,6.7,9.2,7.1,2.2,7.6,4.6,1.6,3.7,4.8,10.0,5.2,0,1,1,Creative,UI/UX Developer
8.16,8.9,6.7,7.0,6.6,4.8,8.5,7.3,5.8,5.3,3.8,3.6,8.2,8.8,6.8,8.2,6.6,10.0,4.0,7.8,4.5,5.7,7.5,1.9,3.9,1,3,0,Technical,AI Engineer
7.28,7.9,5.0,2.7,4.5,4.9,2.6,3.6,10.0,5.7,5.8,3.6,9.5,8.5,5.8,7.2,6.6,3.4,5.8,4.9,6.3,10.0,6.5,4.1,8.0,2,4,1,Technical,Cloud Engineer
7.9,7.0,3.1,3.7,7.2,8.7,3.9,3.7,5.2,2.4,4.2,7.7,6.8,9.6,5.7,6.4,6.8,3.9,10.0,2.5,2.9,4.4,7.9,6.8,5.1,0,3,1,Creative,Web Developer
7.24,8.7,7.8,6.9,3.6,5.1,1.6,4.0,3.6,4.7,6.2,4.0,6.9,8.8,9.1,8.2,5.5,2.4,4.1,2.7,4.3,4.4,8.1,5.1,4.6,0,6,1,Creative,Software Developer
7.2,9.7,4.0,5.5,9.6,2.1,10.0,9.5,5.3,3.9,3.4,5.5,8.6,9.5,8.3,7.8,8.0,8.8,3.6,8.2,3.3,4.2,5.0,3.5,6.8,0,0,0,Analytical,Data Scientist
7.19,5.4,3.1,1.6,7.3,1.6,3.3,6.6,2.7,2.5,3.5,3.8,7.6,6.4,9.3,7.4,8.9,3.1,3.9,5.5,4.6,7.2,5.3,6.1,9.1,1,2,0,Analytical,Business Analyst
7.35,8.0,3.6,7.6,7.0,4.3,10.0,7.9,9.0,2.8,4.4,4.2,8.7,7.5,7.9,7.8,8.0,10.0,4.1,7.7,3.8,7.3,7.7,2.4,6.1,2,0,0,Technical,AI Engineer
8.54,8.2,7.2,5.2,6.5,3.4,5.6,5.7,6.6,8.3,5.8,2.5,9.8,9.3,6.6,6.1,7.5,5.4,6.2,4.0,9.1,7.3,5.3,2.8,5.1,3,3,0,Technical,Cybersecurity Analyst
8.51,8.3,5.8,3.2,10.0,3.6,10.0,7.3,5.0,1.2,5.1,4.3,10.0,8.0,10.0,7.6,6.9,8.2,2.1,9.4,3.2,3.3,2.2,3.7,8.3,3,4,1,Analytical,Data Scientist
7.84,4.6,4.5,3.5,3.1,8.6,2.8,3.6,1.6,1.2,3.7,10.0,5.8,6.0,6.2,8.8,8.1,3.3,8.3,4.3,2.3,1.3,5.4,10.0,7.7,5,3,0,Creative,UI/UX Developer
8.81,6.9,5.5,5.8,8.6,4.0,3.0,4.8,5.4,10.0,6.0,4.7,10.0,8.2,6.2,7.4,8.5,3.3,2.8,4.5,8.6,7.6,4.8,3.0,4.3,1,2,1,Technical,Cybersecurity Analyst
8.0,2.3,3.6,2.8,1.9,8.8,2.8,3.8,2.7,1.7,3.1,9.5,7.4,7.6,3.1,7.3,9.4,4.5,7.7,2.2,3.5,4.5,4.6,8.1,5.3,5,3,1,Managerial,UI/UX Developer
6.0,8.4,6.1,7.8,5.5,5.5,9.7,8.5,6.8,4.7,8.1,3.7,8.6,10.0,9.7,6.5,8.9,8.2,4.6,9.3,5.2,6.0,6.1,3.8,5.8,0,2,0,Technical,AI Engineer
7.63,7.4,6.1,5.4,5.5,5.3,3.5,3.9,8.3,5.4,9.4,3.0,8.3,7.0,8.0,7.2,8.3,5.5,6.6,4.1,7.0,9.8,5.9,5.6,5.0,2,2,0,Technical,DevOps Engineer
8.12,4.3,3.2,2.5,3.8,8.4,2.6,3.5,2.9,1.4,5.4,10.0,7.9,6.6,5.5,9.2,8.7,3.3,6.4,3.6,0.5,2.6,5.3,10.0,6.3,2,1,1,Creative,UI/UX Developer
7.64,8.5,5.8,8.3,7.8,4.9,7.2,7.5,7.8,4.1,6.9,4.7,7.4,9.7,9.4,8.8,6.3,10.0,3.9,8.2,4.0,8.9,6.5,3.8,6.3,3,5,0,Technical,AI Engineer
7.4,6.6,5.6,7.7,4.4,5.6,3.0,3.7,5.7,8.3,6.4,0.0,7.5,9.7,8.4,6.4,5.8,3.8,5.3,5.7,9.6,6.9,6.5,2.5,5.4,1,4,1,Technical,Cybersecurity Analyst
7.79,2.0,1.4,1.7,5.1,9.2,1.3,1.8,2.7,1.2,2.8,9.4,6.8,6.8,2.6,8.8,9.0,2.9,7.0,4.1,1.7,2.1,5.6,10.0,5.9,1,3,0,Creative,UI/UX Developer
9.33,10.0,5.0,9.6,4.2,4.8,7.5,6.7,6.7,4.7,6.3,2.9,8.3,7.1,8.3,6.2,8.3,9.1,3.6,8.2,5.5,8.5,10.0,2.0,5.2,1,4,1,Technical,AI Engineer
8.08,9.0,8.5,8.7,8.3,5.2,0.3,5.3,4.7,2.8,5.6,6.7,7.9,9.5,5.9,4.6,8.0,4.6,5.5,5.9,2.1,3.6,8.4,3.6,5.6,2,0,0,Technical,Software Developer
7.37,6.0,9.5,8.2,6.1,5.0,2.9,5.0,5.8,5.2,4.5,0.8,9.4,8.3,7.7,8.3,9.7,3.3,6.1,5.5,3.1,4.4,8.4,4.0,3.8,1,1,1,Technical,Software Developer
8.92,7.2,4.9,4.1,7.8,3.2,7.8,9.9,5.5,1.6,3.6,4.1,9.5,7.8,8.4,7.5,8.0,7.0,3.6,8.5,2.6,7.2,4.8,4.8,7.8,2,3,0,Analytical,Data Scientist
8.05,7.1,5.5,3.2,6.3,8.8,5.3,2.0,3.7,4.2,5.8,8.4,7.8,6.3,5.8,5.6,8.4,4.5,9.4,2.2,3.1,3.2,7.9,10.0,4.9,0,2,1,Creative,Web Developer
7.84,10.0,3.5,5.4,6.2,3.3,10.0,7.5,5.2,3.9,5.7,1.8,10.0,10.0,9.6,5.6,6.4,10.0,4.8,8.2,4.8,4.2,6.9,5.4,5.0,1,3,1,Managerial,Machine Learning Engineer
6.98,7.5,3.2,2.5,7.4,3.8,4.6,10.0,3.5,2.8,3.5,6.7,7.9,6.9,7.0,6.8,6.9,2.4,4.5,10.0,1.8,4.5,4.2,3.6,9.1,1,2,0,Analytical,Data Analyst
7.1,7.7,4.3,1.5,7.1,2.9,3.7,9.1,4.3,1.5,2.2,2.6,7.8,7.0,7.1,8.8,9.7,4.6,3.4,9.8,3.2,3.0,3.0,4.1,5.5,0,2,0,Analytical,Data Analyst
7.65,6.4,1.6,0.0,7.5,4.1,3.1,8.2,3.1,2.0,3.6,6.7,8.6,8.6,7.5,8.8,9.8,3.6,4.9,9.0,1.4,5.4,4.9,8.6,8.4,3,1,0,Managerial,Business Analyst
8.03,3.9,4.2,5.1,4.9,5.5,3.2,3.2,8.6,8.7,8.1,2.8,9.5,7.2,5.8,5.0,9.0,4.8,3.8,3.3,6.9,10.0,5.5,1.9,3.2,1,3,1,Technical,Cloud Engineer
8.3,6.2,5.5,4.0,5.6,6.1,2.0,3.3,8.4,8.2,9.7,3.2,10.0,7.9,8.4,7.6,7.8,3.7,6.0,4.5,5.4,8.6,6.8,1.8,6.3,3,3,0,Technical,Cloud Engineer
8.84,7.5,3.3,4.8,9.1,2.0,2.6,9.4,2.5,0.9,3.3,6.1,7.7,6.2,7.3,7.7,7.6,3.7,2.1,10.0,2.8,5.3,2.0,4.0,9.1,1,0,0,Analytical,Data Analyst
7.91,7.0,7.6,5.7,7.3,6.2,3.9,5.1,7.4,6.2,8.8,2.8,7.6,9.0,4.6,6.3,5.8,5.9,5.9,6.5,6.2,7.9,6.1,4.9,6.4,2,2,1,Technical,Cloud Engineer
7.66,7.0,6.7,4.2,5.1,5.1,1.5,2.2,8.1,6.9,8.5,4.7,8.5,8.3,6.8,7.9,7.5,4.8,5.9,5.6,8.9,8.6,6.0,3.2,5.9,4,5,1,Technical,DevOps Engineer
8.21,5.9,3.1,0.8,6.8,2.5,2.2,9.1,3.8,2.5,1.7,6.6,7.6,8.3,5.8,10.0,9.8,4.6,3.5,8.4,3.1,6.4,3.6,3.9,10.0,1,1,1,Creative,Business Analyst
7.73,4.7,1.3,2.5,9.6,3.0,3.3,8.9,3.8,3.2,2.8,6.4,9.7,10.0,6.4,9.9,9.8,3.5,5.1,8.0,2.5,4.3,2.8,6.8,6.1,2,6,1,Managerial,Business Analyst
7.1,6.6,5.9,3.9,5.7,6.1,2.0,4.4,8.6,5.9,8.9,3.8,8.2,8.6,7.0,6.1,7.4,3.6,6.0,1.5,3.2,9.7,8.0,2.9,4.5,1,4,1,Technical,Cloud Engineer
7.36,6.1,5.1,7.3,7.7,5.3,3.9,5.7,6.3,8.8,5.1,3.7,8.0,7.5,6.8,8.0,7.8,4.3,4.5,7.5,8.7,6.6,5.3,3.5,6.0,2,3,0,Technical,Cybersecurity Analyst
7.75,5.1,6.2,1.1,6.8,9.8,3.0,3.1,4.5,2.6,4.0,9.3,7.7,7.3,6.7,7.0,6.8,3.4,7.9,5.3,4.7,5.7,7.4,7.9,4.5,2,1,1,Creative,Web Developer
8.99,9.0,3.6,7.6,8.6,5.8,9.8,8.4,4.5,2.4,5.0,2.5,9.8,9.3,8.9,7.0,6.2,9.3,4.2,9.7,3.4,6.2,6.0,2.1,5.3,1,2,1,Creative,Machine Learning Engineer
7.38,6.4,4.2,5.1,7.2,4.6,4.2,4.0,7.1,8.4,4.5,4.2,8.7,8.2,6.8,6.6,7.5,2.8,3.0,5.1,7.6,4.4,7.0,2.7,5.2,0,4,0,Technical,Cybersecurity Analyst
7.58,6.7,5.2,6.3,6.3,4.1,3.7,5.0,7.6,7.6,6.0,2.7,8.7,8.8,5.6,7.2,7.1,5.1,4.8,4.4,10.0,5.2,4.5,1.1,5.4,1,3,0,Technical,Cybersecurity Analyst
7.7,7.0,7.3,7.5,7.3,7.0,2.6,2.2,3.9,3.4,3.6,5.3,6.7,9.2,5.1,7.2,6.8,5.7,4.8,3.4,3.6,4.8,8.6,3.6,3.6,1,3,0,Technical,Software Developer
7.6,8.4,3.7,3.6,8.0,5.9,8.6,8.0,5.8,1.6,3.2,5.1,8.7,10.0,9.3,6.1,5.3,9.6,1.9,7.8,2.4,6.1,4.6,3.1,8.3,1,0,0,Analytical,Data Scientist
6.64,10.0,7.5,5.1,5.3,3.4,10.0,8.7,8.9,3.2,5.7,3.1,8.8,9.0,8.6,8.8,7.1,8.3,3.7,9.3,4.2,7.1,5.6,1.3,4.9,0,2,0,Managerial,Machine Learning Engineer
8.82,6.0,1.3,2.1,8.9,3.4,6.1,7.1,4.9,0.8,3.9,4.5,7.1,6.8,5.9,8.0,6.7,5.9,3.7,10.0,2.4,4.6,5.5,4.3,6.4,2,4,0,Analytical,Data Analyst
8.14,7.6,6.3,4.8,7.1,7.8,3.7,5.9,9.7,6.0,8.0,0.9,8.3,8.7,6.9,6.6,8.9,6.1,7.1,3.1,8.2,7.0,7.3,1.1,4.0,0,0,0,Analytical,DevOps Engineer
7.44,8.3,6.2,3.7,6.5,8.5,1.5,4.1,3.1,4.1,5.1,6.3,8.0,7.6,6.0,7.4,7.4,3.7,10.0,4.7,4.9,6.1,6.4,7.1,3.9,1,1,0,Managerial,Web Developer
7.19,7.8,5.2,4.5,6.9,1.4,7.5,8.7,4.8,2.2,3.4,3.9,9.4,8.5,9.1,7.3,6.5,9.5,3.8,10.0,3.7,4.5,4.0,5.0,6.1,1,3,1,Analytical,Data Scientist
7.82,8.2,3.0,1.9,8.5,2.9,5.6,8.3,4.5,0.7,3.8,4.6,8.0,7.1,7.2,6.9,7.9,5.6,1.5,8.8,2.0,3.3,3.8,6.8,6.9,2,1,1,Analytical,Data Analyst
8.34,8.9,4.9,7.1,6.7,6.2,9.2,8.2,4.6,4.1,7.2,4.9,10.0,9.3,9.5,6.3,7.9,8.8,4.7,8.0,4.0,8.1,8.1,3.8,4.5,1,5,1,Technical,AI Engineer
8.83,7.3,4.4,5.8,6.1,3.8,3.6,4.6,4.8,9.5,7.4,2.2,8.7,8.0,7.6,8.0,6.6,4.1,5.9,4.8,7.3,6.3,6.0,1.7,4.9,0,2,0,Technical,Cybersecurity Analyst
8.57,5.0,1.2,3.4,3.8,7.8,1.3,4.6,3.7,2.7,1.4,9.3,7.0,7.9,3.1,7.0,7.5,4.5,9.5,4.4,2.5,5.4,5.5,9.0,7.0,2,3,1,Creative,UI/UX Developer
6.87,6.4,6.6,3.4,5.7,7.9,3.8,4.9,8.5,7.6,9.3,2.3,9.2,9.5,4.2,7.9,6.7,6.0,5.1,5.7,4.6,10.0,6.6,4.4,4.7,4,2,0,Technical,Cloud Engineer
7.57,6.2,2.9,1.4,8.1,2.0,5.1,10.0,3.0,1.9,1.8,5.4,8.2,6.9,7.4,9.0,5.7,3.6,3.6,9.6,1.9,5.0,4.8,6.9,9.0,0,3,0,Managerial,Data Analyst
8.22,7.1,6.4,7.9,7.4,5.3,3.3,3.6,4.8,1.3,4.8,5.1,7.3,8.6,6.2,6.9,6.8,3.0,7.5,5.0,3.3,5.5,9.6,4.7,2.1,1,3,0,Technical,Software Developer
9.8,6.1,2.2,1.2,6.8,3.1,2.6,8.5,4.3,3.6,3.8,6.0,9.0,9.2,5.8,8.4,10.0,4.4,2.3,8.3,3.7,3.9,2.6,6.0,8.3,1,3,0,Managerial,Business Analyst
7.37,6.5,4.0,5.1,7.0,9.1,1.2,2.8,6.3,4.5,3.8,6.2,8.1,7.4,7.7,10.0,8.2,4.8,10.0,3.0,3.1,3.0,8.9,7.7,3.9,1,2,1,Creative,Web Developer
7.91,9.5,5.2,7.3,7.3,3.1,10.0,7.6,5.7,1.9,5.9,2.2,8.6,9.4,9.8,7.4,4.8,10.0,4.6,10.0,2.8,5.4,8.5,3.8,4.3,4,2,1,Technical,Machine Learning Engineer
7.7,5.7,3.7,2.1,8.6,3.0,2.7,9.3,3.6,1.7,2.6,5.0,8.3,7.5,8.8,8.8,7.4,3.9,3.6,9.2,1.8,2.5,4.5,7.9,7.4,2,1,1,Managerial,Data Analyst
8.81,6.8,1.8,1.9,8.0,1.1,5.2,9.7,4.1,0.8,1.8,7.6,5.1,6.3,9.9,10.0,9.4,5.6,2.3,7.6,2.4,3.2,5.6,3.0,8.2,1,7,1,Technical,Data Analyst
8.22,7.2,4.0,2.5,6.4,7.1,5.0,4.6,8.8,4.4,7.5,2.1,9.3,8.0,5.9,6.7,7.4,5.0,7.7,3.9,4.5,8.3,6.2,2.5,4.2,2,0,0,Technical,Cloud Engineer
8.29,7.8,3.3,3.0,5.9,7.9,2.6,4.4,7.7,3.8,4.9,7.5,7.7,8.3,4.7,4.5,7.7,6.2,9.6,3.4,4.0,4.2,7.9,8.0,5.0,2,2,1,Creative,Web Developer
8.32,6.7,6.1,4.5,6.5,5.7,3.5,3.9,9.6,7.9,7.4,3.0,7.9,9.0,5.1,6.4,8.6,4.4,6.3,3.0,6.7,9.5,6.6,3.3,4.7,1,0,1,Technical,DevOps Engineer
8.59,8.4,6.1,3.9,6.0,6.4,4.7,5.1,10.0,5.2,7.7,3.7,8.4,8.1,5.2,7.3,5.2,4.4,5.7,3.7,6.4,8.2,6.1,1.2,7.1,2,0,0,Analytical,Cloud Engineer
8.41,7.3,3.5,2.6,9.3,1.8,6.6,9.3,4.8,1.2,2.8,5.4,6.0,6.5,6.7,6.6,7.6,4.9,4.6,8.3,2.3,3.0,2.1,5.6,8.7,1,5,1,Analytical,Data Analyst
8.6,7.6,5.4,4.7,9.1,2.5,8.3,7.4,8.1,3.5,5.3,2.9,9.0,9.4,7.3,7.5,7.1,10.0,3.8,8.4,3.3,7.9,8.3,2.2,7.9,1,2,1,Technical,Machine Learning Engineer
6.65,4.6,5.7,7.4,8.6,3.9,4.0,6.4,5.5,9.5,7.3,3.8,8.4,8.3,6.6,7.0,8.9,4.9,2.9,4.7,10.0,6.9,5.5,0.2,6.5,4,1,0,Managerial,Cybersecurity Analyst
7.56,7.6,5.6,0.1,6.5,9.9,2.7,2.9,3.2,4.9,5.4,5.2,4.4,8.5,7.0,7.4,10.0,4.5,9.2,4.1,2.6,4.3,6.6,8.9,6.0,3,1,1,Analytical,Web Developer
7.94,8.1,7.2,8.9,4.8,4.9,4.4,4.6,7.8,4.1,6.9,2.0,6.4,9.5,5.1,6.3,8.3,4.6,6.0,3.5,4.2,5.6,8.3,4.4,5.2,1,4,0,Technical,Software Developer
8.0,7.9,4.8,2.0,8.3,2.2,5.1,7.3,4.9,2.6,3.6,5.2,9.7,8.5,6.8,7.4,6.5,5.6,1.9,10.0,3.5,3.0,3.8,5.0,9.0,2,1,0,Analytical,Data Analyst
8.29,2.7,1.7,1.2,2.2,6.5,0.5,3.0,1.9,2.6,3.9,8.5,5.4,8.4,6.0,7.2,8.8,4.6,8.0,3.5,0.6,2.7,6.5,8.1,7.1,2,0,0,Creative,UI/UX Developer
7.33,6.1,1.8,3.1,9.2,9.8,1.6,5.9,3.4,3.4,6.5,7.5,8.4,9.1,6.9,6.0,7.2,3.8,10.0,3.5,2.9,4.4,8.9,5.5,4.9,0,3,1,Creative,Web Developer
7.88,4.8,5.6,7.8,7.1,5.6,2.8,3.5,6.2,8.2,5.8,3.3,9.0,8.1,6.7,6.5,7.5,7.3,4.3,4.2,9.7,5.4,6.6,5.0,7.3,1,0,1,Creative,Cybersecurity Analyst
9.14,4.6,3.5,0.7,7.0,4.5,2.4,7.6,5.1,4.4,4.0,3.3,8.4,9.4,9.2,7.7,7.6,4.8,2.0,7.8,3.5,5.6,4.6,7.1,10.0,5,1,0,Managerial,Business Analyst
7.84,7.5,1.5,3.2,6.6,2.2,7.7,9.4,4.1,1.0,3.4,3.7,8.1,7.8,8.7,7.7,6.0,9.6,2.8,10.0,3.3,3.6,2.8,5.2,6.0,2,2,1,Analytical,Data Scientist
6.89,5.2,2.4,3.5,4.2,7.7,2.9,2.3,2.7,1.8,0.5,10.0,7.1,5.4,5.4,7.3,8.8,2.5,8.6,3.9,2.3,2.6,4.8,9.2,7.6,4,3,1,Creative,UI/UX Developer
7.59,10.0,4.2,5.4,8.6,4.4,9.1,7.3,7.8,1.5,7.4,1.7,9.5,10.0,8.5,6.4,6.4,9.3,3.5,8.5,3.2,6.3,6.9,2.9,5.0,3,1,0,Technical,Machine Learning Engineer
7.43,9.6,7.0,8.3,6.8,4.6,10.0,8.1,6.3,5.5,7.1,4.2,8.2,10.0,8.3,6.5,5.9,9.3,2.4,9.7,2.9,6.9,6.2,3.5,2.2,2,0,1,Technical,Machine Learning Engineer
7.59,9.1,5.9,9.2,6.6,2.9,9.7,7.7,6.4,4.4,5.3,1.8,9.1,8.0,8.7,7.6,4.7,9.1,3.0,6.4,4.0,6.4,8.2,3.9,5.6,3,4,1,Technical,AI Engineer
7.9,5.5,3.3,1.5,7.3,3.2,4.0,7.1,4.5,3.3,2.8,6.3,8.1,7.4,6.3,9.3,8.9,4.7,2.9,8.3,3.2,6.0,2.8,6.2,9.9,2,1,1,Managerial,Business Analyst
9.13,5.2,6.1,3.4,8.1,7.4,3.6,4.6,4.3,4.9,3.4,7.0,8.8,7.8,5.7,9.0,5.9,3.8,9.4,2.6,5.5,4.0,7.0,5.3,6.2,1,5,0,Creative,Web Developer
7.99,5.7,6.4,5.9,4.8,3.9,3.3,4.6,10.0,6.6,9.9,5.0,6.9,9.9,5.0,5.6,7.2,1.1,6.8,2.7,8.3,9.8,7.4,3.4,6.5,0,2,0,Technical,DevOps Engineer
7.78,8.4,4.6,8.4,5.2,4.2,9.3,7.4,7.4,4.6,6.7,4.7,10.0,10.0,8.9,7.5,6.6,10.0,4.3,9.8,3.6,6.7,7.3,2.9,5.6,2,2,1,Technical,AI Engineer
7.51,8.5,5.7,7.6,5.2,5.1,8.0,9.6,5.9,6.1,6.5,3.0,8.1,9.7,8.6,6.2,6.3,9.5,4.1,9.3,3.7,7.6,7.0,2.5,4.2,0,1,0,Technical,AI Engineer
7.61,9.3,4.7,8.0,6.7,5.6,8.4,6.8,7.8,5.8,5.7,4.2,8.0,8.5,9.0,7.3,7.3,9.2,2.4,6.6,5.4,6.5,7.5,3.7,7.5,2,0,1,Technical,AI Engineer
8.99,4.0,3.0,3.0,3.9,8.1,0.6,2.8,1.6,1.7,3.7,10.0,4.9,7.2,4.1,8.6,7.6,4.6,10.0,3.8,2.2,3.0,5.1,10.0,7.6,0,2,0,Creative,UI/UX Developer
7.47,7.1,5.8,2.7,5.1,10.0,0.7,3.0,4.8,5.4,6.3,6.8,7.7,7.2,5.1,8.3,6.4,4.2,8.8,1.1,3.8,6.1,8.3,6.7,5.2,3,0,0,Creative,Web Developer
8.93,7.0,7.2,6.1,8.7,6.6,3.5,5.7,5.3,3.2,3.1,3.1,9.7,7.1,7.4,7.6,7.3,4.4,6.7,4.4,5.8,3.9,9.3,2.0,1.7,3,3,1,Technical,Software Developer
7.47,5.8,5.0,4.2,5.1,6.2,0.0,2.6,9.1,8.8,9.7,2.1,9.4,9.7,5.7,6.1,9.8,2.8,8.4,4.6,7.9,9.6,8.2,1.7,5.8,1,4,0,Technical,DevOps Engineer
9.67,9.0,5.8,4.7,6.5,5.9,3.7,3.6,9.1,6.4,7.9,3.8,8.7,8.6,6.8,5.7,9.7,5.7,5.8,4.6,6.9,7.6,8.4,5.1,4.4,2,3,0,Technical,DevOps Engineer
7.63,6.5,6.3,4.4,6.7,6.9,3.5,2.3,6.1,3.2,4.0,3.2,8.1,6.9,7.0,7.0,8.2,4.2,4.5,4.2,2.8,3.8,7.5,1.9,3.4,2,4,1,Technical,Software Developer
8.13,5.8,5.8,3.8,6.9,7.6,2.4,4.5,3.7,4.9,6.5,7.6,8.5,8.2,6.6,9.1,6.3,3.2,10.0,5.1,2.5,6.7,5.2,8.7,5.2,1,1,1,Creative,Web Developer
8.59,5.8,3.9,2.9,6.0,8.9,3.8,1.7,4.9,3.5,4.4,9.6,9.1,7.5,4.5,9.2,8.4,2.7,8.5,3.6,5.9,4.6,8.5,7.3,5.5,2,4,1,Creative,Web Developer
8.35,3.6,5.2,5.4,6.5,7.6,5.8,4.5,6.3,8.3,5.8,3.3,7.1,10.0,8.0,8.0,7.4,3.5,6.1,4.6,7.6,6.6,4.7,1.8,5.8,3,6,1,Technical,Cybersecurity Analyst
6.36,8.1,6.0,4.7,9.3,4.8,3.8,3.2,9.5,4.5,8.7,2.7,9.3,7.9,7.2,4.8,8.0,3.6,7.1,5.8,6.2,8.8,5.8,1.7,5.4,3,1,1,Technical,DevOps Engineer
9.57,8.0,6.1,8.0,6.1,4.9,8.8,5.6,8.2,3.9,6.3,4.2,7.0,8.9,8.2,8.5,6.9,9.3,3.5,9.7,3.2,5.9,6.6,2.8,5.0,0,1,1,Technical,AI Engineer
6.44,8.0,5.8,4.4,5.2,6.6,3.6,5.2,8.8,4.5,7.1,0.4,7.7,9.3,5.3,9.0,6.4,2.5,4.7,5.7,6.2,10.0,7.8,1.9,6.1,1,1,0,Technical,Cloud Engineer
8.1,7.5,3.9,4.4,6.7,9.6,2.8,2.4,3.4,4.5,3.7,6.4,7.1,9.2,7.5,6.0,5.0,3.8,8.7,5.3,4.8,4.1,6.5,8.5,4.3,2,4,1,Managerial,Web Developer
7.06,8.0,4.9,7.2,6.9,3.1,9.5,8.1,6.7,4.9,7.4,3.2,8.9,9.4,9.7,7.8,7.7,10.0,4.2,8.9,4.8,6.9,8.9,1.9,5.2,2,0,0,Managerial,AI Engineer
9.01,2.5,1.8,1.9,6.9,3.3,2.9,7.7,4.9,3.1,2.3,6.3,7.9,6.3,8.5,8.8,7.5,3.4,0.5,10.0,3.6,5.1,4.3,6.1,8.9,0,3,1,Managerial,Business Analyst
8.73,7.1,1.8,1.0,5.4,8.4,0.0,2.4,3.9,3.0,3.5,10.0,5.1,6.2,5.4,9.2,9.4,3.7,7.7,2.7,3.0,4.5,3.7,10.0,6.2,1,2,1,Creative,UI/UX Developer
7.92,6.1,5.6,5.1,5.3,4.8,2.2,5.9,7.1,6.0,8.9,4.2,9.3,8.8,5.5,7.2,5.6,3.7,4.8,4.4,6.4,8.1,8.0,1.6,5.8,1,3,1,Technical,Cloud Engineer
6.79,8.6,4.7,8.0,5.9,4.1,7.7,8.1,4.7,2.6,7.5,4.4,8.0,8.0,8.6,5.6,8.0,8.0,3.3,10.0,3.9,7.1,7.3,1.4,6.7,3,1,0,Creative,Machine Learning Engineer
8.14,5.5,4.5,2.9,9.1,8.2,2.8,0.8,5.3,3.5,5.3,7.7,7.5,8.2,6.9,7.2,7.6,5.1,9.7,2.7,4.5,4.7,6.5,8.5,4.6,1,5,1,Technical,Web Developer
8.43,4.1,2.6,3.4,6.5,1.8,4.5,8.9,4.2,2.3,4.7,6.6,6.8,7.3,6.7,10.0,8.6,2.4,1.9,7.4,2.7,3.3,7.4,7.7,10.0,1,5,1,Managerial,Business Analyst
9.9,5.3,5.3,3.2,5.8,5.1,4.4,5.5,9.2,6.3,6.4,1.3,8.3,9.4,6.7,7.1,9.7,5.3,4.6,3.6,6.0,8.3,5.8,3.0,4.1,3,2,1,Technical,Cloud Engineer
7.18,10.0,3.9,4.7,7.9,2.7,7.7,9.4,5.8,4.3,5.3,4.6,9.7,9.1,9.4,7.1,5.1,7.8,4.6,9.3,2.6,6.3,4.5,4.8,8.5,1,4,1,Analytical,Data Scientist
7.39,8.2,5.3,7.9,8.1,3.4,10.0,8.1,4.7,3.6,5.4,3.5,9.3,7.3,10.0,5.8,5.0,10.0,4.7,8.2,3.6,6.4,5.8,1.5,6.0,3,1,1,Technical,Machine Learning Engineer
7.66,7.5,5.3,7.5,5.4,4.0,4.8,2.8,4.3,3.3,5.0,5.9,6.7,8.2,7.1,5.5,6.6,4.7,5.2,3.6,3.5,4.9,9.3,4.6,6.1,1,1,1,Technical,Software Developer
7.54,6.3,7.6,5.7,4.6,7.0,2.1,5.0,8.5,6.4,10.0,3.1,8.9,7.6,6.7,6.2,7.4,3.7,6.4,3.6,6.0,9.0,6.9,3.5,7.2,4,0,1,Technical,DevOps Engineer
8.12,7.4,5.4,3.8,9.3,2.7,6.9,8.0,5.4,3.2,4.6,6.2,8.4,10.0,10.0,7.4,7.3,8.9,4.1,10.0,1.5,6.1,5.4,4.4,6.9,2,5,0,Analytical,Data Scientist
8.84,4.4,2.5,4.4,7.6,4.0,3.3,6.1,3.3,2.4,3.6,6.4,8.4,9.0,5.7,10.0,7.2,3.0,3.9,6.8,3.1,3.7,4.6,6.0,8.9,2,1,1,Managerial,Business Analyst
7.83,4.9,5.8,4.8,7.3,4.7,3.5,4.5,7.2,10.0,3.6,2.9,9.1,8.6,7.1,7.3,8.4,4.6,3.3,5.0,8.4,5.3,5.7,2.4,4.2,0,5,1,Technical,Cybersecurity Analyst
9.9,8.5,3.3,8.0,6.6,3.4,8.3,8.2,5.6,4.7,5.3,6.4,10.0,7.6,8.6,8.0,3.8,8.5,3.5,6.3,4.0,6.5,6.6,5.0,5.9,3,4,1,Technical,AI Engineer
7.34,5.6,2.3,2.4,5.2,7.7,1.9,4.5,4.1,2.9,2.0,10.0,5.3,8.7,3.3,9.0,8.1,3.7,6.9,2.4,2.6,3.3,6.5,9.5,3.1,1,2,1,Creative,UI/UX Developer
7.46,5.9,1.1,4.7,9.6,3.6,2.3,9.3,5.1,5.0,2.7,6.0,7.7,7.8,5.5,10.0,8.4,3.9,1.3,6.9,3.6,3.7,2.5,6.6,10.0,4,2,0,Managerial,Business Analyst
8.95,3.5,2.1,1.2,5.7,8.2,2.5,3.9,2.1,2.6,4.4,9.0,7.6,7.3,3.7,10.0,9.3,2.1,7.5,4.9,0.9,1.5,3.8,8.8,7.3,1,3,1,Creative,UI/UX Developer
8.51,4.5,1.5,2.5,7.1,3.0,3.1,8.7,3.4,2.0,3.0,6.3,8.3,5.9,9.1,9.4,9.7,3.2,3.4,6.4,0.0,3.4,4.4,8.6,9.8,2,2,1,Managerial,Business Analyst
8.6,6.0,5.1,7.0,5.9,4.7,3.7,4.5,5.3,10.0,7.5,3.5,9.5,8.0,7.2,6.1,6.9,4.4,3.5,5.1,8.9,6.8,5.7,2.9,5.8,0,2,1,Technical,Cybersecurity Analyst
8.82,7.4,4.6,8.4,5.7,3.4,8.9,10.0,6.7,3.8,4.8,3.9,10.0,8.3,9.6,6.3,4.9,10.0,6.3,6.7,4.2,8.4,7.4,1.9,5.0,2,3,1,Technical,AI Engineer
7.43,9.6,4.5,8.4,6.8,4.8,9.7,4.8,6.0,2.9,6.0,4.3,8.4,8.0,6.6,7.4,5.7,9.8,3.0,8.6,4.4,5.0,8.5,3.8,6.2,1,1,0,Technical,AI Engineer
7.86,6.5,7.1,4.5,5.3,4.9,5.1,5.8,9.0,5.3,9.0,2.4,10.0,7.2,7.0,8.5,7.9,4.7,4.6,5.4,6.9,9.5,5.7,2.8,6.2,0,3,1,Technical,Cloud Engineer
8.43,4.9,3.1,2.6,3.1,9.0,1.3,4.1,6.0,0.0,3.8,9.6,5.8,7.8,3.6,10.0,9.7,2.9,6.4,2.8,3.6,5.1,5.2,10.0,6.0,0,4,1,Creative,UI/UX Developer
6.97,7.2,2.7,1.6,10.0,3.1,6.6,9.5,4.9,1.0,2.2,5.0,9.3,7.1,5.9,8.4,7.6,4.4,2.6,8.5,3.0,4.0,4.3,4.3,9.5,2,1,1,Analytical,Data Analyst
6.86,8.3,5.1,4.2,4.9,6.4,2.6,2.4,8.7,5.6,9.0,2.6,7.5,10.0,6.0,6.1,8.9,3.5,6.1,5.7,8.5,8.2,6.2,3.0,4.4,2,1,1,Analytical,DevOps Engineer
7.46,9.0,8.4,8.5,6.5,7.4,1.7,4.1,4.6,5.5,6.6,4.0,6.6,9.0,5.2,8.3,6.5,4.0,5.3,3.0,4.8,4.8,9.0,2.9,4.9,3,3,1,Technical,Software Developer
7.63,2.5,2.3,2.0,9.1,4.3,1.5,7.0,2.3,2.9,2.2,5.8,6.8,7.2,7.8,9.8,7.9,1.9,4.7,8.0,2.3,3.2,3.7,5.8,10.0,0,5,1,Managerial,Business Analyst
6.7,4.1,4.4,2.6,3.7,8.9,3.3,4.6,4.2,2.3,5.0,9.1,8.1,7.8,4.3,6.6,8.7,1.7,8.7,2.4,2.9,1.5,7.6,9.8,4.6,1,3,0,Creative,UI/UX Developer
7.72,9.5,5.7,7.7,6.2,6.7,9.3,8.7,6.6,2.3,7.4,3.3,10.0,8.3,8.1,6.8,7.1,9.2,4.3,10.0,4.0,7.8,7.3,3.1,5.3,3,1,1,Technical,Machine Learning Engineer
7.83,7.3,2.7,2.5,8.9,3.8,10.0,9.1,6.2,5.2,2.9,2.3,9.1,8.2,9.3,8.8,7.8,10.0,2.0,10.0,2.2,6.8,5.5,4.6,6.4,4,4,0,Analytical,Data Scientist
8.75,5.5,6.9,4.2,4.8,5.5,2.5,5.6,8.6,5.3,8.9,5.0,7.8,8.0,6.1,5.9,7.5,4.7,4.2,3.3,5.4,8.4,5.7,5.1,5.9,1,0,0,Technical,Cloud Engineer
8.4,6.2,5.4,4.3,6.4,6.1,0.8,4.8,9.1,7.6,8.9,3.4,9.0,10.0,4.5,8.3,8.8,4.4,6.4,4.4,6.7,8.8,6.1,2.5,5.1,2,1,1,Technical,DevOps Engineer
8.46,3.1,3.2,1.1,2.5,7.2,1.5,2.5,4.5,0.8,3.2,10.0,7.9,7.3,5.6,9.3,8.4,4.0,8.1,4.5,2.6,4.0,3.7,8.9,5.9,1,2,1,Managerial,UI/UX Developer
7.36,7.5,3.3,1.5,8.8,2.9,3.4,10.0,4.2,0.0,3.6,4.3,7.7,7.5,6.6,10.0,5.9,5.1,3.4,9.5,1.8,3.6,3.1,4.1,9.3,2,3,1,Analytical,Data Analyst
8.32,8.6,4.7,4.2,7.0,3.6,7.7,7.5,5.9,3.6,4.0,4.6,9.3,5.8,9.5,9.2,6.7,10.0,3.3,9.1,3.3,3.3,6.8,3.5,5.7,1,4,0,Analytical,Data Scientist
7.87,6.8,3.3,1.3,7.0,3.3,5.2,9.7,4.0,4.4,2.3,5.5,8.3,7.6,5.7,8.7,9.0,6.1,3.4,8.0,3.4,4.8,4.6,6.1,9.2,3,1,0,Managerial,Business Analyst
7.98,6.8,4.7,3.5,6.0,7.2,4.1,4.8,7.5,7.1,6.8,3.0,10.0,9.4,7.6,6.1,6.8,4.5,6.1,5.3,5.1,10.0,7.1,3.5,3.6,1,2,0,Technical,Cloud Engineer
7.03,8.3,5.7,5.3,5.2,6.5,2.8,2.1,8.9,7.2,8.1,4.5,7.4,9.0,8.4,9.2,6.8,4.9,6.0,3.0,6.8,9.6,6.9,1.4,3.6,3,2,0,Technical,DevOps Engineer
7.56,8.3,4.3,2.6,10.0,2.6,8.2,8.6,5.4,2.3,5.5,5.0,8.9,8.1,10.0,7.0,8.7,8.6,4.4,8.9,3.1,6.3,7.4,5.7,8.0,2,2,1,Analytical,Data Scientist
7.48,6.7,6.3,2.5,5.3,5.1,3.5,4.0,9.5,7.6,8.4,3.6,6.9,6.1,7.0,7.8,8.2,4.6,7.2,3.5,6.2,10.0,4.3,2.9,4.7,2,2,1,Technical,Cloud Engineer
7.96,8.2,4.5,3.5,8.0,2.6,9.2,9.3,6.5,3.6,4.5,2.9,7.3,8.9,10.0,7.2,7.0,8.5,1.0,9.3,2.4,5.7,5.0,3.8,6.8,2,1,1,Analytical,Data Scientist
6.0,4.1,2.6,1.5,2.5,7.7,1.2,2.0,4.3,2.1,4.3,10.0,6.7,10.0,5.5,9.4,7.1,5.5,8.6,3.2,1.5,2.8,6.9,10.0,5.6,0,5,1,Creative,UI/UX Developer
7.18,8.6,6.4,7.9,6.7,3.7,10.0,7.5,8.0,4.0,6.6,1.9,9.4,9.1,9.1,8.2,5.3,9.0,1.7,7.7,5.2,8.1,7.3,3.7,4.6,0,6,0,Creative,AI Engineer
9.07,7.3,8.1,7.1,9.2,5.7,2.4,4.1,6.1,3.2,4.8,5.1,9.2,8.7,9.7,8.7,5.5,2.1,6.9,5.5,3.8,4.4,8.1,2.7,5.2,1,1,0,Analytical,Software Developer
8.98,9.9,7.5,7.7,7.8,5.3,1.9,4.3,3.0,3.7,5.3,3.7,6.3,10.0,7.1,8.1,6.7,3.0,6.3,3.8,2.7,6.6,8.3,2.0,5.5,1,3,1,Analytical,Software Developer
7.75,6.4,5.9,7.1,5.8,5.2,5.0,3.9,4.7,8.2,6.6,2.0,7.1,9.9,5.7,6.8,7.8,5.2,5.5,4.3,10.0,6.5,6.4,4.0,3.7,3,3,0,Technical,Cybersecurity Analyst
8.76,6.8,5.6,6.9,6.8,6.6,2.9,5.2,8.8,7.1,10.0,2.6,7.2,9.4,6.0,7.5,8.3,5.4,5.9,4.5,6.9,9.7,5.7,4.0,7.0,3,1,1,Technical,DevOps Engineer
7.6,5.9,3.5,2.5,7.5,4.8,3.4,7.8,3.3,3.5,2.6,7.1,5.2,6.9,8.9,7.5,7.7,5.8,2.2,6.6,3.3,6.8,4.6,3.9,9.3,4,1,0,Managerial,Business Analyst
7.72,5.8,4.3,5.7,5.9,5.2,3.9,4.8,6.2,8.2,5.5,5.2,9.3,8.5,5.3,5.9,7.0,6.0,5.3,5.2,10.0,5.4,7.5,2.1,6.3,3,1,0,Technical,Cybersecurity Analyst
6.21,8.1,6.3,5.4,7.4,4.2,9.5,8.2,4.8,2.9,3.6,4.3,10.0,9.0,10.0,8.1,10.0,7.6,0.7,9.3,3.4,6.7,7.1,2.3,6.8,2,5,1,Analytical,Data Scientist
7.93,4.1,0.5,1.3,1.0,9.0,2.2,1.9,3.9,1.2,0.7,9.4,5.2,8.2,4.7,9.6,7.2,2.9,7.2,3.8,2.0,2.0,7.3,9.1,6.7,1,4,1,Creative,UI/UX Developer
8.26,6.4,4.0,4.3,6.1,1.6,7.6,7.7,5.5,2.9,5.3,3.6,8.1,9.6,6.9,9.5,5.3,9.6,3.9,10.0,2.2,5.0,3.7,3.9,6.9,2,2,0,Analytical,Data Scientist
7.45,7.4,6.1,5.2,6.6,7.3,3.7,3.8,8.6,7.7,9.6,3.8,8.9,8.2,5.0,6.5,8.3,3.8,6.1,3.5,6.8,9.1,6.3,3.1,5.9,2,2,0,Technical,DevOps Engineer
6.89,6.8,6.4,7.0,5.4,4.5,3.2,2.0,7.7,9.8,7.7,4.0,8.7,9.6,6.7,7.4,6.4,4.5,5.7,5.7,7.0,7.4,4.7,1.9,3.1,3,3,1,Technical,Cybersecurity Analyst
7.34,6.8,8.3,6.6,7.9,4.9,4.6,3.7,3.8,4.2,4.0,4.0,7.4,9.5,7.2,5.2,6.3,4.8,7.4,4.0,2.9,6.2,9.8,5.4,4.3,1,1,0,Creative,Software Developer
8.47,2.8,1.9,0.3,3.5,7.5,1.3,4.4,5.2,1.8,1.4,9.2,5.5,7.6,4.8,8.4,7.1,3.7,8.2,2.9,2.3,3.7,5.0,10.0,5.6,2,3,1,Creative,UI/UX Developer
7.95,5.8,6.6,4.5,6.0,4.4,6.1,1.2,8.4,6.0,9.0,2.7,8.2,7.5,8.5,7.4,6.8,5.3,5.7,7.0,8.0,9.8,6.2,2.3,6.5,4,7,0,Technical,Cloud Engineer
8.69,9.4,5.0,8.2,9.3,2.7,10.0,7.5,7.4,3.0,7.1,3.7,8.2,8.5,8.3,4.7,7.5,10.0,2.6,9.2,3.9,5.7,9.7,4.3,6.4,1,2,1,Technical,Machine Learning Engineer
7.59,7.9,2.9,1.4,8.6,1.3,2.6,9.1,4.5,3.5,4.0,5.7,9.4,8.0,7.1,9.0,8.5,5.0,1.7,7.5,2.9,4.5,4.7,6.0,7.0,2,4,0,Analytical,Data Analyst
7.26,7.7,7.2,3.2,5.7,6.6,4.3,2.1,8.7,5.3,8.3,4.4,10.0,7.9,5.4,4.5,8.6,2.2,8.5,4.3,5.8,8.5,7.1,3.6,4.5,1,2,0,Technical,DevOps Engineer
7.78,10.0,4.6,4.8,9.4,2.8,10.0,8.5,6.2,3.4,3.2,3.6,7.6,8.7,7.3,6.4,6.5,8.3,4.6,10.0,2.9,7.0,5.4,4.7,4.9,2,3,1,Analytical,Data Scientist
9.2,4.2,1.4,0.0,3.9,9.4,2.5,3.5,0.9,0.3,2.8,9.6,7.3,6.9,5.3,9.3,9.1,0.3,7.6,2.8,2.5,2.7,5.3,7.7,7.6,1,1,1,Creative,UI/UX Developer
6.71,6.2,8.7,7.2,6.0,6.3,1.4,4.3,4.9,3.9,5.6,5.8,8.4,8.3,5.7,3.9,7.1,2.6,3.2,3.6,4.3,5.8,10.0,5.0,5.0,1,3,0,Managerial,Software Developer
7.13,10.0,5.5,8.0,6.6,4.3,9.5,7.0,8.3,3.5,5.9,1.7,9.6,9.3,7.4,6.7,7.5,9.1,4.4,8.5,3.3,5.4,7.7,0.7,6.6,0,1,1,Technical,Machine Learning Engineer
7.73,6.5,8.7,6.4,8.0,5.7,4.3,6.4,6.7,9.1,5.9,1.2,9.7,7.8,7.2,7.0,7.7,4.5,4.7,5.5,9.9,5.3,5.9,3.9,7.7,2,2,1,Technical,Cybersecurity Analyst
7.86,8.8,4.5,8.8,7.3,3.5,10.0,5.7,7.1,3.7,6.8,2.4,9.9,9.4,9.5,5.5,8.2,8.9,2.4,10.0,4.4,8.6,7.5,4.1,6.4,1,4,0,Technical,Machine Learning Engineer
8.34,4.5,6.6,4.8,6.4,6.2,3.3,4.7,8.2,4.8,8.8,5.2,6.2,6.8,6.0,5.7,9.7,4.1,5.9,2.4,5.0,9.2,6.5,0.4,5.5,4,1,0,Creative,DevOps Engineer
6.95,5.9,2.0,1.4,7.4,3.1,4.2,10.0,2.7,3.3,3.3,6.6,9.5,7.0,6.0,7.8,5.3,5.7,3.2,8.8,1.5,2.9,4.0,3.9,8.0,2,4,0,Analytical,Data Analyst
6.0,10.0,5.0,8.5,7.5,4.2,10.0,7.3,6.5,4.1,4.4,3.5,6.5,9.7,7.6,7.0,8.6,9.6,1.9,8.1,3.7,8.0,7.4,4.7,5.5,0,5,0,Technical,AI Engineer
7.05,7.5,5.7,4.7,8.8,4.7,2.7,3.0,8.8,6.6,8.5,2.4,8.3,5.4,5.0,7.5,8.1,6.3,5.3,4.8,6.1,10.0,5.6,3.3,6.5,3,0,0,Technical,Cloud Engineer
8.32,9.3,5.4,6.7,6.9,3.9,8.7,6.0,5.4,4.1,6.0,2.4,10.0,10.0,7.7,8.1,6.8,10.0,4.0,7.8,4.4,5.5,7.3,3.0,4.6,1,4,0,Technical,Machine Learning Engineer
7.55,8.8,5.1,4.3,4.6,4.6,3.3,2.8,8.5,5.6,10.0,2.5,8.8,6.9,6.9,6.3,8.3,3.9,6.4,5.0,6.2,10.0,6.7,2.5,6.2,2,3,1,Technical,DevOps Engineer
8.07,3.0,3.9,4.3,7.9,2.7,5.3,7.7,3.1,3.3,4.3,8.1,7.3,8.1,7.1,8.5,9.3,5.1,3.9,7.0,3.1,3.3,2.3,6.0,10.0,0,4,0,Managerial,Business Analyst
7.86,5.5,2.8,2.3,8.8,2.2,3.3,10.0,5.0,1.7,4.1,6.0,6.2,7.4,9.0,6.3,5.9,5.7,4.4,9.2,1.5,2.1,3.7,3.4,7.6,3,2,1,Analytical,Data Analyst
7.4,5.3,4.0,2.3,5.1,3.2,3.4,10.0,5.3,2.8,2.9,6.5,7.7,7.6,7.7,8.1,8.0,5.3,3.9,7.7,3.9,3.7,4.5,6.7,10.0,2,4,1,Managerial,Business Analyst
6.0,5.2,2.0,1.8,7.5,2.1,4.1,9.7,3.6,3.2,1.9,3.6,10.0,6.8,6.1,6.1,8.7,4.6,2.7,9.3,3.1,3.8,6.6,5.1,9.2,3,3,1,Analytical,Data Analyst
7.34,5.5,1.9,1.0,9.0,2.9,5.0,7.5,4.7,3.7,0.7,6.4,8.7,7.2,7.7,10.0,8.2,4.4,3.7,8.1,3.7,5.0,2.8,4.8,9.5,1,2,1,Managerial,Business Analyst
7.78,10.0,5.7,7.1,7.1,5.4,7.0,8.1,7.0,2.7,5.3,3.8,9.1,8.8,8.7,7.1,5.2,10.0,3.6,8.6,5.8,8.2,7.8,3.4,5.0,1,2,1,Technical,AI Engineer
7.2,9.4,4.4,6.8,6.2,5.0,6.5,8.6,6.7,4.5,5.2,2.9,8.5,8.8,8.5,6.0,6.9,10.0,5.6,8.8,5.1,4.9,8.4,3.2,4.6,6,1,0,Technical,Machine Learning Engineer
8.13,9.6,4.4,5.0,7.2,5.1,8.2,6.2,5.1,3.6,4.1,1.9,8.7,8.6,7.9,8.1,6.9,6.4,3.8,9.2,4.7,4.0,4.7,5.2,6.0,1,2,1,Analytical,Data Scientist
6.68,4.0,1.9,2.5,3.9,8.7,1.0,4.4,2.6,2.2,3.9,9.1,6.9,7.5,5.8,9.8,8.0,2.8,8.8,4.7,2.2,1.9,4.7,7.3,7.3,3,2,0,Creative,UI/UX Developer
7.36,6.4,5.6,7.3,7.5,2.8,7.0,7.6,3.8,1.6,4.0,2.3,6.9,8.7,8.3,7.9,6.6,8.3,3.9,8.4,3.8,4.5,4.1,2.8,5.2,1,2,1,Analytical,Data Scientist
7.07,6.9,1.8,3.1,8.9,3.7,3.9,9.8,2.8,0.9,2.8,4.0,8.8,7.0,6.3,6.7,8.3,2.2,1.9,10.0,1.6,4.8,4.5,4.8,6.2,1,5,1,Analytical,Data Analyst
9.13,8.3,7.1,6.3,6.1,5.7,2.9,3.6,10.0,5.7,10.0,2.5,9.7,9.3,6.5,7.3,6.8,4.6,7.5,5.5,6.1,10.0,6.7,2.5,4.8,1,2,0,Technical,DevOps Engineer
7.25,7.8,6.0,3.7,9.1,0.8,7.2,8.2,3.3,3.7,4.3,2.9,8.5,9.4,6.7,6.1,6.6,8.5,2.9,10.0,3.5,5.8,3.5,4.2,6.7,5,3,0,Analytical,Data Scientist
7.25,5.4,6.6,5.2,5.1,6.9,4.5,3.8,8.3,4.7,6.4,2.4,7.8,8.4,7.5,5.8,7.5,5.1,6.8,4.3,7.0,10.0,8.1,2.9,5.3,1,1,0,Technical,Cloud Engineer
8.8,8.7,6.7,5.7,6.3,8.6,3.2,5.1,8.2,5.7,8.5,4.8,8.3,10.0,4.8,5.7,7.8,1.8,7.3,4.2,5.6,9.3,4.9,2.5,5.8,0,0,0,Technical,DevOps Engineer
7.45,5.4,1.8,2.4,6.7,3.3,3.1,9.7,5.1,3.4,3.3,6.4,7.4,8.8,7.6,9.7,8.2,1.7,3.8,8.8,3.2,3.0,2.9,5.1,7.5,1,0,1,Creative,Business Analyst
7.27,8.2,6.5,3.8,7.5,5.3,2.6,2.9,7.3,7.6,10.0,4.7,8.6,8.1,4.2,7.1,7.3,3.3,6.3,4.3,5.7,8.0,7.3,3.5,5.4,2,4,1,Technical,DevOps Engineer
8.47,7.0,8.2,5.9,6.1,5.4,4.4,5.4,7.6,7.8,10.0,3.3,9.4,9.1,5.4,7.4,7.9,2.8,5.6,2.2,4.6,7.9,8.2,1.6,3.7,3,1,0,Analytical,DevOps Engineer
8.12,6.8,5.6,5.8,4.7,5.4,5.2,4.6,6.0,9.3,6.1,3.7,9.2,7.5,5.5,7.2,8.4,6.0,2.9,5.6,9.6,4.4,6.8,4.2,5.7,0,1,1,Technical,Cybersecurity Analyst
7.38,3.6,2.7,2.3,4.8,7.2,0.6,2.5,1.9,2.7,1.7,10.0,6.7,4.8,6.6,7.2,9.3,3.8,9.5,2.0,1.9,2.6,7.1,8.8,7.3,0,4,1,Creative,UI/UX Developer
8.2,4.9,2.9,0.7,4.9,8.1,2.6,1.8,3.6,3.1,2.4,9.9,6.7,6.2,6.0,8.3,8.1,4.2,8.7,4.2,2.2,3.5,5.4,8.8,5.7,1,3,1,Analytical,UI/UX Developer
8.25,9.4,4.1,8.4,7.7,2.3,7.9,7.5,8.4,4.3,5.4,6.5,9.9,7.7,8.2,5.9,6.1,10.0,3.9,9.5,3.4,6.1,6.8,3.0,4.1,0,1,1,Technical,Machine Learning Engineer
7.87,6.4,8.5,8.2,6.0,4.5,4.5,4.0,7.1,4.1,5.2,2.9,7.5,6.8,5.5,7.3,6.7,3.5,5.2,3.6,5.2,5.2,7.7,5.1,5.9,5,2,1,Technical,Software Developer
6.63,8.3,4.7,7.2,6.3,6.2,8.2,9.5,7.6,2.3,5.1,2.5,9.0,10.0,9.9,5.9,8.3,8.4,3.0,9.2,5.1,7.9,7.5,3.4,3.7,0,0,0,Technical,AI Engineer
8.73,7.7,2.2,1.0,7.8,2.0,4.2,8.1,5.3,1.5,3.6,5.6,6.0,8.3,5.6,7.1,8.2,5.1,2.6,7.5,3.1,4.5,3.1,3.9,9.1,1,2,1,Creative,Data Analyst
7.46,7.0,4.9,2.8,7.8,10.0,3.3,2.4,2.9,2.1,6.0,6.7,8.4,7.5,6.4,8.3,7.1,4.9,8.8,2.7,4.9,5.7,8.5,6.8,4.6,0,2,0,Creative,Web Developer
9.0,7.4,4.4,6.3,5.6,5.8,10.0,7.8,7.6,4.6,5.3,3.8,7.6,7.9,8.9,5.8,5.6,8.7,5.3,9.7,4.0,7.6,6.9,1.2,4.0,1,0,0,Technical,AI Engineer
6.02,5.6,5.2,5.8,6.5,4.2,3.6,4.8,6.3,9.4,7.0,1.7,10.0,8.6,8.4,6.6,6.0,4.6,7.8,3.5,10.0,6.7,6.4,1.2,5.5,1,2,0,Technical,Cybersecurity Analyst
8.66,6.3,5.3,1.5,8.1,6.3,4.3,4.0,7.7,5.7,6.9,4.5,5.7,8.1,6.5,8.3,6.2,2.6,9.3,5.5,5.2,10.0,4.8,3.1,7.5,2,3,0,Technical,Cloud Engineer
9.9,7.9,6.8,6.9,7.2,5.9,2.8,4.5,9.3,7.0,10.0,1.6,9.0,8.7,8.2,6.9,8.4,2.6,4.8,3.7,6.5,8.3,7.6,3.6,3.7,2,3,0,Technical,DevOps Engineer
6.71,3.9,3.9,2.7,4.7,10.0,1.3,2.6,2.8,1.7,3.3,8.3,7.1,5.8,5.8,8.4,9.9,4.0,7.6,4.4,0.7,2.1,5.4,10.0,6.3,1,2,1,Creative,UI/UX Developer
7.73,10.0,6.6,5.0,7.3,7.0,1.4,4.7,8.6,5.7,8.1,2.8,8.5,9.8,4.0,5.6,8.2,3.8,6.6,3.5,6.8,6.8,9.3,3.5,5.5,1,2,0,Technical,DevOps Engineer
7.94,5.3,5.2,5.9,6.8,2.9,4.4,6.4,5.4,8.8,5.1,2.9,7.3,7.2,6.8,7.4,7.2,4.0,5.7,5.3,8.2,3.6,6.6,2.2,3.8,3,2,0,Technical,Cybersecurity Analyst
8.25,7.6,7.4,2.5,6.2,5.0,4.6,3.2,7.4,6.5,8.4,3.2,9.7,7.6,7.6,7.2,8.7,3.6,7.0,3.9,7.1,9.3,7.3,4.5,3.4,2,3,1,Technical,DevOps Engineer
8.46,9.1,3.8,8.5,6.0,5.3,9.2,6.2,7.1,3.5,4.4,3.9,10.0,7.9,6.1,9.2,5.2,10.0,5.5,8.1,3.3,8.3,7.7,5.5,5.6,2,2,0,Technical,AI Engineer
8.15,6.9,4.3,1.2,8.7,5.1,4.5,7.5,6.4,1.2,1.9,3.9,8.8,8.9,9.4,8.0,6.4,4.4,3.0,9.5,3.4,2.6,2.8,4.7,8.4,0,3,0,Analytical,Data Analyst
7.31,4.8,3.3,2.7,9.6,3.2,3.2,8.1,4.7,3.6,1.7,5.2,7.4,6.6,7.5,7.9,5.3,5.2,3.4,10.0,1.4,2.3,3.5,5.8,7.9,2,2,1,Technical,Data Analyst
6.8,9.5,3.9,7.4,8.2,4.4,10.0,7.8,6.3,3.6,5.0,2.6,8.7,8.7,8.8,4.9,5.7,10.0,1.8,9.2,3.1,6.7,9.2,2.9,5.7,0,1,1,Technical,Machine Learning Engineer
8.49,7.6,6.8,5.0,6.8,6.6,2.8,4.6,10.0,4.5,7.0,4.4,9.5,10.0,6.4,8.9,10.0,5.3,7.1,4.8,6.7,8.9,7.5,5.5,4.2,1,3,1,Technical,DevOps Engineer
7.73,4.7,3.6,1.0,4.4,9.4,3.1,3.9,4.0,2.9,2.8,8.9,6.6,7.0,5.0,9.7,8.1,2.6,10.0,4.3,1.7,1.5,6.8,8.8,5.3,4,4,1,Technical,UI/UX Developer
7.58,7.2,5.4,8.4,3.9,3.8,3.7,5.3,6.0,7.4,6.7,4.4,6.8,8.9,8.2,7.5,8.2,4.1,4.0,6.4,9.9,6.7,6.3,0.9,4.3,2,3,0,Technical,Cybersecurity Analyst
8.8,5.0,3.8,2.2,6.8,7.4,2.6,5.4,5.1,6.3,3.3,6.2,5.7,5.1,6.1,6.3,5.6,3.6,9.5,3.9,3.8,5.6,7.0,6.9,6.4,1,1,1,Technical,Web Developer
7.98,8.9,6.0,7.6,7.8,5.9,2.0,3.3,4.6,3.2,4.8,5.7,7.3,8.0,7.5,6.3,5.5,3.9,5.9,5.1,2.9,6.1,8.9,2.8,2.6,0,1,1,Technical,Software Developer
8.02,8.4,8.0,9.1,6.2,9.0,3.7,3.1,3.8,4.5,4.8,4.8,8.5,8.4,6.1,4.8,6.5,4.9,6.2,2.6,4.2,5.4,8.0,4.2,4.1,4,5,1,Technical,Software Developer
6.43,4.2,1.0,2.5,5.4,8.5,0.8,3.3,0.7,3.6,5.6,9.7,5.1,6.1,6.7,8.6,10.0,1.5,7.6,3.3,0.6,1.8,8.8,10.0,6.7,3,0,1,Creative,UI/UX Developer
7.88,6.2,3.1,1.8,10.0,4.4,4.7,7.9,3.5,2.7,3.1,6.4,8.1,7.6,9.3,6.8,9.4,5.8,6.6,8.7,3.8,4.1,3.8,5.3,8.1,1,2,1,Analytical,Data Analyst
9.04,5.8,4.4,2.6,9.3,10.0,2.4,3.1,5.8,2.0,2.6,6.4,7.9,9.2,4.6,9.2,7.4,4.5,8.9,3.4,6.0,4.4,7.0,8.7,6.1,4,3,0,Creative,Web Developer
8.22,3.9,2.4,3.8,4.6,8.2,2.7,3.5,3.8,1.4,2.5,8.8,6.1,6.2,6.8,9.7,6.7,1.3,8.6,2.6,0.8,5.5,5.0,8.2,5.1,2,4,0,Analytical,UI/UX Developer
8.26,6.9,6.8,4.7,6.7,5.4,1.9,4.7,9.6,6.4,8.7,2.7,7.0,7.7,7.5,6.3,8.2,4.7,5.7,5.9,6.2,9.9,7.9,4.9,4.7,2,1,1,Creative,Cloud Engineer
8.16,9.3,6.1,8.2,7.5,1.5,9.2,8.2,5.3,1.5,7.0,1.6,10.0,9.3,10.0,6.5,7.8,9.6,5.1,6.3,4.5,7.2,7.3,2.5,4.7,2,4,1,Managerial,Machine Learning Engineer
6.31,6.9,4.7,3.4,9.0,10.0,2.1,2.6,2.9,4.5,6.4,8.9,7.1,9.4,7.4,8.6,8.1,4.0,10.0,4.3,3.5,4.6,8.3,7.3,4.4,0,2,1,Technical,Web Developer
7.89,10.0,4.4,6.7,6.4,4.4,8.9,8.7,6.7,3.5,6.0,4.2,10.0,10.0,9.3,6.4,6.9,8.8,4.2,8.4,4.7,4.8,6.5,5.1,3.8,2,2,0,Technical,AI Engineer
7.96,8.6,3.3,3.7,9.2,2.7,4.4,10.0,5.4,3.7,1.9,2.9,7.1,7.7,6.8,8.0,7.0,3.1,3.5,9.5,3.5,4.2,4.9,4.1,8.4,4,2,1,Technical,Data Analyst
7.82,5.6,5.3,4.2,6.5,3.9,3.3,4.8,8.7,7.6,8.2,3.8,7.1,7.5,5.7,7.3,7.5,3.2,5.6,7.1,4.2,8.3,7.6,3.0,6.7,2,0,1,Technical,Cloud Engineer
8.11,6.2,4.2,6.8,7.4,5.7,4.1,4.6,5.9,10.0,5.4,1.9,9.0,7.4,7.1,6.4,6.3,4.2,5.8,5.2,9.8,7.3,6.7,2.3,5.6,4,2,0,Technical,Cybersecurity Analyst
7.79,3.9,2.0,1.5,6.1,9.0,0.5,4.1,2.4,3.2,3.9,8.1,5.8,6.7,6.6,9.3,8.9,4.8,7.7,5.9,1.0,2.4,6.5,9.0,7.0,1,0,0,Creative,UI/UX Developer
7.26,3.7,2.7,0.7,3.1,9.4,2.3,4.5,3.1,2.2,3.7,7.8,6.5,7.0,5.0,9.9,7.2,2.5,8.8,3.5,3.4,3.2,6.9,9.4,5.2,2,5,1,Creative,UI/UX Developer
7.83,5.4,1.5,2.6,10.0,1.8,1.0,6.0,6.0,1.1,2.4,6.9,8.4,7.5,7.2,9.9,8.6,4.1,3.9,9.7,2.5,3.8,4.3,5.6,9.6,2,3,1,Managerial,Business Analyst
8.91,9.8,3.2,1.3,7.9,2.7,5.0,8.5,3.9,0.9,2.5,4.5,8.0,5.9,7.1,7.8,7.7,6.5,2.9,8.2,2.1,3.2,3.2,4.7,7.4,1,1,1,Analytical,Data Analyst
7.28,7.2,2.4,0.8,7.2,4.7,5.5,10.0,4.6,1.5,4.5,5.0,8.2,7.5,4.3,9.8,8.0,5.4,2.9,9.7,1.3,4.7,2.6,5.2,8.6,0,2,0,Analytical,Data Analyst
6.1,7.7,5.7,8.3,6.7,6.6,7.3,1.7,6.9,3.7,5.3,3.9,7.5,7.9,7.4,4.8,7.8,3.5,4.8,3.5,5.4,4.4,9.4,3.2,4.8,3,0,0,Analytical,Software Developer
7.53,9.1,3.9,3.9,5.4,6.5,3.5,2.8,8.3,6.0,8.6,1.4,9.9,8.3,7.2,7.4,8.4,2.3,7.6,6.4,7.1,10.0,5.4,2.0,5.4,1,2,1,Technical,Cloud Engineer
8.27,3.3,2.2,0.3,3.6,6.6,3.1,2.1,1.8,1.7,2.4,10.0,7.8,6.7,6.7,9.0,8.5,2.5,7.8,5.9,2.5,2.7,5.6,9.7,6.4,6,1,1,Creative,UI/UX Developer
6.44,10.0,6.7,7.2,7.4,4.3,9.8,8.3,7.6,4.3,7.3,3.4,9.8,8.2,6.4,6.4,9.0,10.0,4.8,7.4,4.0,5.3,7.5,2.7,5.5,3,1,0,Technical,Machine Learning Engineer
6.0,7.0,5.6,3.8,8.2,5.8,3.5,6.3,9.3,6.1,8.5,0.0,8.6,7.5,4.9,7.0,7.8,6.4,4.9,5.2,6.9,9.7,6.7,3.2,4.1,4,2,0,Managerial,Cloud Engineer
8.04,10.0,3.6,7.6,5.4,5.2,6.6,8.4,7.8,3.0,6.1,2.5,9.5,9.9,7.9,5.6,8.2,10.0,4.5,8.6,3.6,7.2,7.9,3.3,6.5,3,4,0,Technical,AI Engineer
9.14,8.0,5.8,3.4,6.8,6.8,1.5,3.7,9.3,8.1,8.0,2.7,8.3,9.1,6.7,6.2,8.4,5.5,7.8,5.3,6.1,8.9,5.8,1.7,5.8,2,1,0,Creative,Cloud Engineer
6.92,8.0,5.8,2.9,7.3,6.8,3.2,6.0,9.1,5.5,7.7,0.4,7.3,8.8,6.3,6.6,8.2,4.3,7.7,4.8,6.4,8.2,8.0,3.2,4.4,3,3,0,Technical,DevOps Engineer
7.87,6.3,2.4,3.4,6.6,10.0,2.1,2.8,6.3,2.9,4.4,6.5,7.0,9.9,4.7,7.2,8.9,3.8,9.9,2.9,3.9,4.7,7.8,9.3,4.3,5,2,1,Creative,Web Developer
8.8,5.5,4.6,5.9,7.1,4.5,3.4,5.7,7.8,8.9,4.9,4.1,8.3,9.0,6.5,6.6,6.5,5.4,6.3,4.4,9.1,7.9,8.1,3.1,5.4,3,1,1,Technical,Cybersecurity Analyst
8.17,4.9,1.9,4.7,7.0,8.6,1.6,3.6,4.8,5.9,4.5,7.2,8.3,8.7,4.7,8.1,9.3,5.6,8.1,3.5,2.8,5.9,8.2,9.3,5.6,1,1,1,Creative,Web Developer
7.36,7.4,4.8,4.7,7.0,5.1,2.1,3.3,7.5,8.9,6.1,1.6,8.0,6.0,5.2,7.1,7.7,5.0,6.8,5.0,5.7,10.0,8.0,3.7,4.5,3,3,0,Analytical,Cloud Engineer
7.93,7.1,5.7,2.1,7.4,9.0,2.4,5.0,4.7,3.4,4.1,7.3,6.7,7.0,5.0,6.6,7.2,4.4,7.3,2.7,3.9,6.3,7.7,7.8,4.9,2,4,0,Creative,Web Developer
8.36,6.5,6.2,5.1,3.6,4.1,3.9,5.1,3.3,9.1,5.5,4.2,8.8,8.9,7.5,8.9,7.5,6.0,3.1,6.9,8.8,5.7,6.3,2.3,4.7,1,3,0,Technical,Cybersecurity Analyst
8.05,9.7,4.6,2.8,6.9,2.9,9.9,7.8,5.3,4.7,4.5,2.4,6.5,8.6,10.0,9.0,7.4,9.4,3.9,7.2,3.2,6.4,7.3,4.6,5.5,2,3,1,Analytical,Data Scientist
6.24,3.3,2.5,1.3,2.0,9.1,2.0,3.1,2.8,1.6,2.1,10.0,8.0,7.1,3.9,7.2,10.0,2.6,8.4,2.7,2.3,3.8,5.3,9.4,5.1,2,5,0,Creative,UI/UX Developer
7.28,7.9,2.2,4.5,7.7,4.1,5.4,9.3,3.3,1.8,0.6,5.2,8.4,7.6,4.2,6.6,6.7,5.3,3.3,9.3,2.7,2.9,4.7,5.5,8.4,3,2,1,Analytical,Data Analyst
7.7,6.8,4.5,5.0,7.0,3.3,3.4,5.1,6.0,10.0,7.1,2.6,8.1,7.1,9.8,6.5,6.1,4.9,4.1,5.8,9.8,5.0,7.1,3.5,5.1,1,3,1,Technical,Cybersecurity Analyst
8.16,4.5,0.0,1.2,6.8,4.4,3.3,7.5,4.2,3.2,2.9,7.5,7.2,7.5,6.8,8.0,9.6,4.8,4.5,7.6,3.5,5.3,3.4,6.1,10.0,4,3,0,Managerial,Business Analyst
7.24,8.4,7.2,5.5,6.0,6.8,2.6,5.0,7.8,6.3,8.2,2.9,10.0,10.0,8.3,6.3,10.0,5.3,7.6,4.3,4.8,7.8,6.5,2.8,4.5,2,2,1,Technical,DevOps Engineer
6.98,5.9,4.8,3.8,8.9,4.5,1.7,5.0,9.5,8.9,8.0,0.5,7.5,7.5,5.1,6.4,7.3,4.4,4.5,5.7,8.3,9.8,7.7,3.2,4.3,1,3,1,Technical,Cloud Engineer
6.94,9.8,6.1,5.8,6.8,4.6,9.3,8.4,5.2,2.6,6.3,2.7,9.2,7.8,9.6,5.2,7.3,8.6,3.7,6.9,3.3,7.2,8.9,2.9,3.7,2,2,0,Technical,Machine Learning Engineer
7.29,6.9,3.9,3.7,7.3,6.5,2.7,4.1,8.9,4.1,7.5,3.0,9.8,9.4,7.9,8.6,8.6,3.9,5.3,4.9,5.2,10.0,6.3,3.6,6.9,1,1,1,Technical,Cloud Engineer
7.79,8.0,5.6,4.4,4.8,5.4,3.9,4.7,8.8,7.7,10.0,3.0,10.0,7.2,7.9,6.2,8.7,5.1,5.4,3.5,7.5,7.9,7.9,1.2,3.8,1,2,0,Technical,DevOps Engineer
7.78,7.3,7.2,7.1,5.8,4.6,4.2,7.3,5.0,9.4,7.5,3.2,8.4,6.6,8.7,6.5,6.0,4.8,6.6,5.4,9.1,6.8,6.1,2.0,5.1,1,1,0,Technical,Cybersecurity Analyst
6.79,4.4,2.4,1.4,8.4,3.4,3.1,7.3,2.2,4.3,2.0,6.1,10.0,7.3,6.8,7.5,9.9,5.4,2.6,9.2,2.0,3.8,4.5,6.6,7.6,4,1,0,Managerial,Business Analyst
8.27,4.5,2.9,1.3,9.8,2.5,3.9,8.4,4.6,1.2,3.7,6.6,6.5,5.9,5.6,9.6,10.0,5.3,3.7,7.3,2.9,5.6,5.2,7.2,9.2,1,5,1,Managerial,Business Analyst
6.32,5.8,4.7,4.7,6.9,9.8,2.9,2.0,3.6,5.3,4.0,7.9,6.4,8.8,6.3,7.2,8.7,4.3,8.7,3.5,4.7,6.2,7.9,10.0,4.2,1,1,1,Creative,Web Developer
7.61,8.5,4.2,7.5,7.4,5.0,9.6,6.1,6.4,5.3,4.7,2.6,9.7,7.0,7.9,7.9,5.3,8.7,4.7,6.8,4.9,7.3,7.2,1.4,5.0,2,5,1,Technical,AI Engineer
8.78,4.7,1.4,2.6,4.8,8.5,1.8,4.5,2.2,1.5,3.3,10.0,6.2,8.5,1.3,7.9,8.0,3.5,8.6,5.3,0.1,3.5,6.5,10.0,5.6,0,7,1,Creative,UI/UX Developer
7.7,7.8,3.4,0.0,6.8,2.1,4.4,8.2,4.7,3.3,4.5,5.4,9.2,6.9,7.3,6.7,8.8,7.2,2.6,7.1,0.9,3.3,2.5,3.9,8.2,2,0,1,Analytical,Data Analyst
7.9,9.2,3.8,2.6,7.5,1.8,8.0,7.4,5.8,3.7,1.1,4.1,6.0,8.5,10.0,7.1,7.3,9.3,3.9,9.9,3.5,4.2,5.7,5.6,7.5,1,1,1,Creative,Data Scientist
6.42,8.2,6.0,4.0,5.2,4.9,0.4,5.1,9.5,6.4,6.8,3.0,8.2,8.0,5.6,7.0,6.0,5.1,6.5,6.9,5.3,9.0,6.3,1.9,4.4,1,7,0,Technical,Cloud Engineer
8.45,9.1,4.8,7.1,6.8,5.4,8.0,7.6,5.6,2.0,6.4,2.0,9.3,9.3,8.7,7.1,4.4,10.0,3.9,9.3,2.4,5.1,8.1,3.8,3.6,5,2,1,Creative,Machine Learning Engineer
7.77,8.1,5.3,5.7,6.6,4.6,5.4,3.2,7.4,9.3,5.8,2.4,8.9,8.4,8.1,5.0,6.4,3.6,3.4,5.3,10.0,6.9,5.6,3.4,5.6,3,5,1,Creative,Cybersecurity Analyst
6.79,10.0,6.3,7.2,5.0,5.9,9.4,9.6,5.4,4.3,7.6,4.0,6.6,6.7,10.0,6.3,7.5,8.1,3.4,9.0,4.3,6.5,8.4,3.4,6.1,0,7,0,Technical,AI Engineer
6.27,5.9,7.0,5.0,7.2,5.6,1.1,3.7,9.0,5.1,5.7,4.1,7.1,8.6,8.0,6.4,7.4,5.3,5.7,5.2,7.4,7.6,8.4,3.4,5.8,3,5,0,Creative,Cloud Engineer
7.67,7.9,6.8,9.8,6.8,6.1,3.8,3.1,5.2,3.2,6.7,2.8,8.1,8.9,7.4,5.9,6.0,3.4,6.6,3.8,4.9,5.5,6.5,4.3,6.5,3,4,0,Technical,Software Developer
8.44,8.6,6.2,7.3,7.1,0.3,8.1,6.3,7.2,3.6,5.3,3.3,7.4,7.9,7.7,7.1,8.5,8.9,5.5,8.6,3.8,6.4,7.3,3.5,5.8,3,4,0,Technical,Machine Learning Engineer
8.6,3.1,3.5,1.6,7.5,2.3,4.3,8.6,4.9,2.5,2.0,6.9,9.1,6.0,7.4,9.3,9.0,5.2,0.8,9.9,5.6,4.8,4.6,5.2,10.0,0,1,0,Managerial,Business Analyst
9.15,9.4,4.0,7.0,6.8,3.0,7.3,10.0,6.4,5.5,7.8,2.6,9.2,9.2,10.0,7.4,6.1,9.9,4.9,7.2,4.0,8.0,6.6,2.2,6.3,0,2,1,Creative,Machine Learning Engineer
8.02,8.8,3.2,8.6,7.1,3.1,7.2,6.8,4.7,5.4,8.7,4.3,7.2,9.6,10.0,5.6,6.9,10.0,4.4,9.2,2.7,4.9,8.0,2.5,4.3,2,5,0,Managerial,Machine Learning Engineer
8.38,5.5,7.5,5.6,8.8,5.8,2.7,3.1,10.0,6.5,5.9,2.2,8.6,7.3,5.0,7.6,9.4,4.9,6.0,7.7,5.6,9.3,6.1,1.9,4.7,1,5,0,Creative,Cloud Engineer
7.07,8.9,3.9,7.1,6.8,5.1,10.0,7.8,7.5,3.8,6.0,3.6,10.0,9.5,7.7,7.3,6.1,8.8,4.1,8.5,4.4,6.3,5.8,3.4,4.9,4,7,1,Analytical,AI Engineer
7.49,8.7,3.0,8.6,4.6,4.6,10.0,9.2,5.5,3.8,6.8,3.1,10.0,6.8,9.2,7.5,5.7,10.0,2.9,9.8,3.6,6.8,6.4,3.1,4.2,2,3,0,Technical,AI Engineer
7.32,9.5,1.4,7.1,6.5,3.5,9.4,7.0,7.0,3.4,7.1,4.1,9.3,9.1,10.0,6.8,6.2,8.2,5.0,9.8,3.1,6.7,7.1,3.4,3.1,2,4,1,Technical,AI Engineer
8.76,8.9,7.8,6.9,6.7,4.5,3.9,5.9,6.0,3.7,3.3,2.4,6.5,8.5,7.1,7.5,5.0,5.4,6.8,3.6,2.7,6.4,8.7,4.0,4.4,1,1,1,Technical,Software Developer
8.77,7.6,4.6,7.2,5.6,5.2,10.0,10.0,9.2,4.9,5.5,4.3,6.8,9.7,9.4,7.1,6.1,10.0,2.9,9.2,4.7,7.5,6.4,2.8,3.4,0,3,0,Technical,AI Engineer
7.38,6.0,6.4,3.6,7.1,9.1,3.2,2.8,10.0,6.9,7.9,2.6,6.8,7.6,5.6,6.2,8.1,5.6,5.8,5.6,8.8,8.6,4.7,3.9,4.7,2,1,0,Technical,Cloud Engineer
8.24,7.2,9.4,6.6,6.7,5.3,2.7,2.3,4.8,3.8,5.6,4.2,6.7,9.7,7.2,6.7,7.0,3.4,6.2,4.5,2.1,4.4,8.7,4.3,5.3,2,1,0,Technical,Software Developer
8.38,9.0,7.5,8.6,6.6,4.9,9.3,5.9,7.4,5.3,5.9,4.3,9.6,9.7,7.8,7.4,8.9,9.5,3.7,8.9,5.0,8.3,7.4,4.1,7.1,1,4,0,Creative,AI Engineer
7.0,8.4,1.6,4.4,8.4,2.5,9.4,7.5,6.4,3.3,2.4,3.6,8.7,8.8,10.0,8.8,6.7,9.1,4.8,7.9,2.3,3.2,4.3,4.2,4.7,1,1,1,Analytical,Data Scientist
9.04,6.2,6.0,4.2,5.5,4.9,2.5,3.0,8.7,7.2,9.9,3.2,7.2,8.9,6.3,7.2,8.8,5.4,3.7,5.3,6.0,9.6,5.3,2.9,4.1,2,5,0,Technical,Cloud Engineer
7.6,4.1,2.1,2.2,4.2,7.8,2.4,3.7,2.4,2.9,2.3,8.4,7.4,6.0,5.6,10.0,9.7,2.9,7.8,4.5,2.3,1.2,6.2,9.3,6.6,0,4,0,Creative,UI/UX Developer
7.18,5.8,6.3,3.9,6.7,8.7,1.6,4.7,6.3,2.5,3.1,7.1,7.3,8.3,4.2,6.7,7.9,3.1,10.0,5.6,3.4,6.0,7.6,7.0,4.2,1,5,1,Technical,Web Developer
8.55,7.8,4.3,6.7,7.3,5.0,7.6,6.0,7.6,5.5,7.4,2.7,8.6,9.6,9.7,7.3,6.6,10.0,4.2,8.2,5.0,8.2,7.9,3.8,4.8,2,2,0,Technical,AI Engineer
8.4,7.0,5.7,7.0,5.2,4.5,3.7,2.9,7.4,6.3,6.9,4.2,8.7,8.5,6.8,4.9,7.2,5.7,5.4,7.2,7.4,10.0,6.8,4.0,5.0,1,1,1,Technical,Cloud Engineer
9.43,6.5,4.4,1.5,9.5,4.0,5.5,9.4,5.5,2.4,4.9,3.2,8.4,7.8,6.5,8.6,5.9,4.3,0.8,10.0,1.7,6.4,4.9,5.5,7.4,2,5,1,Analytical,Data Analyst
8.1,4.5,3.9,0.1,3.6,10.0,2.4,3.2,3.2,2.4,6.6,8.2,5.5,7.0,5.2,10.0,7.5,1.8,6.7,1.7,0.5,4.0,5.7,10.0,5.7,1,2,1,Creative,UI/UX Developer
8.11,7.2,5.2,6.0,5.9,6.1,4.4,2.6,9.6,7.9,8.0,4.0,7.3,9.2,5.2,7.0,8.9,5.8,4.6,4.8,5.8,10.0,6.4,3.2,6.0,1,0,1,Technical,Cloud Engineer
8.62,7.2,5.6,5.4,7.6,8.9,1.4,2.8,2.6,4.3,5.4,7.2,6.4,8.0,5.8,6.7,8.0,5.0,9.1,2.9,3.6,4.6,8.5,8.4,5.5,1,3,1,Creative,Web Developer
7.96,10.0,4.8,8.0,6.7,3.9,8.5,7.3,8.4,3.1,5.8,2.8,10.0,9.4,10.0,4.1,8.0,8.5,3.4,7.8,4.0,7.0,6.7,3.4,4.9,2,3,0,Technical,AI Engineer
8.53,7.6,5.2,4.8,5.1,5.0,5.1,4.5,9.2,6.1,8.5,1.8,9.0,7.8,7.3,6.4,8.8,4.7,8.9,3.3,6.1,8.4,8.3,3.1,3.7,4,2,1,Analytical,DevOps Engineer
8.83,6.5,5.1,7.3,6.8,3.0,10.0,7.5,6.7,4.4,6.4,3.5,8.4,8.8,9.0,9.0,7.1,10.0,4.9,8.0,5.5,5.2,7.8,4.7,5.6,2,1,1,Technical,AI Engineer
7.09,5.7,4.7,7.7,5.9,4.5,6.1,5.8,7.1,9.6,6.5,0.6,8.7,7.8,8.2,6.3,6.4,3.0,5.7,6.6,8.5,5.8,7.1,2.5,5.3,2,2,1,Managerial,Cybersecurity Analyst
7.09,8.2,3.4,3.8,8.2,2.5,3.7,8.4,2.5,1.3,1.7,5.8,9.6,7.7,6.8,8.8,7.5,6.1,2.0,8.5,2.8,4.0,5.0,4.1,8.5,1,2,1,Analytical,Data Analyst
7.35,7.9,2.3,3.0,9.8,1.2,5.7,10.0,4.3,2.7,4.1,4.7,8.2,6.1,7.7,8.5,8.1,6.2,2.1,8.9,4.1,3.8,4.2,4.9,7.1,1,1,1,Technical,Data Analyst
7.01,8.0,6.8,5.0,6.0,5.9,3.1,5.6,5.7,9.9,6.4,3.6,8.8,9.5,7.3,7.3,9.2,4.1,5.0,4.5,9.2,6.2,6.3,2.3,5.7,2,3,0,Technical,Cybersecurity Analyst
7.65,6.8,5.2,7.4,7.4,3.8,3.8,6.2,6.1,10.0,6.8,4.4,8.2,9.3,7.8,8.2,7.4,5.7,4.3,4.9,7.9,6.2,5.1,2.9,6.1,0,3,1,Technical,Cybersecurity Analyst
9.5,6.9,4.8,4.9,7.4,2.5,7.3,7.9,5.7,4.5,5.2,2.2,7.6,9.9,8.2,7.4,5.1,9.8,0.9,7.2,4.2,7.1,4.7,3.9,8.0,2,2,0,Analytical,Data Scientist
7.04,10.0,3.6,8.2,6.4,3.1,9.0,6.8,4.4,3.6,7.1,4.3,9.7,10.0,10.0,7.3,7.5,10.0,1.6,8.0,1.5,7.2,6.7,6.3,4.4,0,2,0,Technical,Machine Learning Engineer
8.22,7.5,3.8,5.9,8.2,2.6,9.0,8.3,4.6,3.0,5.4,4.7,8.3,7.2,9.8,8.0,5.2,6.9,4.7,9.4,1.5,6.3,6.3,3.2,6.0,0,4,0,Analytical,Data Scientist
8.36,6.1,5.5,3.5,6.8,5.4,4.1,3.9,9.4,6.7,8.5,3.1,6.7,8.6,7.3,7.1,7.2,5.9,6.6,5.5,6.7,9.0,7.3,2.6,6.2,1,4,1,Technical,Cloud Engineer
8.01,8.0,5.4,7.1,4.9,6.1,3.7,5.0,6.6,9.0,6.9,4.3,9.4,8.6,5.8,7.0,6.9,5.4,4.3,4.0,9.8,7.5,6.2,3.6,3.6,0,3,1,Technical,Cybersecurity Analyst
7.0,6.9,8.0,8.4,6.6,6.0,3.5,4.7,4.9,3.5,5.2,2.2,7.8,5.8,5.2,4.5,8.2,4.0,4.6,4.5,5.1,5.6,8.8,4.3,5.0,1,2,1,Technical,Software Developer
6.55,6.6,9.0,8.2,7.3,6.2,3.7,4.3,4.8,5.3,4.7,3.2,9.3,9.9,5.3,7.2,4.8,5.2,5.0,4.9,3.3,5.4,7.5,3.7,3.9,2,2,1,Technical,Software Developer
7.4,7.6,4.2,4.8,7.0,3.8,7.6,8.4,4.9,4.0,4.0,2.7,8.4,9.6,7.7,7.2,6.6,8.7,2.8,9.4,2.2,4.8,4.8,6.0,7.3,3,2,0,Analytical,Data Scientist
7.22,6.6,4.4,8.0,6.4,6.9,4.4,6.9,7.5,10.0,5.1,0.9,7.0,8.5,6.3,7.7,7.9,4.4,3.3,6.6,8.2,7.7,7.8,2.5,3.8,2,1,0,Technical,Cybersecurity Analyst
6.94,5.7,3.8,1.2,8.9,9.1,3.5,1.1,4.2,3.3,6.1,9.4,6.2,8.2,7.4,6.7,7.1,4.6,7.7,1.3,0.6,5.8,9.5,8.0,6.1,3,2,0,Creative,Web Developer
6.88,5.9,4.6,4.5,7.1,7.2,2.7,4.8,5.1,4.3,2.9,8.5,6.5,6.6,5.2,7.6,7.1,4.7,8.0,3.6,3.0,4.6,9.3,8.2,5.1,0,1,0,Creative,Web Developer
6.82,8.0,4.3,7.4,5.4,6.2,3.9,3.5,6.7,9.8,6.7,2.6,6.3,10.0,7.7,7.1,8.4,3.1,4.6,6.1,10.0,6.0,4.0,3.3,6.5,1,3,0,Technical,Cybersecurity Analyst
7.46,7.2,4.4,6.6,7.3,3.6,8.2,6.3,6.6,2.6,8.0,3.2,9.6,8.7,8.7,5.5,5.7,9.5,4.6,6.4,3.0,8.5,8.0,4.7,4.3,0,2,0,Managerial,Machine Learning Engineer
7.68,8.6,4.6,7.3,6.6,5.1,9.4,7.0,5.7,4.4,5.7,5.3,10.0,9.4,8.2,5.5,7.0,9.7,2.1,8.5,4.1,4.1,6.6,2.6,3.7,2,5,1,Technical,AI Engineer
7.37,6.8,5.9,4.8,6.6,6.1,3.7,8.0,10.0,7.5,8.9,3.5,7.7,8.8,5.1,5.7,7.1,4.9,5.2,5.6,5.0,9.2,4.8,3.2,7.4,2,3,1,Technical,Cloud Engineer
8.04,5.7,8.2,6.8,8.3,6.3,3.5,4.5,3.7,6.1,3.2,4.9,8.7,8.0,7.7,6.2,6.3,4.5,4.9,3.8,3.3,4.6,9.5,3.3,3.8,4,1,1,Technical,Software Developer
8.08,4.2,1.9,3.2,9.1,3.6,3.2,7.6,4.5,0.4,2.9,4.8,8.3,7.8,7.1,9.2,9.5,3.6,4.8,8.1,3.2,4.4,3.4,6.6,9.8,2,2,1,Managerial,Business Analyst
8.44,7.4,5.8,6.3,9.8,5.2,6.9,7.3,7.0,9.0,6.0,2.1,9.0,9.2,5.7,9.9,6.1,1.5,4.9,3.7,9.4,6.6,6.5,3.6,3.9,2,2,1,Technical,Cybersecurity Analyst
6.53,4.7,1.9,1.8,6.4,3.7,1.6,8.4,4.1,2.7,5.3,6.9,8.5,7.3,7.7,9.4,9.6,3.5,3.0,7.5,2.7,4.5,2.5,5.9,7.5,2,1,1,Managerial,Business Analyst
7.02,6.2,3.6,5.0,6.7,4.1,9.3,7.1,5.2,4.7,4.7,3.7,9.0,7.7,10.0,8.7,7.1,8.8,1.9,7.5,2.6,4.9,6.2,5.0,7.2,2,2,0,Analytical,Data Scientist
7.3,4.4,3.2,2.4,5.0,6.8,0.7,3.3,1.8,2.2,3.3,8.3,7.2,7.8,4.8,8.3,8.8,5.3,9.3,3.4,1.9,3.3,5.4,9.9,7.4,3,3,1,Creative,UI/UX Developer
8.4,9.2,5.2,6.8,6.3,3.8,9.8,7.5,7.7,3.7,8.0,3.4,9.4,9.6,8.1,6.6,7.6,7.8,4.5,6.5,2.4,5.8,8.0,6.4,3.6,2,3,1,Technical,AI Engineer
7.72,3.5,1.9,4.5,3.6,10.0,1.6,3.1,3.5,3.7,3.4,8.8,9.1,7.3,4.7,9.2,7.4,4.4,7.4,4.2,3.8,2.0,5.6,9.9,7.5,4,3,0,Creative,UI/UX Developer
7.84,5.9,5.3,4.6,5.4,7.1,2.7,5.7,6.9,6.6,9.5,1.8,7.8,7.0,6.6,6.9,6.5,6.3,6.1,7.4,5.6,9.2,4.6,0.3,7.1,2,1,0,Technical,Cloud Engineer
8.23,6.0,3.8,2.2,7.3,7.9,3.1,5.4,3.6,2.5,3.3,7.0,8.4,9.0,6.5,7.7,9.4,3.5,10.0,5.7,5.4,3.8,7.4,10.0,4.4,4,3,0,Creative,Web Developer
8.19,4.8,5.2,2.8,5.6,8.8,2.5,4.2,2.4,4.4,4.4,8.4,7.5,7.6,5.8,7.9,9.0,3.0,9.1,5.1,3.6,5.4,6.6,6.1,3.9,1,3,0,Analytical,Web Developer
7.52,7.1,3.2,3.0,8.9,2.9,9.6,9.1,4.5,2.9,2.1,4.4,7.8,7.3,8.7,7.0,7.3,10.0,4.5,7.7,4.7,5.1,2.2,3.8,5.3,2,2,0,Analytical,Data Scientist
8.66,7.0,3.8,3.9,7.2,9.3,2.9,2.4,4.3,4.4,4.9,7.5,8.6,5.1,7.3,7.6,7.9,4.4,9.1,2.3,4.7,6.8,9.2,9.2,3.3,0,3,0,Creative,Web Developer
6.55,8.8,6.2,6.7,6.2,4.1,10.0,9.2,5.6,3.5,5.8,2.0,9.0,8.7,7.4,5.8,7.1,8.9,4.0,7.7,4.0,5.7,8.2,2.7,2.6,1,2,0,Technical,Machine Learning Engineer
7.88,6.9,8.2,3.8,6.9,5.2,3.3,4.9,9.8,6.3,7.1,5.0,8.1,6.9,5.4,9.2,10.0,4.9,5.3,5.4,6.2,10.0,6.9,3.0,5.4,0,2,1,Technical,Cloud Engineer
7.62,10.0,4.6,7.0,7.2,5.1,9.1,8.8,7.5,6.0,5.7,2.2,10.0,7.1,8.1,5.9,7.1,9.4,5.3,8.1,3.4,6.7,6.5,4.2,6.6,2,2,0,Analytical,AI Engineer
8.77,8.8,5.5,5.7,6.1,3.3,10.0,6.6,7.5,3.1,5.3,3.3,9.1,9.1,7.2,8.0,8.7,9.7,3.9,9.2,4.6,7.0,7.0,3.5,3.1,0,5,1,Technical,AI Engineer
7.59,10.0,5.5,4.1,6.9,4.4,10.0,10.0,4.1,2.8,3.2,3.0,9.7,9.7,10.0,8.2,7.0,8.7,2.0,10.0,2.2,4.6,4.7,0.6,8.0,2,3,1,Analytical,Data Scientist
7.74,4.3,3.8,1.9,3.1,6.7,4.6,5.0,2.6,1.2,3.0,8.4,5.8,7.2,4.9,8.0,6.6,3.0,9.5,2.0,0.6,3.2,4.4,9.1,6.8,2,2,0,Creative,UI/UX Developer
7.79,7.9,6.0,5.9,7.3,6.2,2.1,5.9,5.1,9.1,5.2,1.6,9.9,9.2,8.4,6.1,8.0,6.0,5.0,4.2,9.3,5.4,5.7,2.2,3.2,2,1,1,Technical,Cybersecurity Analyst
8.39,6.6,5.6,3.9,6.8,6.9,1.9,5.2,10.0,7.3,8.2,3.4,8.8,4.6,4.2,7.2,7.6,6.0,5.9,4.2,4.9,9.0,5.7,3.3,6.2,2,2,1,Technical,Cloud Engineer
8.62,5.2,2.5,3.0,6.6,3.6,4.6,6.7,3.8,3.7,4.2,6.1,6.3,8.0,6.6,9.5,9.9,3.4,4.8,6.9,3.4,1.5,6.0,5.4,10.0,3,3,0,Managerial,Business Analyst
7.42,7.6,5.2,7.3,8.2,3.8,8.6,6.3,7.7,4.5,6.5,1.5,7.7,8.4,9.6,6.8,5.4,9.9,3.1,7.9,4.6,7.3,8.7,3.0,6.0,0,0,0,Technical,Machine Learning Engineer
7.71,8.2,3.4,1.6,7.6,1.1,3.3,10.0,5.0,2.3,2.5,6.4,6.9,6.4,7.4,5.6,6.4,4.7,2.5,8.4,4.2,5.5,5.9,4.9,7.5,0,2,1,Analytical,Data Analyst
8.96,4.8,2.1,1.5,8.1,3.4,3.7,7.9,6.9,3.8,1.6,5.5,8.2,9.9,6.7,9.5,9.1,3.0,3.7,5.9,2.8,2.9,5.0,6.5,10.0,4,0,0,Creative,Business Analyst
6.64,9.8,4.6,4.8,7.7,4.3,7.7,7.0,5.5,3.7,5.1,4.2,8.6,9.6,8.6,6.9,8.8,8.2,4.0,10.0,3.2,5.3,7.0,2.6,5.5,3,0,0,Analytical,Data Scientist
6.49,8.2,2.2,1.4,10.0,1.9,3.7,8.5,2.5,1.4,2.4,4.0,9.5,6.2,7.3,7.0,7.3,4.0,3.1,9.9,3.5,3.4,5.8,4.1,7.7,2,3,1,Analytical,Data Analyst
8.03,7.3,9.0,5.8,4.9,6.2,2.5,3.3,3.1,4.0,4.9,4.7,8.1,8.4,8.3,5.1,7.6,2.2,5.1,2.7,4.9,4.9,9.0,2.8,3.7,0,6,1,Technical,Software Developer
8.16,3.8,2.1,1.1,6.4,3.3,2.5,8.0,4.5,2.5,3.3,6.3,9.2,8.0,5.8,8.1,10.0,3.2,2.3,5.3,4.5,4.5,2.5,3.2,9.2,2,3,1,Managerial,Business Analyst
7.56,9.4,7.1,7.3,6.4,6.7,4.4,4.1,4.8,2.4,5.1,3.3,8.7,8.0,6.7,4.9,5.0,6.0,6.1,4.4,3.0,6.0,9.8,3.1,2.8,1,4,0,Technical,Software Developer
6.49,6.2,5.7,4.3,6.4,5.1,5.3,3.3,6.2,10.0,7.7,1.6,7.7,6.6,4.7,6.6,6.3,6.8,5.4,4.8,10.0,7.6,7.3,2.8,5.0,3,0,0,Technical,Cybersecurity Analyst
7.47,7.5,6.8,4.3,6.7,6.0,2.7,5.0,7.9,8.1,7.5,3.2,7.3,6.8,7.9,7.3,5.0,2.8,5.9,5.7,6.5,9.9,5.3,5.1,5.2,1,1,1,Technical,Cloud Engineer
7.77,8.4,6.0,5.4,7.8,3.5,9.0,7.2,5.3,5.1,7.4,3.7,10.0,9.6,9.5,5.8,8.5,10.0,4.4,8.2,2.2,6.8,9.4,1.7,6.1,0,0,1,Managerial,Machine Learning Engineer
7.46,7.0,3.8,6.2,6.2,4.2,4.2,4.9,7.0,9.1,5.0,3.4,7.6,10.0,7.7,9.9,6.1,4.4,4.7,4.8,9.3,6.9,6.8,3.4,6.2,3,5,0,Technical,Cybersecurity Analyst
6.95,7.9,6.4,5.2,6.2,5.4,3.2,4.8,8.5,6.5,8.1,3.6,9.7,9.5,6.2,8.2,8.1,2.3,7.5,2.9,5.7,8.5,7.4,3.9,3.1,1,0,1,Technical,DevOps Engineer
6.66,7.1,0.3,2.3,8.3,1.6,4.8,8.0,4.2,1.2,2.0,5.0,6.2,7.4,8.2,9.4,8.7,6.5,2.5,8.4,2.9,3.4,4.0,5.8,10.0,3,2,0,Analytical,Data Analyst
7.51,7.0,6.7,6.7,6.3,5.4,5.7,3.6,7.2,10.0,5.8,1.7,7.5,6.7,6.3,7.0,6.3,4.2,3.1,5.8,9.9,4.6,6.5,3.4,5.0,0,3,0,Technical,Cybersecurity Analyst
8.71,7.5,8.3,9.0,9.3,5.4,2.8,4.1,5.1,4.4,4.5,2.6,9.9,9.2,6.5,7.0,9.0,3.1,6.2,2.5,3.9,5.7,7.8,3.8,4.9,1,5,0,Technical,Software Developer
8.05,3.3,2.3,1.3,4.5,9.4,3.1,3.6,2.8,3.8,3.6,9.9,6.1,6.6,4.1,9.1,9.0,2.4,10.0,3.7,3.0,1.2,4.7,9.6,6.4,1,2,0,Creative,UI/UX Developer
9.12,6.5,3.9,1.6,7.0,8.1,0.8,1.5,5.2,1.5,4.7,8.3,5.8,6.5,6.3,4.6,7.9,3.5,10.0,5.3,4.4,4.2,8.1,9.0,5.8,2,5,0,Creative,Web Developer
6.65,7.9,7.2,7.0,6.5,4.3,3.2,3.7,4.0,4.1,3.1,4.1,8.5,8.8,7.9,7.8,6.9,5.2,5.9,3.2,3.6,5.3,10.0,4.0,3.3,3,2,1,Technical,Software Developer
7.37,8.2,3.4,4.3,8.2,4.4,9.8,9.2,4.7,3.2,2.2,3.5,5.7,8.1,8.4,8.3,5.9,8.7,2.6,8.5,2.2,5.3,4.8,2.9,7.1,3,1,0,Analytical,Data Scientist
7.77,7.3,2.4,0.5,7.8,3.6,3.3,7.2,4.9,5.2,3.3,5.5,10.0,5.5,4.2,7.6,10.0,6.0,3.4,7.8,1.4,5.0,6.1,5.4,9.2,2,8,1,Managerial,Business Analyst
8.99,7.3,8.7,9.1,7.6,4.5,3.5,4.9,6.0,2.8,4.3,5.1,7.2,8.2,8.7,6.4,6.2,3.0,6.4,2.5,3.7,5.4,10.0,4.7,3.2,1,4,1,Technical,Software Developer
7.16,4.2,4.0,1.5,8.8,2.7,2.3,9.9,4.2,2.2,1.1,5.4,10.0,7.6,4.2,8.5,9.9,4.2,4.1,8.4,2.7,3.7,3.4,5.5,7.8,1,4,1,Managerial,Business Analyst
6.73,5.8,2.4,0.4,7.2,3.7,3.6,9.0,4.7,3.0,3.3,5.4,9.1,8.0,8.6,5.6,7.4,5.1,2.9,9.6,1.6,4.9,3.4,4.8,9.6,2,2,0,Analytical,Data Analyst
7.58,7.1,4.3,5.3,7.5,6.3,5.3,3.9,6.3,9.7,3.5,3.0,10.0,9.8,4.3,7.4,7.2,4.8,5.1,4.6,6.9,6.8,6.7,1.9,6.4,1,3,0,Technical,Cybersecurity Analyst
8.78,4.9,4.3,1.7,8.3,1.5,3.4,6.0,2.8,3.3,4.2,6.2,8.6,6.2,5.3,8.0,10.0,3.5,1.3,9.2,3.0,5.4,2.9,4.9,9.3,2,2,0,Managerial,Business Analyst
8.18,3.5,2.7,1.6,3.4,7.4,1.0,3.7,3.6,0.1,3.4,9.2,6.5,5.9,8.0,10.0,9.2,3.0,8.0,5.3,1.6,2.7,4.2,10.0,9.0,2,3,1,Creative,UI/UX Developer
7.83,7.5,3.8,2.8,9.1,3.2,7.9,8.3,5.4,3.4,4.6,3.8,8.5,5.1,8.5,9.1,7.5,7.3,2.6,8.3,4.2,6.1,4.1,4.0,5.8,0,2,1,Technical,Data Scientist
7.97,7.4,7.5,3.8,7.1,4.1,2.7,4.7,6.8,8.6,5.7,2.5,9.0,9.8,6.8,7.1,7.0,6.4,5.5,5.4,9.5,6.5,3.9,2.0,5.6,0,5,1,Technical,Cybersecurity Analyst
8.66,2.6,4.3,2.0,4.7,9.6,3.6,2.6,3.1,2.3,2.0,10.0,6.2,7.1,4.5,9.1,7.9,3.5,8.5,2.9,0.0,3.8,5.5,9.1,6.5,2,1,0,Creative,UI/UX Developer
7.14,5.6,2.7,1.0,8.0,4.6,2.8,9.4,3.3,2.1,3.1,6.8,8.9,8.3,5.8,8.0,8.6,5.1,3.1,9.1,5.1,3.5,4.1,6.6,10.0,1,2,0,Technical,Business Analyst
9.73,7.1,4.2,3.6,6.1,10.0,1.0,1.9,5.8,4.2,5.1,7.2,6.7,7.6,7.3,8.9,9.0,3.3,8.2,5.5,2.2,4.8,8.2,10.0,5.0,2,0,1,Analytical,Web Developer
6.63,7.6,6.2,3.8,6.6,5.4,3.5,4.7,7.4,6.8,8.7,3.3,7.2,7.1,6.7,7.9,8.9,5.3,6.6,2.2,5.8,9.8,5.8,2.0,4.3,3,1,0,Technical,Cloud Engineer
8.32,8.0,5.4,6.8,8.2,4.4,3.2,2.9,4.2,6.1,5.1,4.6,7.9,6.8,5.7,7.8,7.2,3.2,6.0,4.7,4.5,4.2,7.3,3.6,5.2,1,4,0,Technical,Software Developer
8.53,8.2,3.5,1.4,9.7,2.1,6.1,10.0,5.3,2.4,0.2,4.8,9.9,8.5,8.0,7.3,8.6,3.3,2.8,10.0,1.1,4.7,2.1,4.3,8.2,3,4,0,Analytical,Data Analyst
7.48,6.1,5.3,4.6,8.1,4.1,8.6,10.0,6.3,2.5,5.6,6.0,9.5,8.9,8.1,8.3,7.4,8.5,3.8,9.1,3.6,6.1,3.5,2.9,6.0,3,2,1,Analytical,Data Scientist
7.54,8.9,6.7,7.8,7.0,6.9,2.6,4.2,5.4,2.2,4.6,4.0,8.1,8.6,7.5,8.6,6.3,4.4,7.4,2.0,4.3,3.2,10.0,4.6,4.4,1,2,0,Technical,Software Developer
7.45,9.2,3.6,7.8,6.7,5.2,9.6,8.4,5.6,3.6,7.3,3.1,7.5,10.0,9.3,4.8,7.1,10.0,3.3,7.0,2.3,6.4,8.5,1.8,3.8,2,2,0,Technical,Machine Learning Engineer
7.84,10.0,5.8,7.5,4.8,4.2,8.6,5.7,7.6,4.2,4.9,3.8,10.0,9.6,8.4,9.6,7.5,8.8,5.8,6.0,2.7,6.5,8.6,2.8,4.9,1,3,0,Technical,AI Engineer
8.1,6.2,3.0,4.0,6.0,2.5,1.5,7.5,5.8,3.7,3.9,6.4,7.3,9.6,6.4,8.8,10.0,5.1,4.5,7.5,1.5,3.0,3.3,5.7,9.5,6,2,0,Technical,Business Analyst
6.0,7.5,9.1,6.4,6.6,7.7,0.3,3.1,4.0,3.8,4.9,2.8,7.3,7.6,6.6,6.7,8.0,5.2,6.7,3.0,4.0,7.6,10.0,3.5,5.7,0,2,1,Technical,Software Developer
8.43,5.1,3.6,1.2,4.5,6.0,3.2,2.1,3.6,2.8,2.8,10.0,6.8,6.8,5.0,8.8,7.8,2.5,7.3,3.3,3.7,2.0,7.1,9.6,5.2,2,0,0,Creative,UI/UX Developer
7.82,6.5,4.7,3.3,6.2,5.6,5.9,5.2,9.2,6.2,7.7,3.4,7.3,8.2,4.7,7.1,6.4,2.9,6.6,4.6,6.2,8.2,6.6,3.3,7.0,4,2,0,Technical,Cloud Engineer
6.88,6.4,5.4,6.0,7.6,4.4,2.2,4.4,8.1,7.8,8.0,2.4,8.7,8.4,6.1,7.2,8.7,3.4,6.3,2.6,5.5,7.5,7.0,2.8,6.2,0,2,1,Technical,DevOps Engineer
8.0,8.0,2.5,3.1,8.1,2.4,4.0,7.9,2.4,0.0,1.8,7.9,8.5,9.6,7.1,7.5,9.4,5.4,1.9,10.0,3.4,2.4,4.5,3.5,9.3,3,4,0,Analytical,Data Analyst
7.4,6.5,9.4,7.3,6.7,6.7,1.4,3.3,6.1,3.4,3.1,3.0,7.7,8.7,6.9,5.8,8.0,3.9,6.2,3.4,5.7,4.6,9.1,5.1,4.3,4,1,1,Technical,Software Developer
8.31,8.3,3.2,6.2,9.3,5.1,9.1,9.5,6.5,3.6,6.9,2.5,8.0,9.5,8.5,6.2,7.6,9.1,4.9,7.2,2.1,5.0,7.5,1.5,6.9,3,1,0,Technical,Machine Learning Engineer
8.7,7.2,4.7,4.1,6.3,5.2,2.4,4.8,9.6,5.8,10.0,4.0,5.4,8.9,7.8,6.1,9.0,6.5,6.1,4.2,4.3,9.0,8.4,4.5,2.8,4,4,0,Technical,DevOps Engineer
7.98,8.1,2.5,7.8,6.4,4.3,8.4,6.2,6.7,4.9,6.5,1.9,8.8,9.6,8.3,5.3,9.2,7.8,6.5,8.4,4.5,6.7,6.5,4.5,5.7,2,5,0,Technical,Machine Learning Engineer
8.96,9.3,5.1,5.4,8.5,4.1,9.1,6.7,6.4,2.5,5.8,1.1,6.9,10.0,8.7,7.8,6.7,9.3,2.8,9.2,4.3,7.1,7.5,3.3,4.5,1,1,1,Technical,Machine Learning Engineer
7.8,7.3,5.7,5.5,6.8,5.7,3.5,4.1,8.2,4.5,10.0,4.8,9.6,8.2,4.9,6.6,8.5,3.6,7.2,4.3,7.7,7.7,8.3,2.5,4.5,2,1,0,Technical,DevOps Engineer
6.91,7.1,4.2,2.7,9.8,3.6,3.2,9.5,4.5,1.9,2.7,4.8,6.3,6.0,10.0,6.6,5.6,4.2,3.5,10.0,0.9,4.1,3.4,5.2,7.7,2,0,0,Analytical,Data Analyst
8.6,8.1,6.5,7.1,5.6,4.6,7.3,6.3,7.5,5.3,5.4,4.9,8.5,9.2,9.2,8.7,8.0,9.3,6.7,7.9,4.0,7.4,7.0,5.0,4.9,4,2,0,Technical,AI Engineer
9.07,8.8,3.6,2.4,8.8,2.5,4.5,8.2,4.0,0.0,3.5,4.9,7.6,7.7,5.9,10.0,7.4,4.8,1.9,9.5,3.5,5.1,4.9,5.6,7.6,1,4,1,Analytical,Data Analyst
8.96,10.0,3.1,3.6,7.8,5.0,8.4,8.3,5.2,3.1,4.4,6.1,10.0,7.3,8.8,7.5,6.5,9.6,4.5,8.5,3.0,6.0,6.2,3.4,7.5,2,2,1,Analytical,Data Scientist
9.45,7.3,4.6,4.2,8.1,5.5,2.8,4.9,9.1,6.8,7.5,3.1,8.3,8.7,7.5,5.7,6.4,3.5,8.4,3.7,7.2,8.6,6.4,3.0,3.1,2,2,1,Creative,Cloud Engineer
8.75,7.1,7.6,4.2,6.2,4.8,2.5,4.4,9.9,6.1,8.5,1.9,6.3,9.0,8.2,7.6,5.8,4.3,5.2,5.1,5.2,10.0,6.1,3.7,6.2,2,3,0,Technical,Cloud Engineer
7.18,7.9,2.9,3.1,9.8,3.1,10.0,9.7,3.3,2.6,3.6,3.0,9.8,9.4,10.0,7.0,7.5,8.1,2.6,9.9,5.4,6.1,6.0,3.9,7.9,1,1,0,Managerial,Data Scientist
8.84,8.0,3.8,4.5,5.9,4.1,7.8,8.0,6.6,1.3,4.1,4.5,7.9,8.5,9.1,8.5,6.8,7.1,2.4,8.6,2.1,5.2,5.2,4.1,6.0,5,1,0,Analytical,Data Scientist
7.71,8.2,5.1,7.0,4.1,6.3,7.8,7.9,7.8,2.8,6.3,4.2,6.8,8.8,9.4,8.1,5.1,9.6,5.0,8.4,4.8,7.8,6.5,4.5,5.8,1,2,0,Technical,AI Engineer
8.21,7.0,6.4,7.3,7.8,4.3,1.8,4.1,3.9,3.1,4.5,2.5,6.9,9.3,5.6,4.7,6.3,4.8,5.8,3.5,4.0,3.1,9.5,4.4,3.5,2,1,0,Technical,Software Developer
7.67,7.8,2.4,1.7,9.2,3.0,6.6,9.8,4.7,1.9,4.0,4.6,8.3,6.5,8.6,8.3,9.7,7.6,3.8,9.6,1.0,5.0,4.2,5.6,9.9,1,5,0,Analytical,Data Analyst
7.24,6.7,1.4,2.1,9.9,3.1,6.2,10.0,4.9,2.1,3.0,5.8,7.6,5.4,8.0,6.8,6.4,5.0,2.9,7.9,2.2,5.1,2.8,6.4,6.3,1,2,1,Analytical,Data Analyst
8.64,6.9,4.1,2.2,8.0,2.5,3.2,10.0,5.2,2.7,1.6,4.5,6.9,7.6,6.5,7.3,6.5,4.7,3.1,9.3,3.7,4.9,3.1,5.4,7.2,2,4,0,Analytical,Data Analyst
8.17,6.3,6.7,5.9,6.8,6.7,3.3,2.4,9.0,7.0,9.5,1.6,8.4,8.1,6.1,5.9,9.4,4.4,7.3,4.0,6.6,7.5,6.8,3.3,4.2,5,4,1,Technical,DevOps Engineer
7.54,5.4,5.9,4.5,7.7,8.2,3.0,4.9,4.7,5.5,7.1,8.6,8.2,8.4,6.7,8.0,6.7,5.5,9.6,6.2,7.0,4.7,8.2,7.5,4.0,1,2,1,Creative,Web Developer
8.19,4.8,2.6,1.9,5.0,8.9,1.9,3.8,3.0,2.4,2.7,10.0,5.0,6.4,5.8,7.1,10.0,2.9,8.3,2.8,2.2,2.5,7.2,8.8,7.0,0,1,1,Creative,UI/UX Developer
8.17,9.3,4.0,2.1,7.5,2.5,7.4,9.4,5.3,3.4,5.2,2.1,10.0,10.0,7.0,8.3,9.2,7.0,1.7,9.9,3.5,5.2,4.7,4.2,4.2,2,0,0,Analytical,Data Scientist
8.71,8.9,4.8,6.1,5.1,4.2,9.4,6.9,5.9,5.2,7.8,1.4,8.9,10.0,8.3,6.2,8.2,10.0,5.0,8.2,4.2,8.1,7.4,2.6,6.4,2,1,0,Technical,Machine Learning Engineer
6.93,5.6,3.5,0.8,8.3,3.2,4.0,7.1,3.6,2.0,2.9,4.8,6.9,8.8,5.5,10.0,7.9,3.6,4.4,7.9,4.8,4.0,6.0,5.0,10.0,2,2,0,Managerial,Business Analyst
7.21,3.8,2.7,2.8,5.0,9.8,0.4,1.9,3.2,1.7,1.8,8.6,7.3,7.2,6.2,8.7,7.0,2.7,7.8,3.8,0.8,3.9,3.5,7.3,6.5,1,4,0,Creative,UI/UX Developer
8.45,10.0,5.3,6.7,7.5,4.6,10.0,8.0,6.8,1.7,3.8,3.1,9.8,10.0,10.0,4.9,6.3,8.6,4.9,7.6,5.4,7.1,7.1,3.3,3.5,1,2,1,Technical,AI Engineer
7.34,4.7,1.1,2.6,7.5,2.8,3.0,8.8,5.4,2.1,3.5,5.1,8.4,7.2,4.6,9.8,9.8,5.0,3.6,9.4,5.0,3.8,4.8,6.6,10.0,1,3,0,Managerial,Business Analyst
8.24,6.5,2.3,1.9,2.4,6.6,1.6,5.3,4.1,1.6,3.5,8.4,7.2,7.1,6.4,8.6,4.9,3.3,8.3,3.4,0.0,5.4,5.6,9.3,5.9,1,5,1,Creative,UI/UX Developer
8.22,9.8,5.4,5.3,7.3,3.3,7.9,8.6,8.3,5.1,7.2,3.0,8.8,8.0,8.2,7.5,9.0,8.6,1.8,7.9,4.5,8.8,8.9,4.4,4.1,1,3,1,Technical,Machine Learning Engineer
7.82,9.0,3.1,7.4,8.7,5.7,7.8,6.7,7.4,3.6,6.4,1.6,9.1,10.0,7.7,7.0,7.2,8.8,3.9,7.3,4.4,5.4,6.8,4.0,4.4,1,4,1,Technical,Machine Learning Engineer
8.23,9.4,6.2,5.2,6.8,5.8,3.4,6.8,7.0,6.9,7.8,4.2,9.2,8.8,5.5,8.5,7.0,5.8,6.3,5.2,6.1,7.2,8.6,3.4,5.0,2,2,1,Technical,Cloud Engineer
9.57,7.8,4.7,6.2,7.0,7.6,10.0,8.4,6.3,3.8,7.2,4.3,9.1,9.2,10.0,8.4,5.3,9.7,4.6,7.4,5.4,6.7,8.9,3.1,5.3,2,1,0,Technical,AI Engineer
7.39,5.2,3.8,1.2,6.3,8.8,1.4,3.8,4.8,3.2,5.2,7.5,8.3,6.5,7.7,7.2,8.9,2.8,9.5,3.1,4.5,6.6,8.1,7.4,5.1,1,4,1,Creative,Web Developer
7.26,4.0,2.2,1.7,3.9,8.7,3.4,3.3,4.3,1.7,3.1,9.2,4.6,6.1,6.7,7.5,9.4,1.1,8.1,4.0,1.9,3.4,2.8,8.4,5.8,1,3,1,Creative,UI/UX Developer
8.6,6.2,4.6,1.2,7.9,1.6,5.8,9.5,5.5,1.8,3.0,3.1,7.3,7.7,7.9,10.0,5.5,5.3,2.6,9.6,2.1,3.8,2.8,3.5,7.7,0,2,1,Analytical,Data Analyst
8.09,7.3,7.3,9.3,6.5,6.1,3.1,6.5,4.8,4.0,4.1,3.6,6.9,7.6,5.0,7.5,7.2,4.3,5.9,4.1,5.8,4.2,9.3,4.3,5.3,4,2,0,Analytical,Software Developer
7.52,10.0,4.8,8.6,5.4,3.8,8.0,7.5,6.3,5.2,3.5,5.4,8.7,8.1,10.0,6.9,6.7,8.8,3.7,8.5,4.6,5.7,6.2,4.6,4.4,1,4,1,Technical,AI Engineer
6.69,4.3,3.7,3.7,3.3,9.7,3.0,3.5,3.6,2.2,2.9,9.8,6.9,8.1,3.9,9.3,7.2,3.4,8.8,0.7,1.7,3.5,5.4,8.5,7.3,1,1,0,Creative,UI/UX Developer
7.38,3.6,1.6,2.2,6.6,2.8,2.0,6.0,3.5,4.7,0.4,6.4,6.7,5.2,8.1,8.4,7.4,4.4,4.2,7.5,2.3,5.0,6.3,4.6,10.0,1,3,1,Managerial,Business Analyst
8.14,8.1,5.0,5.2,5.9,4.7,3.1,6.5,10.0,6.1,7.5,4.1,8.2,7.3,7.0,7.8,7.2,4.3,7.9,4.1,5.9,9.0,8.4,0.8,6.4,2,1,1,Technical,Cloud Engineer
6.84,3.6,2.0,2.6,7.9,2.9,3.3,7.2,4.2,4.0,2.1,5.4,8.6,10.0,7.8,8.8,7.9,5.7,2.6,7.8,2.6,4.4,3.0,7.0,10.0,1,1,0,Managerial,Business Analyst
8.52,8.8,7.2,4.2,7.7,5.0,1.6,6.1,7.8,5.6,8.0,2.9,5.8,7.4,7.4,7.5,8.1,2.2,4.4,5.6,8.8,9.3,6.7,3.3,6.5,2,6,0,Technical,Cloud Engineer
8.21,6.4,8.0,7.0,5.4,6.0,4.8,3.6,6.6,6.3,4.0,4.0,10.0,8.4,7.0,4.7,6.4,4.6,8.7,3.8,2.2,3.5,9.0,5.3,4.7,3,1,1,Technical,Software Developer
7.18,6.5,8.2,2.6,7.2,7.4,3.0,4.6,9.0,6.9,7.9,2.2,8.1,10.0,7.8,5.9,8.0,1.9,5.5,4.7,7.0,9.5,6.1,3.1,5.9,2,1,0,Technical,Cloud Engineer
6.23,7.3,6.4,9.0,6.2,5.5,4.7,2.6,3.8,2.8,4.9,4.5,8.8,10.0,4.5,7.2,6.4,3.4,5.3,3.0,5.9,5.9,9.0,5.5,2.3,0,3,0,Creative,Software Developer
7.18,5.5,9.6,6.6,6.1,4.8,2.6,3.1,5.7,4.1,4.3,5.1,8.3,6.5,8.0,6.7,8.5,4.1,5.1,3.8,4.9,4.2,8.5,3.8,2.7,1,4,1,Technical,Software Developer
6.0,6.8,7.4,4.8,5.0,7.0,2.3,3.8,10.0,6.6,9.3,3.0,9.2,8.0,6.4,8.9,8.2,3.8,5.1,6.9,5.8,9.9,7.4,2.0,4.7,2,4,0,Technical,Cloud Engineer
6.94,4.5,0.0,3.0,7.1,1.6,3.6,5.9,3.4,4.2,2.1,6.7,8.9,10.0,7.6,9.3,8.5,3.2,2.1,7.9,3.2,5.1,4.6,4.4,9.2,1,1,0,Managerial,Business Analyst
6.55,7.4,6.7,5.4,8.6,6.8,3.7,4.9,8.9,6.3,8.8,3.4,9.6,8.8,5.5,6.0,8.3,4.3,5.2,2.4,6.0,7.6,7.3,3.6,5.2,0,1,1,Technical,DevOps Engineer
7.97,4.8,6.3,5.0,7.8,5.0,5.3,4.7,8.2,6.7,6.1,3.3,7.6,9.8,5.4,3.5,6.7,4.1,3.4,3.5,7.1,9.4,8.5,2.4,8.1,0,2,0,Technical,Cloud Engineer
6.39,7.8,6.5,3.8,4.5,5.7,0.7,5.0,7.9,6.9,9.8,3.0,7.0,7.0,6.5,5.4,7.0,3.4,4.9,4.5,6.3,9.8,9.0,1.6,2.5,1,4,0,Technical,DevOps Engineer
8.29,4.7,1.8,2.5,5.5,9.7,3.3,1.4,4.4,1.0,3.4,9.3,5.5,6.0,5.8,8.7,7.8,1.6,6.8,1.9,4.0,3.9,6.9,9.0,4.8,3,2,0,Creative,UI/UX Developer
7.14,8.6,5.9,4.7,6.2,5.1,4.3,4.5,10.0,7.4,7.4,2.1,7.1,4.9,8.1,6.9,9.0,6.2,6.7,4.6,6.7,9.4,7.3,4.6,6.5,1,2,0,Technical,Cloud Engineer
8.43,8.6,6.1,3.1,6.4,5.5,4.5,3.5,8.4,7.8,7.4,4.2,9.4,9.8,8.2,6.8,8.6,5.2,6.5,3.6,7.5,8.3,4.4,3.2,5.9,0,3,1,Technical,DevOps Engineer
6.91,7.4,4.9,5.6,6.1,6.6,2.9,3.6,8.9,5.3,8.4,4.2,9.4,8.9,5.0,6.1,9.4,4.3,6.1,5.2,8.4,9.5,7.9,2.7,6.1,0,6,0,Technical,DevOps Engineer
8.05,4.7,3.7,0.5,7.2,5.1,1.9,7.5,2.6,4.1,5.1,7.3,8.4,7.8,7.9,9.7,7.6,3.3,1.8,8.3,2.7,5.2,5.4,6.4,9.4,2,3,1,Managerial,Business Analyst
8.27,8.0,5.2,8.1,6.0,2.5,8.2,7.0,6.5,1.6,8.3,1.6,7.5,9.1,8.4,8.0,6.7,9.2,4.7,9.5,1.4,6.6,9.9,2.3,5.2,1,2,1,Technical,Machine Learning Engineer
7.23,7.8,6.2,6.2,5.5,3.4,4.2,4.0,5.5,8.9,4.7,2.7,8.0,8.7,8.6,6.9,6.5,5.4,5.8,3.9,10.0,5.6,5.0,3.7,6.2,1,2,1,Technical,Cybersecurity Analyst
7.89,7.8,5.6,6.5,6.5,3.9,10.0,8.4,8.1,5.4,6.8,3.8,7.0,9.0,6.8,5.6,7.8,8.2,4.5,7.8,3.8,6.6,8.0,3.1,4.5,0,2,1,Technical,AI Engineer
7.47,1.5,4.9,0.5,3.1,8.7,2.8,4.3,1.8,2.8,2.2,7.3,8.5,7.9,5.4,10.0,7.6,2.0,7.0,3.7,3.3,1.6,5.0,10.0,7.8,2,1,1,Technical,UI/UX Developer
7.06,7.9,4.0,3.4,5.6,4.8,5.0,9.5,5.1,0.0,4.1,7.6,6.5,7.4,7.5,8.4,8.0,4.3,3.0,10.0,2.4,4.4,3.2,6.5,7.8,2,3,0,Technical,Data Analyst
7.58,7.4,8.2,4.1,6.7,5.5,3.5,3.5,10.0,5.5,10.0,4.8,8.3,8.0,5.6,7.1,8.7,3.7,7.6,6.1,6.4,10.0,5.5,2.9,7.9,3,3,1,Analytical,Cloud Engineer
8.84,8.0,7.1,4.2,4.2,6.4,3.5,5.5,8.6,7.0,10.0,2.9,8.4,7.2,6.8,6.0,9.2,4.5,5.1,3.2,6.6,7.1,7.6,2.6,4.3,3,1,0,Managerial,DevOps Engineer
6.36,4.5,4.2,2.0,8.6,7.4,1.0,1.5,4.3,3.6,4.9,7.5,6.8,6.8,6.5,6.5,8.9,2.4,8.7,5.7,6.4,3.5,9.3,9.8,6.2,1,4,0,Creative,Web Developer
8.03,7.9,5.8,2.9,7.0,5.9,1.8,6.2,9.9,6.6,8.4,1.1,8.7,7.3,6.4,7.2,8.7,4.9,5.7,5.3,6.5,7.6,7.9,4.8,5.5,2,2,0,Technical,DevOps Engineer
7.97,4.6,2.8,1.2,2.0,9.4,1.9,4.6,3.1,1.0,2.8,8.8,6.9,6.7,4.4,10.0,8.0,3.9,9.9,3.2,1.8,1.1,7.1,10.0,8.5,5,1,0,Creative,UI/UX Developer
7.69,6.4,5.3,5.0,7.2,3.7,4.9,3.8,9.3,6.9,8.8,2.1,8.1,7.4,6.0,7.3,6.5,5.1,5.5,4.9,6.4,8.7,6.7,5.9,7.1,2,2,0,Technical,Cloud Engineer
7.53,5.5,5.0,5.8,6.7,5.8,2.6,4.5,9.1,7.2,8.2,3.0,7.1,7.2,5.7,5.8,8.0,4.5,5.6,5.2,5.4,8.4,5.4,3.7,6.5,2,4,0,Technical,Cloud Engineer
7.6,6.2,2.3,4.5,9.5,1.3,6.2,10.0,3.7,2.3,3.0,7.2,7.1,7.7,7.0,6.4,9.9,3.7,3.2,7.6,1.6,4.5,3.1,5.6,7.7,3,5,1,Analytical,Data Analyst
7.68,8.9,4.1,4.0,8.4,5.7,8.9,6.9,5.9,2.8,3.3,4.2,8.4,8.3,8.9,6.2,7.8,8.3,3.3,8.0,1.8,4.6,5.0,3.5,7.1,2,2,0,Analytical,Data Scientist
7.11,7.9,6.1,5.1,5.0,5.2,2.7,5.2,8.8,5.7,8.5,0.6,9.0,8.3,6.7,10.0,7.5,4.2,5.8,3.8,5.4,7.3,5.0,1.8,5.3,1,1,1,Creative,DevOps Engineer
7.96,7.7,9.1,7.5,4.8,6.4,2.7,5.5,6.6,5.6,4.4,6.2,8.4,10.0,6.4,6.2,7.3,4.2,7.4,3.7,5.3,5.8,8.8,4.7,3.5,2,2,0,Technical,Software Developer
8.83,9.0,3.9,8.1,4.0,4.2,9.3,8.1,7.6,2.8,5.5,3.7,8.2,9.2,9.6,6.4,7.7,9.2,3.1,9.5,3.5,5.4,6.9,3.8,5.4,1,2,0,Technical,AI Engineer
8.09,7.4,6.5,4.6,4.7,5.8,2.9,3.8,8.0,5.3,8.1,1.4,8.6,7.8,6.5,8.8,8.0,5.6,5.4,4.8,5.8,7.1,6.0,2.6,6.3,2,2,1,Analytical,DevOps Engineer
8.16,6.3,2.9,1.9,8.2,2.7,3.0,7.4,5.4,2.9,3.1,5.3,8.3,8.0,8.5,8.9,9.7,3.4,3.6,8.4,2.0,4.8,2.8,3.6,9.7,2,2,1,Managerial,Business Analyst
8.47,6.8,7.7,5.1,6.9,6.8,5.2,4.5,10.0,6.6,7.9,2.8,6.6,5.1,5.8,7.4,8.1,2.6,6.6,3.8,7.6,10.0,5.2,2.4,4.0,3,1,1,Technical,Cloud Engineer
9.2,7.6,3.5,7.0,7.0,7.0,2.7,5.6,6.4,9.5,6.7,0.1,9.1,9.1,7.3,5.8,6.8,6.1,5.0,5.9,10.0,7.8,7.8,0.2,4.3,4,0,1,Technical,Cybersecurity Analyst
8.29,7.7,5.2,5.5,6.6,6.4,1.9,5.0,8.5,5.1,8.7,2.5,8.6,6.9,8.7,6.9,7.0,5.6,5.9,8.5,7.8,9.0,6.6,3.1,4.3,1,1,0,Technical,Cloud Engineer
7.49,8.6,9.6,8.4,4.6,5.3,2.8,2.0,4.0,3.8,4.5,4.0,6.5,8.0,7.2,6.5,7.5,4.4,5.6,4.1,3.1,4.7,7.8,5.2,3.7,3,1,1,Technical,Software Developer
7.67,7.7,9.3,6.6,6.9,5.6,3.0,5.4,5.2,4.1,3.5,4.8,8.7,10.0,6.7,6.7,7.3,5.7,5.9,4.3,4.7,5.2,8.5,4.2,5.2,0,3,1,Technical,Software Developer
7.48,7.8,6.0,4.3,7.4,5.3,4.7,5.5,9.0,6.0,8.5,4.2,7.7,9.8,7.0,6.9,6.2,3.5,6.0,6.3,5.5,10.0,5.3,4.4,3.8,1,3,1,Creative,Cloud Engineer
7.88,7.6,5.9,5.5,5.7,6.3,3.1,5.6,8.2,7.8,5.4,3.7,6.3,8.2,5.3,7.0,8.3,3.3,5.6,1.4,8.2,10.0,7.9,2.8,6.9,1,4,1,Technical,Cloud Engineer
7.17,7.2,4.9,4.6,6.1,4.4,7.7,8.1,5.7,3.6,4.5,3.9,8.0,9.0,8.9,9.5,7.6,7.5,2.5,9.1,4.4,6.6,4.6,3.0,5.8,1,1,1,Analytical,Data Scientist
8.86,8.9,7.7,6.0,6.6,4.7,10.0,6.5,6.3,2.4,7.6,1.6,9.1,10.0,10.0,8.4,8.9,9.7,4.2,8.0,3.9,6.3,9.0,2.9,4.7,3,4,1,Technical,AI Engineer
8.37,5.7,4.8,4.0,6.0,9.4,2.1,0.3,4.4,4.4,4.1,7.9,8.3,9.3,4.8,8.8,8.0,2.3,9.2,3.2,3.4,3.6,8.3,7.9,4.4,1,5,1,Creative,Web Developer
8.48,7.1,4.4,4.6,7.0,6.1,4.2,3.7,9.9,4.5,8.4,1.7,9.2,8.4,5.0,7.2,7.7,4.2,6.3,5.4,5.8,8.2,5.4,2.8,6.4,1,2,1,Technical,Cloud Engineer
8.24,5.8,3.0,4.1,6.4,8.1,2.0,3.3,5.5,3.0,6.1,8.0,6.9,7.8,5.5,7.6,9.7,3.5,9.7,2.7,4.6,5.3,9.5,7.1,5.8,3,2,1,Managerial,Web Developer
8.54,8.3,5.8,3.5,7.2,3.1,8.5,10.0,4.7,5.7,4.5,2.9,7.9,6.4,9.1,8.7,7.0,9.4,3.5,10.0,1.9,6.0,7.1,6.8,8.6,2,2,0,Analytical,Data Scientist
7.94,5.8,4.6,3.3,6.4,9.7,2.7,2.9,5.5,4.4,7.5,8.2,8.7,7.5,5.0,8.1,7.2,3.5,7.9,3.5,3.7,4.7,8.9,7.3,5.1,4,2,1,Creative,Web Developer
6.95,7.3,2.9,1.5,7.5,3.3,3.7,7.1,4.0,0.6,1.2,5.1,7.8,6.5,7.8,8.5,7.8,5.2,1.2,10.0,2.6,3.0,4.0,5.2,8.0,2,4,1,Analytical,Data Analyst
7.03,7.1,5.6,4.9,9.3,3.9,3.6,5.7,7.1,10.0,5.4,3.4,8.1,9.2,7.3,5.3,6.4,3.6,5.4,5.0,10.0,8.2,4.8,1.4,4.6,2,4,0,Technical,Cybersecurity Analyst
7.9,5.0,1.8,1.3,3.8,8.5,0.7,3.6,2.9,2.4,3.8,8.2,5.6,8.8,3.3,9.0,8.1,1.2,8.2,3.0,0.0,1.8,5.8,9.0,7.5,3,1,0,Creative,UI/UX Developer
8.33,6.7,3.6,3.4,8.7,4.3,4.1,9.4,4.2,1.2,2.7,6.6,7.6,5.7,7.1,7.2,8.0,5.7,3.4,9.0,2.1,3.7,2.4,4.9,10.0,2,1,0,Analytical,Data Analyst
7.55,6.9,7.3,5.8,5.9,5.1,2.6,4.7,3.1,1.8,4.2,4.5,8.3,7.7,8.3,5.8,7.5,3.6,5.0,3.3,4.8,5.4,10.0,4.4,2.2,2,3,0,Technical,Software Developer
8.5,8.1,3.7,4.7,6.0,3.3,10.0,8.2,4.0,2.6,5.4,3.2,6.8,8.0,7.5,5.0,7.8,9.7,3.5,10.0,2.6,6.5,4.3,4.0,6.1,3,0,0,Analytical,Data Scientist
6.87,8.4,3.9,3.3,7.1,5.8,2.7,5.4,7.6,9.5,8.8,2.9,9.4,9.1,7.7,6.8,5.8,5.7,7.0,5.9,5.7,10.0,6.0,4.4,5.4,1,6,0,Technical,Cloud Engineer
9.9,3.3,2.5,2.8,3.3,9.1,1.2,3.1,3.7,1.8,3.1,10.0,7.0,7.3,5.8,8.7,5.3,1.9,8.9,3.9,3.8,2.7,3.2,9.6,8.4,1,3,1,Analytical,UI/UX Developer
7.68,6.5,6.6,4.7,5.7,6.4,2.8,5.1,10.0,7.4,8.0,1.6,8.4,9.8,8.5,6.2,7.8,3.6,7.8,5.8,6.7,10.0,4.3,2.5,5.8,1,3,0,Technical,Cloud Engineer
7.65,7.8,4.8,3.8,9.9,10.0,2.4,4.1,6.5,4.7,5.9,8.9,10.0,7.0,6.8,8.0,7.6,3.3,10.0,2.4,2.5,4.4,6.0,7.1,3.8,4,2,1,Creative,Web Developer
7.35,6.6,3.8,2.2,8.8,1.2,3.4,10.0,2.6,3.0,5.9,5.6,10.0,8.3,7.8,8.4,7.3,4.8,2.4,10.0,4.4,5.6,4.2,5.7,7.9,2,2,0,Analytical,Data Analyst
7.25,6.5,6.3,7.7,6.6,6.5,7.2,8.0,6.6,3.0,7.5,2.5,8.3,9.3,10.0,6.6,7.9,10.0,6.0,9.4,5.4,8.1,6.0,4.0,5.5,1,3,0,Technical,AI Engineer
8.9,5.0,2.1,3.4,8.9,9.5,1.5,2.4,7.2,3.6,3.9,8.8,7.3,5.8,8.3,8.1,6.3,5.5,8.3,2.3,3.0,7.1,10.0,7.4,6.9,6,2,1,Creative,Web Developer
8.24,6.1,2.2,1.9,6.5,4.2,2.5,10.0,2.8,2.2,2.6,5.8,7.8,8.5,6.9,9.2,9.0,4.8,3.3,7.5,2.6,4.9,5.3,6.0,9.1,0,3,0,Managerial,Business Analyst
7.41,6.6,6.3,5.9,4.6,4.9,2.7,4.5,7.6,7.8,10.0,2.9,9.0,9.3,7.4,7.6,7.4,2.2,6.7,5.4,8.0,8.9,6.5,4.0,3.8,1,3,0,Technical,DevOps Engineer
9.41,10.0,4.3,9.9,4.8,3.6,9.2,4.9,5.7,4.5,7.0,2.4,8.4,9.6,7.1,6.8,6.7,10.0,4.6,8.0,4.8,7.2,6.5,4.3,5.9,1,2,1,Technical,AI Engineer
6.65,5.7,4.5,5.3,7.6,3.4,4.0,5.3,5.1,9.4,4.8,2.5,9.2,6.9,8.0,7.0,7.1,4.8,3.6,4.5,7.7,6.0,4.6,2.2,4.4,2,0,1,Technical,Cybersecurity Analyst
7.33,7.1,6.3,6.6,8.9,4.8,4.0,6.5,6.1,9.0,5.9,3.4,8.7,8.4,7.5,6.1,7.7,5.8,6.3,4.5,7.6,8.5,4.9,2.6,5.4,2,2,1,Technical,Cybersecurity Analyst
7.82,8.6,5.8,6.0,7.3,5.9,3.5,3.9,10.0,7.6,6.9,3.1,7.1,8.5,7.3,5.3,7.4,5.0,6.1,7.0,4.8,10.0,5.5,0.6,5.9,1,0,0,Creative,Cloud Engineer
7.34,7.3,4.1,5.1,6.7,5.1,2.3,3.3,10.0,7.8,10.0,1.7,8.2,7.4,5.2,7.4,9.3,4.7,6.7,6.7,6.1,8.7,8.0,2.5,7.4,2,1,0,Technical,Cloud Engineer
8.91,7.7,6.5,4.4,4.5,5.7,3.5,3.5,9.4,6.6,8.6,3.8,9.7,7.6,6.9,5.7,6.1,3.0,6.7,4.6,6.4,7.2,7.9,3.7,4.2,3,2,1,Technical,DevOps Engineer
8.03,7.3,2.5,2.1,9.0,3.7,4.0,9.5,4.8,3.1,3.3,5.7,7.5,10.0,7.4,9.2,7.0,5.4,3.4,10.0,1.1,4.4,3.5,5.9,7.0,3,3,1,Analytical,Data Analyst
6.23,5.4,5.2,3.9,6.2,4.9,4.6,4.4,5.3,9.3,6.9,2.8,6.3,9.3,8.6,8.1,8.4,5.7,5.0,4.8,10.0,6.8,6.8,1.8,4.9,3,2,0,Technical,Cybersecurity Analyst
8.41,9.5,5.2,7.9,7.2,5.2,8.1,8.9,7.7,3.6,6.8,2.0,9.9,9.3,6.6,9.2,5.6,10.0,5.6,5.1,4.3,8.0,8.7,4.8,6.0,2,4,0,Technical,AI Engineer
7.42,2.9,3.0,2.9,3.2,9.7,3.0,3.5,4.3,3.1,3.4,8.4,7.9,7.7,6.4,9.6,9.2,4.3,7.7,5.4,1.6,2.2,5.0,9.1,8.1,0,3,0,Creative,UI/UX Developer
8.41,7.4,6.4,6.8,5.9,4.8,8.6,7.9,7.6,3.2,5.8,3.3,10.0,8.5,8.4,5.9,6.0,8.0,3.2,9.8,4.8,8.4,6.5,1.4,5.3,5,2,1,Technical,AI Engineer
6.68,7.7,6.6,7.5,7.8,6.9,2.9,2.9,5.2,3.2,5.2,2.1,8.9,8.5,9.4,7.9,7.6,3.9,5.2,5.0,3.7,6.3,9.4,4.4,4.7,1,2,0,Technical,Software Developer
6.39,7.6,3.0,3.9,8.8,1.7,2.5,10.0,3.9,1.0,2.2,6.4,8.5,8.7,7.8,7.1,9.5,4.6,3.9,10.0,2.0,2.8,3.3,5.7,8.6,4,4,0,Analytical,Data Analyst
6.82,7.3,2.7,1.5,6.5,3.3,7.7,7.7,5.5,3.6,4.0,4.0,8.9,6.5,9.1,7.4,7.0,7.9,2.8,9.4,4.8,3.1,5.6,5.3,5.6,2,2,0,Analytical,Data Scientist
7.94,4.5,1.2,2.1,1.4,7.3,2.8,2.9,4.3,3.0,2.3,9.8,7.2,7.5,6.4,8.4,10.0,2.8,9.3,3.9,0.5,3.1,5.2,7.5,8.8,0,5,1,Creative,UI/UX Developer
8.97,4.9,5.0,4.3,8.5,6.7,6.0,4.7,7.9,8.7,6.5,2.9,8.7,7.5,7.7,7.3,6.6,5.7,3.8,3.9,8.6,5.3,5.4,2.9,4.1,3,2,0,Technical,Cybersecurity Analyst
9.9,7.6,1.7,1.9,9.6,4.4,4.4,9.6,3.9,1.9,3.8,6.6,6.7,7.2,6.8,6.9,6.3,5.0,1.8,8.3,1.8,2.9,4.6,4.5,6.7,2,6,1,Analytical,Data Analyst
7.83,8.5,3.8,8.2,6.9,3.7,8.7,7.3,7.0,4.7,5.6,4.3,8.4,10.0,10.0,6.1,5.7,10.0,4.3,8.6,3.3,6.9,7.1,3.8,3.6,0,2,1,Technical,AI Engineer
6.74,7.5,3.1,7.2,6.8,3.3,9.6,7.5,7.7,5.0,7.5,4.2,8.7,9.2,10.0,8.1,7.1,9.3,3.3,6.7,5.9,7.5,6.1,3.4,6.4,0,2,0,Technical,AI Engineer
7.44,7.0,5.8,3.2,8.1,5.8,2.6,5.5,9.1,7.6,7.9,1.4,6.8,9.3,7.6,5.5,9.0,5.6,5.3,4.9,4.1,8.7,6.3,3.3,5.4,0,2,0,Managerial,Cloud Engineer
8.64,6.8,7.1,4.1,7.3,4.0,2.3,6.1,5.7,6.5,10.0,3.1,9.6,9.5,5.7,7.8,7.7,4.3,5.7,6.7,6.0,7.4,8.1,2.9,6.1,1,2,1,Technical,DevOps Engineer
7.9,4.7,1.1,2.5,7.9,4.9,3.4,6.6,5.9,4.5,2.2,4.7,7.7,7.2,5.7,7.1,7.5,1.3,2.9,7.5,3.6,3.9,3.9,5.4,9.5,0,1,1,Managerial,Business Analyst
7.09,9.0,5.4,4.3,8.0,2.9,7.1,8.0,5.6,3.0,2.9,5.2,6.9,9.2,9.9,7.8,8.8,8.9,4.5,6.1,4.0,5.6,5.6,4.7,6.5,2,1,0,Creative,Data Scientist
7.67,5.7,3.7,0.0,4.8,7.8,3.1,0.8,2.5,1.9,2.3,10.0,5.2,8.5,6.1,7.4,8.5,4.7,8.5,4.3,1.6,3.3,5.6,7.5,6.4,0,0,1,Creative,UI/UX Developer
7.6,9.5,6.9,8.6,8.0,6.1,9.8,8.2,6.7,6.2,6.0,2.4,9.5,8.9,8.0,6.0,7.1,9.7,2.5,7.6,5.1,4.2,7.2,3.5,5.7,0,3,1,Technical,AI Engineer
8.34,2.7,3.9,2.6,3.9,7.0,3.0,4.0,2.8,0.0,1.1,8.5,5.2,7.8,5.6,9.8,7.4,3.1,8.6,3.9,3.1,4.6,7.9,8.8,6.8,2,0,0,Technical,UI/UX Developer
7.7,4.0,2.3,2.5,7.1,3.5,3.3,7.1,5.4,3.4,3.5,7.1,8.7,9.2,7.1,6.3,9.1,5.0,3.5,6.9,3.6,6.4,3.4,8.0,8.6,0,2,0,Managerial,Business Analyst
7.51,5.7,4.7,6.2,7.1,6.6,4.1,3.8,8.8,7.1,9.2,3.9,7.5,8.0,4.4,8.6,8.2,2.7,5.1,5.0,6.5,8.4,7.9,2.1,6.5,1,3,1,Technical,DevOps Engineer
7.79,5.3,2.7,2.0,2.3,8.4,2.3,3.1,1.7,2.8,2.1,10.0,7.4,4.7,5.9,8.3,6.7,2.8,9.6,3.5,1.3,3.1,5.3,8.2,5.1,3,1,1,Creative,UI/UX Developer
6.87,3.8,1.7,1.4,3.8,8.3,2.3,4.9,4.0,2.0,2.5,7.2,5.5,7.6,6.3,8.7,7.5,2.9,8.3,3.7,2.3,3.5,4.6,8.6,7.2,3,7,0,Creative,UI/UX Developer
8.22,7.2,4.3,3.1,6.9,3.5,7.7,10.0,4.8,1.7,3.0,4.0,8.6,8.8,10.0,5.7,8.1,7.5,3.4,10.0,2.1,4.1,3.9,3.6,8.4,2,3,1,Analytical,Data Scientist
7.63,4.0,2.8,1.6,4.0,7.7,2.5,2.9,2.1,2.0,2.8,8.7,5.1,7.3,6.2,10.0,9.0,4.0,8.0,3.3,2.1,3.4,5.6,9.8,5.5,1,2,0,Creative,UI/UX Developer
7.86,8.5,2.3,3.4,7.9,3.1,9.7,8.4,4.6,3.6,3.1,2.2,9.1,8.4,9.2,9.0,7.3,9.1,3.0,9.9,0.7,4.1,4.6,3.5,6.1,0,2,0,Analytical,Data Scientist
7.11,6.9,5.2,6.2,5.7,6.0,3.8,4.6,6.4,8.5,6.7,2.2,9.7,10.0,6.1,4.7,6.8,3.6,4.0,4.3,9.9,4.3,7.1,4.0,4.0,1,3,0,Technical,Cybersecurity Analyst
7.07,6.6,6.2,5.0,8.3,6.8,2.3,3.7,9.9,6.6,9.1,1.9,8.1,8.5,8.3,6.7,8.6,4.0,6.2,4.2,6.5,8.8,6.8,1.9,4.4,0,5,0,Technical,Cloud Engineer
6.87,8.8,4.0,2.5,9.5,4.3,4.8,10.0,3.3,3.1,2.3,3.9,7.9,6.0,6.8,8.4,7.8,5.7,3.7,9.9,1.1,5.0,3.9,5.3,8.1,0,0,1,Analytical,Data Analyst
7.07,8.4,7.7,7.5,4.9,5.7,2.9,6.9,3.8,5.6,6.1,4.3,9.9,8.9,7.4,6.4,8.3,5.2,5.3,2.5,3.8,4.1,8.9,5.4,3.5,2,4,1,Technical,Software Developer
6.5,8.7,3.4,4.4,7.4,4.9,8.1,7.6,9.0,3.0,7.0,3.0,8.3,7.6,9.2,7.9,7.3,9.3,3.3,9.9,3.4,6.4,5.8,5.4,3.1,3,1,1,Technical,AI Engineer
6.8,4.1,3.4,2.0,5.4,6.9,1.9,3.6,4.6,1.7,1.6,8.9,6.5,9.2,5.9,8.4,8.2,2.9,8.9,2.4,2.0,0.8,3.8,7.7,7.6,2,0,1,Creative,UI/UX Developer
8.39,6.7,5.8,3.6,10.0,4.2,8.5,8.6,6.6,4.7,2.9,3.3,10.0,7.5,9.0,6.7,7.8,5.8,3.8,10.0,3.7,4.1,1.1,3.3,7.7,3,5,1,Analytical,Data Scientist
6.0,3.0,0.9,1.3,7.1,3.7,2.7,6.4,4.8,2.5,0.9,6.7,6.4,6.4,7.8,7.6,10.0,5.6,1.9,6.9,2.0,4.1,4.9,7.1,9.5,0,1,1,Managerial,Business Analyst
8.47,3.6,3.8,0.9,9.4,4.8,3.6,8.6,4.0,3.6,3.0,6.7,6.4,7.9,6.5,10.0,8.4,4.7,2.4,7.7,2.9,4.6,7.1,5.4,10.0,1,0,0,Managerial,Business Analyst
7.12,6.4,4.3,4.0,6.5,2.8,7.0,8.9,5.5,3.2,4.6,5.2,8.7,9.2,10.0,8.6,7.2,8.7,2.1,8.3,2.9,4.6,7.1,4.4,7.3,2,1,0,Managerial,Data Scientist
9.1,6.8,2.5,3.4,8.2,2.3,6.0,10.0,4.3,1.9,2.6,5.0,7.0,8.0,9.3,8.6,6.3,5.5,3.2,10.0,1.1,4.0,5.0,3.8,7.5,4,1,0,Analytical,Data Analyst
8.36,5.7,4.2,9.1,6.8,3.2,3.2,3.3,6.4,9.4,7.4,1.1,7.9,8.9,7.8,8.3,5.0,4.7,5.5,5.9,9.4,7.0,7.6,2.3,5.2,1,4,1,Technical,Cybersecurity Analyst
8.56,7.0,3.7,6.7,5.7,6.1,3.6,4.9,5.1,10.0,7.0,2.6,8.2,9.5,7.8,6.2,6.1,3.5,4.9,4.6,10.0,7.7,5.9,3.2,6.1,2,3,0,Technical,Cybersecurity Analyst
7.9,7.4,4.7,2.4,7.9,3.5,8.0,6.6,3.6,2.2,4.6,4.3,8.5,7.5,9.4,5.5,4.4,8.2,2.4,10.0,3.2,6.8,4.4,4.5,6.7,2,2,0,Analytical,Data Scientist
9.8,8.5,5.5,4.6,8.9,4.3,9.7,9.6,5.4,2.4,4.5,2.4,9.2,9.3,8.8,7.5,8.0,9.3,4.0,9.9,3.1,5.0,5.5,5.6,7.3,2,2,1,Analytical,Data Scientist
7.4,8.0,3.6,3.0,9.9,2.4,9.5,9.3,5.2,5.0,2.3,3.9,8.0,9.6,9.4,5.6,8.4,9.0,1.9,8.6,1.6,4.8,5.2,3.6,6.5,1,2,0,Creative,Data Scientist
8.88,6.9,6.4,8.9,6.0,4.6,2.8,4.1,3.1,4.4,3.8,5.9,8.6,8.1,6.2,6.4,7.7,4.0,5.8,4.1,3.3,4.6,6.7,5.1,4.3,4,2,1,Analytical,Software Developer
7.85,8.0,8.3,5.2,5.2,6.8,3.9,4.9,4.8,1.8,3.9,3.0,8.7,8.1,8.9,8.1,8.8,3.0,6.5,3.5,4.4,4.1,10.0,3.1,1.9,1,2,0,Creative,Software Developer
7.2,10.0,5.2,7.4,7.6,4.8,9.7,7.7,8.9,6.8,8.1,0.1,8.3,8.4,10.0,6.6,6.6,9.0,3.6,8.0,4.6,6.9,7.3,3.0,5.3,2,2,1,Technical,AI Engineer
7.28,7.5,2.1,1.2,6.2,3.5,3.5,8.2,4.6,1.0,3.4,3.7,8.0,6.8,7.2,9.7,5.7,6.6,2.0,10.0,3.2,4.5,2.7,5.3,10.0,0,4,0,Analytical,Data Analyst
8.92,7.9,6.1,8.7,5.4,4.8,8.7,6.8,5.7,3.0,5.1,5.2,9.5,9.3,7.8,8.5,8.6,9.8,4.1,8.1,4.8,5.4,6.3,2.6,4.5,2,1,0,Technical,AI Engineer
7.76,5.9,5.2,6.8,5.1,2.4,8.7,7.4,8.1,5.1,5.6,4.7,10.0,9.3,7.5,6.6,4.7,8.9,4.3,8.9,3.0,6.6,6.4,4.5,6.6,2,5,1,Technical,Machine Learning Engineer
8.31,5.2,4.2,2.0,1.9,9.1,3.4,3.4,3.3,0.4,4.4,10.0,5.3,6.6,4.7,6.7,9.2,2.6,7.5,2.8,0.7,2.3,6.5,10.0,8.5,1,1,1,Creative,UI/UX Developer
7.56,8.5,4.2,8.8,6.5,4.2,9.2,8.7,7.1,3.2,6.1,1.8,8.0,9.4,9.0,7.4,7.5,10.0,4.1,9.1,4.5,7.6,6.6,2.7,4.4,3,1,0,Technical,AI Engineer
8.21,8.1,3.4,0.0,9.7,3.1,4.9,9.6,6.1,1.4,2.4,4.1,6.8,6.3,5.5,8.5,9.7,7.3,2.1,9.2,3.4,4.5,4.1,4.7,9.3,1,6,0,Analytical,Data Analyst
7.12,3.8,3.2,2.0,4.4,9.4,3.2,6.0,5.4,3.0,5.0,7.9,7.9,6.8,7.5,8.2,9.1,5.2,10.0,4.1,4.5,5.2,7.8,8.1,4.0,1,7,0,Creative,Web Developer
8.49,2.9,1.3,1.3,4.6,8.5,4.4,3.4,2.0,1.1,3.0,10.0,5.6,6.8,4.6,8.9,6.1,3.5,9.0,4.8,0.3,3.1,7.4,10.0,6.7,4,2,0,Technical,UI/UX Developer
6.6,8.1,7.9,7.3,7.3,3.1,3.4,5.2,5.6,10.0,5.9,4.2,9.0,9.0,7.4,9.1,6.8,3.3,4.9,3.8,8.4,5.9,5.3,0.0,4.9,3,2,0,Technical,Cybersecurity Analyst
6.92,5.7,3.5,4.1,9.2,10.0,0.8,3.9,5.6,5.9,4.4,7.4,6.2,6.5,6.1,9.1,8.0,4.1,8.1,3.7,3.4,4.5,9.9,7.5,4.6,2,2,1,Creative,Web Developer
6.88,4.9,7.8,9.1,8.0,6.4,0.8,4.9,5.2,3.6,6.3,4.7,10.0,7.0,5.5,5.2,6.7,5.7,5.3,3.3,4.5,5.9,6.5,5.1,3.3,2,1,1,Technical,Software Developer
6.88,7.4,1.9,4.3,7.8,4.2,7.9,8.1,3.9,4.2,3.3,3.1,9.6,6.9,9.6,6.7,6.9,6.4,3.6,10.0,1.6,6.3,4.9,4.6,5.7,0,3,1,Analytical,Data Scientist
6.99,9.8,4.7,5.6,8.5,4.1,6.5,8.8,5.4,4.2,7.1,3.2,7.6,7.6,8.4,5.5,8.3,9.4,2.9,9.6,1.4,6.4,8.1,1.9,4.5,3,8,0,Technical,Machine Learning Engineer
7.47,5.1,0.8,2.5,6.7,4.2,4.2,8.8,5.8,2.0,3.7,4.9,7.9,6.6,7.9,8.1,9.6,5.4,3.4,8.3,4.7,5.7,5.3,7.2,10.0,2,4,1,Managerial,Business Analyst
6.08,5.4,6.0,6.3,6.3,5.0,2.3,4.3,8.9,6.9,7.9,3.5,8.2,6.0,6.6,7.4,8.7,4.6,5.0,2.7,7.3,8.4,6.4,3.4,5.5,3,3,0,Technical,Cloud Engineer
7.75,5.1,4.3,6.6,6.3,5.3,5.2,5.0,5.6,9.8,4.1,2.6,9.9,7.7,6.3,9.0,7.3,4.6,5.3,4.0,10.0,8.2,5.7,2.9,6.1,2,5,0,Technical,Cybersecurity Analyst
8.66,7.3,5.6,6.2,5.5,4.3,6.7,3.7,5.8,9.7,9.2,2.5,8.8,7.2,5.9,7.1,7.7,3.8,4.2,3.3,10.0,7.0,7.1,2.5,5.9,0,1,0,Technical,Cybersecurity Analyst
7.27,4.1,4.4,0.6,2.4,10.0,2.3,2.7,2.9,1.8,2.7,10.0,5.5,6.8,3.8,8.3,7.8,3.8,8.3,4.1,3.5,1.7,5.7,7.8,6.6,2,4,1,Creative,UI/UX Developer
7.11,8.0,3.5,6.1,8.2,2.7,8.2,6.0,6.1,3.7,6.2,5.1,10.0,9.8,9.8,5.1,7.1,10.0,6.1,9.3,3.4,7.8,6.6,5.0,4.0,3,4,1,Technical,AI Engineer
8.39,6.6,5.4,2.8,7.6,5.1,10.0,8.7,4.0,3.9,4.0,2.8,8.7,7.1,9.2,6.5,4.8,6.7,2.3,9.6,4.4,6.6,3.3,3.8,6.3,6,4,1,Analytical,Data Scientist
8.04,7.6,1.9,5.3,8.2,3.0,8.8,9.8,3.3,3.1,4.1,5.6,9.4,9.4,8.5,8.2,6.5,8.4,3.6,9.1,3.3,6.4,4.6,2.9,6.0,2,0,1,Analytical,Data Scientist
7.5,6.2,6.6,6.9,5.5,5.7,4.4,3.6,4.6,4.0,4.6,3.9,8.6,9.5,8.1,8.8,7.6,6.5,5.1,6.3,3.6,4.7,8.9,3.8,4.1,2,3,1,Technical,Software Developer
8.03,8.6,5.5,5.8,4.8,4.8,3.5,6.0,5.0,10.0,6.0,3.7,9.6,7.4,6.9,8.4,7.9,4.8,5.6,4.3,7.7,8.1,5.3,1.2,6.9,2,5,1,Technical,Cybersecurity Analyst
6.93,3.9,2.0,3.7,3.0,8.6,2.8,3.2,1.8,2.1,3.6,10.0,6.7,6.6,4.8,9.2,9.3,4.4,8.0,5.0,1.3,3.3,4.7,8.3,7.2,2,4,1,Analytical,UI/UX Developer
7.01,5.6,1.7,2.0,3.1,8.1,1.2,3.4,2.8,0.0,1.3,9.8,6.4,5.4,6.5,6.9,9.1,1.4,8.5,4.7,4.2,3.9,6.6,8.5,5.8,2,3,1,Creative,UI/UX Developer
6.0,7.2,4.8,4.8,6.5,10.0,3.0,0.5,7.1,3.0,5.2,8.1,7.6,7.9,5.3,6.9,9.3,2.9,9.6,4.3,2.8,5.5,9.2,8.4,6.2,2,2,1,Creative,Web Developer
7.23,7.7,6.3,7.3,7.3,7.0,2.5,4.6,5.9,9.4,3.8,2.7,8.3,9.3,9.5,7.0,6.7,4.4,5.1,5.0,9.5,7.1,7.0,2.4,5.1,2,4,0,Technical,Cybersecurity Analyst
7.22,5.2,3.7,1.1,6.6,3.5,4.7,8.4,4.8,3.8,2.9,6.3,7.2,6.4,6.5,9.6,6.4,2.4,3.3,9.5,1.7,7.2,4.4,5.5,8.7,1,5,1,Managerial,Business Analyst
7.78,8.3,5.6,5.5,9.4,2.8,9.2,7.4,6.4,3.6,6.1,2.3,8.9,8.9,8.9,7.0,7.9,10.0,4.1,8.2,1.8,6.7,8.7,2.2,4.3,1,1,1,Technical,Machine Learning Engineer
8.53,6.8,8.3,6.1,4.0,4.4,3.1,6.1,6.0,4.7,8.7,4.2,7.2,7.9,6.0,8.8,9.2,2.7,5.4,4.5,7.3,10.0,6.1,3.8,4.2,4,4,1,Technical,Cloud Engineer
7.66,9.9,5.0,7.5,6.7,6.1,9.2,8.7,8.1,3.8,5.9,3.1,10.0,8.0,8.2,6.7,5.7,8.8,5.2,8.7,3.5,7.9,9.8,3.8,6.6,1,2,0,Technical,AI Engineer
8.69,7.7,4.4,3.5,9.3,3.4,9.2,7.3,4.8,3.7,5.4,4.6,10.0,9.4,9.0,7.1,9.0,9.4,2.4,8.3,2.3,5.6,3.3,3.4,7.3,2,4,1,Analytical,Data Scientist
8.1,2.3,3.2,2.4,5.8,9.2,3.0,2.5,2.5,4.2,2.4,10.0,6.1,6.1,3.3,8.4,8.6,3.1,8.1,5.0,0.0,2.6,5.7,10.0,6.7,1,4,1,Creative,UI/UX Developer
8.57,8.5,6.2,7.9,6.4,7.4,1.3,6.3,4.1,4.4,4.3,3.6,6.1,9.8,6.7,6.3,9.5,5.1,5.3,3.3,4.3,5.8,10.0,2.2,4.8,2,2,1,Technical,Software Developer
7.67,4.2,4.4,3.2,6.6,7.1,2.1,3.3,2.9,1.4,2.5,9.1,7.3,7.4,4.3,9.5,6.8,4.4,9.0,2.4,2.2,1.8,6.0,7.7,7.0,1,4,0,Creative,UI/UX Developer
8.26,7.1,3.7,2.5,9.3,0.8,2.8,10.0,2.3,2.4,2.6,3.9,8.4,7.7,9.8,7.3,9.1,5.4,2.3,10.0,2.6,4.0,4.3,4.3,7.1,1,4,1,Analytical,Data Analyst
8.68,5.4,4.0,7.9,6.0,4.3,4.4,6.4,5.2,7.1,7.6,3.1,7.3,8.0,5.9,7.7,8.1,5.2,5.2,5.4,8.7,6.0,6.0,2.2,5.0,2,3,0,Technical,Cybersecurity Analyst
8.32,7.4,4.0,3.9,6.2,2.6,10.0,8.8,5.3,5.0,3.6,3.9,9.6,8.1,8.2,5.0,6.0,7.5,3.2,8.3,5.4,3.8,6.5,4.2,7.9,2,0,0,Analytical,Data Scientist
7.89,9.4,3.8,2.3,8.0,2.9,8.5,7.8,5.9,2.5,5.6,4.7,8.0,8.5,9.6,5.8,7.5,6.6,4.7,8.6,4.2,3.7,5.6,2.7,6.7,4,4,0,Analytical,Data Scientist
6.98,7.2,5.4,5.9,4.3,6.6,3.0,2.4,8.6,7.0,7.5,3.4,9.8,10.0,5.7,8.2,7.3,2.9,4.4,5.0,7.7,8.8,6.4,3.2,2.7,1,7,1,Technical,Cloud Engineer
8.75,8.1,2.7,7.4,6.2,4.1,9.4,8.2,4.6,3.5,7.0,1.5,7.3,7.8,9.3,4.3,7.9,9.9,3.7,6.9,2.6,7.4,8.9,1.9,6.3,2,2,0,Technical,Machine Learning Engineer
7.88,5.3,2.9,1.6,6.7,4.4,6.0,7.7,3.8,2.0,2.6,4.5,10.0,6.6,6.4,8.4,7.6,6.1,3.7,8.3,2.6,5.7,3.6,7.0,8.1,4,2,1,Managerial,Business Analyst
7.05,6.2,4.8,5.0,6.3,6.7,2.1,4.8,10.0,7.1,9.5,4.3,7.9,7.6,7.8,7.5,7.9,5.5,5.9,4.3,8.4,9.7,5.4,3.6,5.8,2,2,1,Technical,Cloud Engineer
8.2,5.8,3.3,0.9,9.0,3.1,4.9,8.0,3.1,2.6,2.4,5.2,8.5,7.3,8.8,7.8,7.3,4.3,4.1,8.7,3.4,4.2,7.0,4.3,9.4,1,5,0,Analytical,Data Analyst
7.67,6.0,3.9,6.7,6.5,5.6,7.1,8.4,7.4,4.5,5.7,4.3,8.8,8.0,8.8,7.1,5.9,6.8,4.7,7.2,1.2,7.1,7.3,2.0,4.3,2,2,1,Technical,AI Engineer
8.09,6.9,4.6,5.8,6.6,9.7,2.0,2.0,4.9,3.7,7.0,8.0,6.7,8.1,5.0,7.2,9.1,4.5,7.7,2.6,3.1,4.2,8.3,9.2,4.6,2,2,1,Creative,Web Developer
7.61,9.2,5.7,7.0,6.2,3.5,9.8,8.0,3.7,3.1,7.1,3.2,7.9,8.2,6.4,7.1,7.7,9.4,3.6,7.3,3.9,4.7,8.4,3.6,6.3,1,3,0,Creative,Machine Learning Engineer
7.47,7.8,4.7,3.0,7.1,4.1,6.4,10.0,2.7,1.8,4.1,3.7,6.1,7.8,6.8,6.2,8.9,5.2,2.4,8.4,2.2,4.6,4.4,3.3,8.5,2,7,0,Analytical,Data Analyst
8.15,9.5,9.6,6.8,6.6,5.7,3.1,4.3,5.6,0.8,5.4,3.6,7.2,9.4,8.6,7.3,6.4,2.8,2.7,4.2,4.6,4.9,10.0,2.5,3.8,1,4,0,Technical,Software Developer
8.21,8.4,7.3,5.7,7.1,4.6,3.0,2.7,9.4,7.5,8.1,2.3,7.4,8.7,6.4,7.0,7.6,6.0,7.6,3.8,4.8,6.6,5.2,3.5,4.8,2,0,1,Technical,DevOps Engineer
7.74,9.9,2.8,7.0,8.7,4.7,10.0,8.4,4.7,3.7,6.9,1.8,8.9,5.8,8.1,6.0,8.5,8.8,3.7,8.4,2.9,7.3,5.3,4.3,5.0,2,1,0,Technical,Machine Learning Engineer
7.68,9.4,4.1,5.3,7.4,1.4,6.8,8.0,4.5,2.4,5.3,2.3,10.0,7.6,7.6,7.3,8.6,7.7,2.3,8.4,4.3,4.5,5.5,4.1,6.9,2,1,1,Technical,Data Scientist
8.6,10.0,5.1,7.8,7.0,4.1,10.0,8.8,6.4,5.0,7.6,4.7,10.0,8.6,8.0,6.0,7.9,10.0,5.2,6.9,2.7,7.3,8.9,3.3,6.7,0,3,1,Technical,Machine Learning Engineer
7.35,3.5,2.1,2.9,3.6,8.9,0.0,1.9,2.2,1.3,0.0,9.1,6.3,8.6,4.7,6.2,8.8,4.1,7.7,5.6,3.4,2.2,7.3,10.0,5.9,2,7,1,Creative,UI/UX Developer
8.7,6.1,5.8,6.7,6.2,3.4,3.6,4.7,6.0,9.6,7.7,3.3,7.6,9.6,8.2,7.7,8.8,4.3,7.4,5.3,7.0,9.0,4.7,2.4,4.5,1,2,1,Technical,Cybersecurity Analyst
7.01,8.4,4.2,4.1,10.0,2.7,8.9,5.8,6.0,3.6,3.9,4.4,7.9,7.2,7.9,6.6,5.6,7.0,2.1,8.6,3.1,3.7,4.0,3.3,7.5,1,1,0,Analytical,Data Scientist
8.4,9.7,5.3,7.9,6.1,2.0,9.8,7.9,7.4,4.0,6.4,3.2,10.0,8.7,9.3,6.8,5.2,8.1,4.0,8.0,2.5,7.7,5.9,2.8,4.0,0,6,1,Technical,Machine Learning Engineer
8.73,5.6,2.7,2.3,6.1,4.2,3.5,8.2,2.3,1.7,2.9,8.3,7.2,7.5,5.9,10.0,8.0,5.9,4.2,8.8,3.9,3.0,2.3,4.3,10.0,3,1,0,Managerial,Business Analyst
8.38,3.3,4.6,1.6,3.2,10.0,1.2,2.0,4.1,2.9,4.0,9.5,6.8,6.7,3.4,8.2,8.0,5.0,9.0,1.9,1.7,2.0,4.3,7.6,8.7,0,2,1,Creative,UI/UX Developer
8.43,8.9,6.0,4.9,6.9,7.7,4.4,4.1,9.6,6.0,10.0,1.0,5.7,9.1,6.1,5.2,7.6,3.1,5.8,4.1,7.0,10.0,7.2,1.3,4.6,2,7,0,Analytical,DevOps Engineer
7.41,2.5,2.2,3.0,3.9,8.1,1.7,4.8,1.5,0.3,3.8,9.4,6.6,9.6,5.6,8.3,8.9,3.5,9.1,3.6,0.6,2.5,6.7,10.0,8.1,2,2,1,Creative,UI/UX Developer
6.87,5.5,6.4,4.3,8.5,9.6,3.4,3.9,6.8,0.8,3.8,5.9,6.7,8.1,5.8,6.6,8.2,4.4,10.0,4.3,3.3,6.1,7.9,8.8,4.3,1,2,1,Creative,Web Developer
9.26,4.6,4.4,2.0,8.3,4.1,5.9,8.8,3.5,3.7,5.4,6.9,7.5,8.0,5.9,8.6,9.8,5.7,4.9,8.1,1.2,3.7,2.8,5.7,9.3,4,3,1,Managerial,Business Analyst
7.67,7.2,2.9,7.4,6.7,3.6,7.3,6.9,6.5,3.8,6.3,4.5,8.4,10.0,8.7,6.6,8.0,8.8,3.6,7.2,4.5,6.9,8.7,3.2,6.2,2,0,1,Technical,Machine Learning Engineer
7.11,4.6,8.1,6.5,7.1,4.1,4.6,5.9,7.5,9.1,7.1,1.8,8.9,8.6,5.7,5.0,6.7,4.2,4.7,6.2,10.0,7.2,6.6,2.4,5.2,1,0,0,Creative,Cybersecurity Analyst
6.96,5.5,8.8,9.3,5.6,5.9,2.7,3.3,5.7,5.1,4.0,4.0,9.4,9.3,7.9,8.0,8.5,5.1,6.2,3.6,4.1,4.4,6.9,3.7,4.4,1,3,1,Technical,Software Developer
9.18,5.3,2.1,2.3,8.8,3.6,3.6,10.0,6.6,3.1,4.0,6.5,8.4,8.5,7.8,7.8,8.6,3.8,3.2,8.4,3.6,3.7,3.3,5.4,7.8,1,0,0,Managerial,Business Analyst
7.21,6.2,7.3,5.1,7.5,6.4,4.6,5.4,10.0,8.9,8.4,4.3,6.2,7.9,7.7,4.9,9.1,2.6,7.9,7.3,4.5,10.0,6.6,4.2,5.5,2,3,1,Technical,Cloud Engineer
7.21,4.8,3.1,2.1,5.9,2.0,3.8,9.2,5.9,5.1,3.6,7.1,8.7,7.0,5.9,9.1,10.0,3.7,3.4,8.9,2.9,4.5,5.3,9.9,8.1,3,3,1,Managerial,Business Analyst
8.34,6.7,3.2,4.2,5.9,4.7,3.0,6.5,8.4,4.8,9.4,3.2,8.4,7.0,7.3,9.6,9.4,5.2,4.9,3.4,5.5,8.3,7.9,3.8,5.1,4,2,1,Technical,DevOps Engineer
6.6,8.3,4.0,3.6,10.0,1.6,8.8,9.1,4.5,3.7,3.3,4.5,7.1,8.6,10.0,6.5,6.5,10.0,4.4,10.0,2.6,5.4,5.5,3.1,5.8,1,3,1,Creative,Data Scientist
7.64,5.4,4.7,3.1,7.2,10.0,0.0,3.7,2.7,2.4,1.3,9.9,7.3,6.0,4.9,7.7,8.1,3.3,8.4,3.7,1.8,2.9,7.6,8.0,4.4,3,3,0,Creative,UI/UX Developer
6.41,7.8,4.4,3.0,10.0,3.6,7.7,7.3,6.5,2.3,4.4,2.7,8.6,7.8,8.7,6.6,8.1,8.0,2.8,8.9,4.8,6.0,5.9,2.3,6.3,1,0,1,Analytical,Data Scientist
8.62,3.5,3.1,3.5,2.9,8.4,0.5,3.6,2.4,1.9,5.2,8.9,7.7,6.4,6.4,8.2,9.4,2.7,9.0,3.9,2.6,3.7,4.7,9.9,5.0,3,3,1,Creative,UI/UX Developer
8.83,5.7,3.9,2.2,6.9,4.2,4.0,7.5,3.9,2.6,1.8,6.1,10.0,9.0,9.1,9.6,10.0,4.3,2.8,7.3,4.1,5.4,4.3,6.3,10.0,1,3,1,Managerial,Business Analyst
8.41,7.6,3.9,1.9,8.1,3.4,7.0,8.1,3.5,0.1,3.5,4.4,6.5,7.4,9.1,7.6,7.2,6.6,3.0,8.2,2.8,5.2,3.8,5.1,6.6,1,0,1,Analytical,Data Analyst
7.48,4.6,3.3,4.5,7.6,3.3,2.1,7.0,4.3,4.1,3.4,7.7,6.0,10.0,8.5,6.7,9.4,4.1,2.1,8.0,3.6,6.1,2.7,5.0,10.0,3,0,1,Managerial,Business Analyst
8.35,5.3,2.2,2.2,8.6,3.0,3.4,7.8,4.0,4.7,4.1,7.5,7.4,8.8,9.7,8.9,9.0,3.2,5.1,9.3,2.8,5.9,3.8,8.6,7.5,2,2,0,Managerial,Business Analyst
7.83,4.8,5.8,4.8,6.8,7.0,0.9,6.8,8.3,6.1,7.9,4.1,7.7,10.0,6.2,6.8,10.0,3.9,5.5,3.9,7.1,8.4,6.6,4.9,4.8,1,2,1,Technical,DevOps Engineer
8.79,6.0,3.9,3.9,6.3,5.4,1.5,7.2,10.0,7.0,8.0,2.4,8.6,7.9,7.9,8.0,6.6,3.7,7.1,5.8,5.3,9.0,6.3,3.0,5.4,2,3,0,Technical,Cloud Engineer
8.11,6.8,6.1,3.6,4.7,4.0,3.8,0.0,8.9,7.5,9.7,2.3,7.1,10.0,6.9,5.4,7.2,5.3,7.9,4.0,8.3,8.7,6.2,1.4,7.3,3,6,0,Technical,DevOps Engineer
8.61,8.3,2.5,4.4,7.9,4.8,8.7,9.8,4.9,4.3,4.2,4.5,6.6,9.7,8.8,8.0,6.6,9.8,3.2,9.2,5.1,2.3,4.5,3.8,6.1,1,2,1,Analytical,Data Scientist
8.17,3.9,0.8,2.0,4.6,9.1,0.2,4.8,4.8,1.1,3.9,8.1,5.3,6.5,3.6,10.0,9.5,4.6,8.7,3.9,1.2,3.5,6.0,8.8,5.4,1,1,1,Creative,UI/UX Developer
6.74,5.4,9.7,4.7,5.7,4.5,4.2,3.6,9.7,7.2,8.3,0.9,9.5,8.6,8.7,7.6,6.7,4.1,5.8,4.7,5.8,9.8,5.8,4.7,3.9,3,0,1,Technical,Cloud Engineer
8.73,1.7,2.2,2.2,7.1,4.7,2.8,7.1,2.8,2.8,2.7,6.1,8.5,7.7,7.0,9.4,10.0,4.3,4.8,9.8,4.4,6.7,3.8,8.2,7.6,2,2,1,Managerial,Business Analyst
7.64,10.0,5.5,7.8,5.3,3.1,8.0,7.8,5.7,5.6,4.7,4.4,9.3,10.0,7.8,10.0,7.2,10.0,4.4,6.8,3.2,7.0,6.7,3.7,6.0,2,1,1,Technical,AI Engineer
8.39,7.8,6.4,7.7,7.6,4.2,2.7,5.7,8.0,8.5,6.9,4.4,8.4,7.0,8.5,7.7,7.2,5.3,4.7,6.7,9.4,4.4,5.6,0.4,5.1,3,1,1,Technical,Cybersecurity Analyst
7.25,8.0,4.1,3.3,9.0,4.7,9.4,8.1,4.8,2.0,4.8,3.5,9.4,7.6,8.8,7.0,6.2,6.6,1.5,10.0,2.1,5.7,5.0,3.6,6.5,1,3,1,Analytical,Data Scientist
7.78,8.9,3.1,1.4,7.6,4.0,3.2,10.0,1.9,3.3,3.9,4.5,7.2,8.9,9.5,7.3,8.1,6.1,3.7,9.6,1.6,4.3,1.7,6.5,6.1,0,3,1,Analytical,Data Analyst
7.73,5.9,3.8,2.2,7.7,9.7,5.8,3.2,4.5,5.2,5.9,7.2,7.9,9.7,4.7,6.7,8.5,3.3,8.8,4.9,4.5,4.9,7.1,8.4,6.3,1,1,1,Creative,Web Developer
8.13,3.5,1.5,3.0,9.3,3.0,3.7,9.5,3.7,2.0,4.4,7.6,6.0,7.8,6.9,9.0,9.4,4.9,3.6,8.0,4.1,4.2,2.3,6.1,8.9,2,4,1,Managerial,Business Analyst
7.98,5.9,4.4,2.8,6.6,9.3,1.7,3.4,3.3,4.3,5.3,6.3,8.2,7.6,7.6,7.3,9.5,4.7,8.2,2.9,5.8,6.0,6.9,8.6,4.3,2,5,0,Creative,Web Developer
7.71,6.2,5.9,5.4,8.1,3.9,3.7,5.7,9.9,4.9,7.9,1.9,8.3,9.5,4.8,7.2,8.0,6.0,6.9,5.6,5.7,10.0,5.6,3.0,6.6,0,3,1,Technical,Cloud Engineer
8.44,6.7,4.4,3.1,6.8,10.0,3.2,2.0,5.0,3.6,5.1,6.9,8.6,7.9,6.1,7.8,8.1,2.5,8.5,2.6,4.3,4.4,7.2,7.7,5.6,0,3,1,Creative,Web Developer
7.61,10.0,4.4,8.0,6.6,4.8,9.1,7.1,5.8,3.0,6.8,4.0,9.2,10.0,10.0,6.0,8.6,8.2,3.5,8.2,4.9,5.6,7.6,3.6,3.4,2,0,1,Technical,AI Engineer
7.68,7.3,6.1,4.9,6.5,6.1,3.0,6.0,10.0,8.1,8.3,3.2,9.0,8.9,5.0,7.3,7.4,4.7,6.3,2.4,7.0,7.5,8.6,2.1,3.6,1,0,0,Managerial,DevOps Engineer
8.53,8.6,4.7,8.4,5.2,4.2,7.5,5.8,6.0,3.5,7.9,2.7,8.4,8.2,7.9,2.6,6.1,10.0,1.3,8.0,3.2,7.3,7.6,3.5,4.2,1,4,1,Technical,Machine Learning Engineer
7.87,5.5,5.4,7.1,6.6,6.4,4.3,4.7,6.7,8.7,6.4,2.9,7.1,9.3,9.5,7.6,4.8,4.0,3.6,4.7,10.0,5.7,8.1,0.0,4.7,1,4,1,Technical,Cybersecurity Analyst
7.5,7.3,5.7,5.7,6.2,5.8,1.8,3.8,6.4,8.7,7.5,3.1,8.0,8.4,6.6,5.9,8.7,4.9,6.2,4.6,8.4,8.9,7.4,1.2,5.9,2,1,0,Managerial,DevOps Engineer
6.93,6.5,7.0,8.2,6.6,5.0,3.6,4.6,4.2,4.0,5.6,3.1,8.6,8.8,5.9,6.7,7.4,3.3,5.4,2.9,3.5,5.0,8.4,2.4,3.2,2,5,0,Technical,Software Developer
8.24,4.8,2.4,2.3,8.1,2.9,4.3,7.0,3.3,2.4,2.7,5.4,6.7,8.7,5.9,9.9,9.9,2.8,4.1,8.0,1.8,4.1,4.6,7.3,8.4,5,3,1,Managerial,Business Analyst
7.94,10.0,5.3,8.3,6.4,6.2,8.9,8.6,7.2,6.0,5.5,4.8,8.9,8.1,8.9,4.5,8.0,10.0,6.1,6.9,3.2,5.6,7.9,3.0,4.1,1,2,1,Technical,AI Engineer
9.27,6.7,4.1,2.6,7.8,4.1,4.8,9.3,3.4,2.0,2.1,2.9,7.7,7.4,7.7,9.3,6.8,4.6,3.8,8.7,2.2,3.6,3.7,5.8,7.6,2,4,0,Analytical,Data Analyst
7.9,8.3,4.7,5.4,8.9,4.3,9.5,9.6,4.2,5.4,5.2,3.8,8.9,7.1,8.7,7.1,6.5,9.4,3.1,7.7,1.7,2.8,6.0,3.8,7.8,3,1,1,Analytical,Data Scientist
7.11,4.0,6.1,2.0,6.8,9.7,2.2,3.1,5.5,3.4,5.3,7.5,6.1,9.4,5.6,8.0,7.1,1.9,10.0,3.5,4.2,5.0,10.0,8.8,5.7,1,2,0,Creative,Web Developer
7.25,10.0,5.1,7.9,6.3,3.8,7.1,7.7,6.7,2.9,6.4,3.3,8.4,8.7,7.7,5.5,8.4,7.9,4.9,7.0,5.2,7.1,7.1,4.0,6.2,5,0,1,Technical,Machine Learning Engineer
9.24,6.9,6.1,6.2,4.8,3.9,2.1,5.3,6.1,9.0,6.7,2.8,9.2,10.0,6.1,4.9,6.4,4.3,5.5,5.8,8.3,5.2,7.5,2.9,5.4,0,2,1,Technical,Cybersecurity Analyst
6.29,2.5,3.7,0.5,2.1,7.6,2.4,2.9,2.6,1.4,1.5,8.5,5.6,7.7,3.8,9.6,9.3,1.8,8.9,3.6,3.5,2.1,6.2,10.0,4.6,1,1,0,Creative,UI/UX Developer
8.28,6.7,1.5,2.5,9.1,0.4,3.6,8.2,4.1,1.1,3.0,4.8,7.8,6.7,6.8,6.8,7.9,5.6,2.2,10.0,1.7,5.7,3.3,2.8,8.4,0,1,1,Creative,Data Analyst
6.41,6.7,7.3,4.5,6.6,4.7,5.2,3.8,8.6,7.0,6.8,3.2,7.3,10.0,5.5,6.4,7.0,4.7,6.2,3.9,6.2,9.7,7.5,2.2,3.3,0,3,0,Technical,Cloud Engineer
7.62,6.0,2.1,1.2,7.8,1.0,5.4,8.5,4.5,1.7,3.0,4.2,8.0,6.5,7.5,9.6,8.1,5.3,1.5,10.0,2.7,4.3,4.2,4.8,8.7,4,2,0,Analytical,Data Analyst
6.7,8.1,5.1,4.6,6.6,7.5,3.0,4.7,9.9,5.9,7.7,2.9,6.9,6.7,6.9,6.8,7.4,5.3,4.1,5.6,6.8,8.0,7.1,3.6,5.8,1,3,0,Technical,Cloud Engineer
7.94,2.6,3.2,0.0,3.8,8.6,3.2,3.1,4.4,2.7,3.3,9.7,5.2,8.5,6.7,10.0,8.8,3.7,8.0,3.9,0.7,4.1,4.4,10.0,8.6,1,5,0,Creative,UI/UX Developer
6.84,7.3,3.5,4.4,8.5,4.6,8.3,9.0,3.9,3.2,3.8,4.5,8.2,8.1,8.1,8.6,6.3,10.0,1.6,10.0,0.6,4.8,4.4,4.5,7.9,5,0,0,Analytical,Data Scientist
7.35,8.7,6.0,4.8,6.4,5.6,2.4,2.9,7.0,6.1,6.2,4.8,8.0,7.3,7.1,6.3,9.5,4.7,6.6,5.8,5.3,7.0,7.9,3.9,6.9,0,4,1,Technical,Cloud Engineer
7.11,8.4,8.7,5.0,3.8,5.9,2.4,3.7,4.5,5.1,5.1,4.3,6.5,4.8,8.2,8.9,6.6,4.3,6.4,5.8,5.0,5.5,9.1,4.1,2.4,2,2,1,Technical,Software Developer
8.43,8.9,5.8,4.0,8.9,6.3,1.1,3.4,6.0,6.7,9.4,3.0,8.1,8.4,7.2,8.1,7.7,4.3,7.3,5.3,5.9,10.0,8.0,3.0,4.9,0,2,0,Managerial,DevOps Engineer
8.48,6.0,6.6,4.1,5.6,3.5,5.4,5.5,6.2,10.0,6.0,5.1,9.8,10.0,5.8,9.2,6.3,2.6,4.5,6.1,9.3,6.7,4.9,2.6,5.5,1,4,0,Technical,Cybersecurity Analyst
7.56,5.9,3.8,4.7,7.0,8.6,1.8,5.0,4.3,4.1,5.8,6.2,7.2,8.2,5.9,8.0,8.1,4.9,8.3,4.0,4.0,5.1,8.4,6.8,4.7,0,2,1,Creative,Web Developer
7.72,7.5,2.3,4.8,6.9,1.6,7.5,8.7,5.9,3.4,2.8,4.9,9.3,9.0,7.8,6.8,7.3,9.1,1.8,10.0,2.8,6.0,3.6,4.2,5.6,2,3,0,Analytical,Data Scientist
7.15,5.9,3.9,3.7,7.6,1.2,5.5,7.5,2.3,1.9,0.0,6.1,7.5,7.8,7.4,7.8,9.0,3.9,5.3,7.2,0.0,6.9,5.6,7.0,10.0,0,3,0,Managerial,Business Analyst
6.71,9.7,9.0,7.6,7.9,5.1,3.6,4.2,5.3,5.4,5.8,4.3,6.2,7.4,6.9,6.6,5.8,6.7,7.7,4.7,4.1,4.8,8.0,4.1,4.3,4,3,0,Technical,Software Developer
7.24,7.7,6.9,6.9,8.1,6.4,3.9,4.3,5.9,3.6,4.2,4.8,9.2,7.5,6.4,6.3,8.8,4.6,4.5,3.9,3.7,3.7,8.9,3.7,3.6,3,0,0,Managerial,Software Developer
7.25,7.4,5.5,3.7,4.4,4.4,2.5,5.9,9.0,5.5,9.9,3.8,7.0,8.4,7.9,6.4,7.7,2.5,6.6,7.2,7.9,9.4,5.7,3.4,7.3,1,5,0,Technical,Cloud Engineer
8.67,6.1,8.4,5.0,5.8,7.0,1.4,6.5,7.7,7.5,9.2,1.9,9.6,9.1,9.9,7.4,7.3,2.0,5.7,4.3,6.1,9.3,7.4,1.6,4.5,3,3,1,Technical,DevOps Engineer
7.6,7.2,3.0,2.2,9.0,5.1,4.3,7.5,3.9,2.3,2.6,6.8,8.6,8.1,7.4,9.8,9.0,4.7,4.2,7.3,3.7,2.2,4.2,5.4,6.8,2,3,0,Managerial,Business Analyst
8.23,6.7,7.5,3.0,6.8,6.9,4.0,5.0,9.9,6.6,7.7,3.6,8.7,7.2,7.3,6.9,6.5,5.7,6.5,6.2,6.0,10.0,6.5,3.8,4.7,1,2,0,Technical,Cloud Engineer
8.66,3.8,5.4,3.8,4.8,9.1,2.0,5.1,4.1,4.9,6.1,7.1,8.9,7.5,7.5,10.0,9.0,4.7,9.0,5.5,5.0,4.5,9.6,8.1,5.7,1,0,0,Technical,Web Developer
8.57,5.8,4.4,5.7,6.0,7.7,2.8,4.8,10.0,7.4,8.5,4.8,10.0,8.4,7.8,8.7,8.4,3.9,6.4,3.9,5.4,7.6,6.7,4.1,7.0,0,1,0,Technical,DevOps Engineer
9.39,8.5,5.3,5.4,6.7,4.4,2.7,5.0,5.6,6.1,9.3,2.5,7.8,9.0,6.5,4.4,7.6,2.3,6.6,3.0,7.0,5.9,6.7,2.9,3.1,3,1,0,Technical,DevOps Engineer
8.0,5.6,5.6,7.8,7.4,4.6,3.3,7.8,7.3,9.9,7.1,3.1,9.1,8.9,7.4,6.7,6.9,6.2,5.9,4.1,10.0,6.4,5.2,3.0,4.1,3,3,1,Technical,Cybersecurity Analyst
8.43,7.4,6.0,3.4,6.1,5.8,2.6,4.2,9.1,8.1,9.0,5.1,7.4,8.6,6.8,8.2,9.3,3.3,5.4,3.2,7.4,8.6,5.6,3.6,3.9,1,1,1,Analytical,Cloud Engineer
7.54,5.9,2.6,3.4,6.5,9.9,2.5,1.6,5.7,2.5,3.6,7.2,7.2,6.1,5.8,7.4,7.9,2.1,9.7,4.2,2.5,3.8,8.9,9.7,4.8,1,2,0,Creative,Web Developer
7.59,7.7,4.6,0.6,7.0,10.0,2.0,4.0,4.3,3.8,6.3,8.3,7.9,8.1,5.8,7.8,9.3,4.0,9.8,2.3,3.1,6.5,8.9,8.6,6.2,0,2,0,Creative,Web Developer
9.08,7.1,3.5,1.3,8.5,2.1,3.6,9.7,3.3,2.5,2.8,6.6,8.6,7.8,5.9,7.5,7.4,5.1,3.7,9.7,0.9,4.7,3.5,4.3,6.8,5,2,1,Managerial,Data Analyst
7.08,6.5,3.8,3.5,6.4,10.0,2.6,4.5,4.9,5.0,4.1,7.5,7.0,10.0,4.7,9.8,6.5,4.8,8.8,3.8,3.8,4.1,8.1,7.5,5.6,2,1,1,Creative,Web Developer
7.38,6.7,6.7,2.6,5.1,2.7,2.8,6.2,8.0,6.6,7.9,1.9,7.2,5.8,7.0,8.6,6.1,4.7,7.2,6.0,7.3,10.0,5.0,2.2,5.4,1,2,1,Analytical,Cloud Engineer
6.81,10.0,4.8,6.1,6.6,4.1,7.9,7.8,7.5,1.2,7.2,4.6,8.9,8.1,9.6,7.0,6.4,8.9,4.2,9.5,2.6,7.3,6.5,3.8,5.6,1,2,1,Analytical,AI Engineer
8.06,4.3,4.3,1.7,7.9,3.6,4.3,8.0,2.6,2.6,2.0,3.7,9.3,9.7,6.7,8.8,8.2,4.5,5.1,9.7,3.1,2.6,5.2,5.2,9.0,0,3,0,Managerial,Business Analyst
8.51,10.0,4.7,3.9,7.2,4.5,9.6,8.4,5.6,2.6,4.5,3.6,8.4,7.2,9.3,9.4,7.4,9.6,3.8,8.9,3.0,4.4,6.1,4.5,8.1,1,6,1,Analytical,Data Scientist
8.95,7.9,4.3,7.6,7.8,4.3,8.4,6.2,6.4,2.6,9.2,3.1,7.6,8.6,9.3,7.8,6.7,9.4,4.6,7.5,3.9,6.8,8.1,3.0,3.3,3,3,0,Technical,Machine Learning Engineer
7.09,6.9,7.0,7.6,4.4,5.8,4.6,4.9,3.9,10.0,5.5,2.7,7.4,7.7,8.0,8.8,6.5,6.2,4.5,4.5,7.9,7.0,5.8,2.3,4.6,2,3,0,Technical,Cybersecurity Analyst
7.14,8.6,1.4,2.9,9.5,5.7,5.6,10.0,4.4,2.0,3.9,6.4,8.2,8.9,10.0,8.1,7.6,4.9,3.1,10.0,2.1,4.2,3.7,5.5,7.4,1,4,1,Analytical,Data Analyst
7.53,6.3,4.1,2.3,9.0,3.9,7.8,7.4,4.0,2.5,4.8,3.6,8.3,7.3,8.4,7.3,7.1,8.3,3.5,9.7,4.7,5.2,5.5,3.4,8.7,2,0,1,Analytical,Data Scientist
7.28,7.9,5.9,3.3,7.2,5.3,3.0,5.4,8.1,6.1,10.0,3.8,6.7,8.9,7.0,5.6,9.4,4.8,8.0,5.0,6.3,8.6,6.1,3.5,3.2,3,2,0,Technical,DevOps Engineer
8.84,7.0,2.6,0.1,8.6,3.5,4.7,10.0,3.6,1.6,5.4,3.6,7.3,7.9,8.7,9.0,6.4,6.8,3.5,8.6,1.2,4.1,6.4,5.2,10.0,2,2,1,Analytical,Data Analyst
6.29,8.3,6.3,7.7,7.9,4.6,4.9,4.7,6.2,9.0,5.1,2.3,8.4,9.2,6.8,6.4,7.8,3.5,4.9,5.7,10.0,7.9,6.4,2.6,6.8,2,1,1,Analytical,Cybersecurity Analyst
7.69,6.4,6.7,4.6,7.0,5.7,3.1,3.8,7.8,4.3,10.0,3.8,7.7,9.4,4.1,7.1,8.0,5.2,7.2,2.7,7.2,9.3,8.0,2.5,7.5,0,6,0,Technical,DevOps Engineer
9.0,7.9,4.7,1.6,5.0,9.9,2.9,3.6,5.3,5.1,5.6,7.9,6.8,9.1,5.4,8.6,7.6,4.6,10.0,4.2,5.6,4.6,8.1,7.6,3.2,3,3,1,Creative,Web Developer
8.45,6.2,6.1,4.4,6.4,5.0,4.5,4.3,9.1,7.0,9.4,3.7,6.7,10.0,7.6,6.2,7.1,3.5,6.8,2.2,5.6,7.1,8.9,3.8,4.8,3,5,0,Technical,DevOps Engineer
7.86,8.0,4.8,7.6,5.2,2.1,10.0,7.5,6.6,4.2,4.8,4.7,8.5,8.2,8.3,6.3,5.8,10.0,4.6,6.6,3.7,7.1,6.9,4.4,6.7,2,3,0,Technical,AI Engineer
8.17,9.4,3.0,5.8,6.8,4.1,8.9,8.3,4.2,4.1,6.6,2.8,10.0,7.8,8.2,6.8,6.1,7.3,2.7,8.4,3.2,6.5,6.8,1.6,5.2,1,3,0,Technical,Machine Learning Engineer
7.54,3.8,4.0,3.4,5.9,9.1,2.8,5.0,4.0,4.3,3.8,5.1,7.0,7.4,6.4,8.8,8.1,3.3,8.6,4.8,4.8,4.0,6.5,7.0,6.1,1,3,0,Creative,Web Developer
9.36,5.0,1.4,3.8,7.2,1.3,3.3,5.8,1.3,2.5,1.8,5.3,7.9,6.6,7.6,7.9,8.4,4.9,5.3,7.4,2.4,5.4,3.9,6.0,9.8,0,2,1,Managerial,Business Analyst
7.21,6.1,7.4,7.4,7.3,4.9,4.6,5.3,6.1,9.2,7.4,2.9,10.0,9.9,6.9,7.2,7.0,6.1,3.7,4.9,10.0,7.1,7.7,2.1,3.3,3,2,0,Technical,Cybersecurity Analyst
8.0,7.9,7.4,5.2,5.6,5.1,5.6,5.5,6.6,10.0,5.6,3.8,10.0,8.3,5.3,7.2,8.8,5.0,3.5,6.4,10.0,7.6,7.2,1.9,6.2,1,0,1,Technical,Cybersecurity Analyst
6.87,6.8,2.8,4.6,7.7,3.1,8.1,7.6,5.7,4.5,2.8,4.5,8.2,8.2,10.0,8.4,6.8,9.3,0.9,6.4,2.0,3.7,4.5,5.0,6.6,2,4,0,Analytical,Data Scientist
8.48,7.2,4.4,6.2,7.8,4.2,2.9,6.6,6.9,9.6,6.2,1.6,10.0,8.2,4.7,6.5,8.6,4.4,6.5,5.2,8.9,5.7,7.2,3.2,3.6,3,4,0,Technical,Cybersecurity Analyst
7.67,4.9,4.5,0.6,8.6,2.5,3.6,7.4,4.0,2.8,1.5,4.9,7.3,7.2,6.8,9.4,10.0,5.1,3.0,8.1,2.5,3.3,4.3,6.4,10.0,2,1,1,Managerial,Business Analyst
8.11,7.5,3.6,6.5,7.5,5.1,9.0,7.7,6.9,3.3,7.3,4.6,8.8,7.7,8.4,8.7,7.3,8.4,4.0,8.4,2.6,7.9,8.2,4.3,1.6,0,2,1,Technical,Machine Learning Engineer
6.49,7.2,4.9,5.4,6.2,7.6,3.0,5.3,9.2,6.4,9.6,1.9,9.3,8.2,6.0,6.5,8.6,3.3,5.4,3.2,4.7,7.8,5.9,3.5,4.5,0,0,0,Technical,DevOps Engineer
7.79,4.5,2.2,2.2,4.0,10.0,2.1,2.7,2.5,1.7,2.2,7.8,5.4,6.4,4.3,9.5,9.8,3.9,8.8,3.3,3.0,3.6,6.4,7.4,8.9,1,1,1,Creative,UI/UX Developer
9.46,8.3,7.6,5.3,6.6,3.5,3.1,6.5,5.2,8.9,5.0,2.8,6.9,8.5,8.0,6.6,8.5,5.1,4.6,4.2,10.0,6.2,5.9,4.8,6.1,2,2,1,Technical,Cybersecurity Analyst
8.11,3.9,3.6,1.7,4.0,7.1,3.6,2.7,4.0,1.3,2.5,9.4,6.3,7.6,5.8,8.4,10.0,3.2,9.7,3.5,1.3,2.5,6.2,10.0,8.2,1,1,0,Creative,UI/UX Developer
8.95,9.4,5.1,6.9,6.9,4.3,10.0,7.3,5.7,4.9,5.9,3.2,8.3,7.2,8.7,7.7,6.9,7.9,4.1,7.7,0.6,6.4,8.1,4.3,6.9,0,4,1,Technical,Machine Learning Engineer
7.32,5.3,4.3,3.3,7.5,8.8,2.4,0.9,6.2,4.2,4.8,7.2,5.9,10.0,5.3,5.8,7.8,4.0,10.0,3.3,3.7,4.2,6.4,6.5,5.6,2,2,0,Creative,Web Developer
7.24,5.5,2.6,1.7,6.5,2.2,3.6,9.2,5.4,2.1,4.3,4.8,8.4,7.6,10.0,7.8,8.4,5.2,4.2,10.0,2.4,2.7,2.8,4.3,7.7,0,2,1,Analytical,Data Analyst
7.42,6.7,4.2,7.7,6.8,6.5,10.0,8.4,6.3,4.3,6.6,4.9,7.9,10.0,9.7,6.4,8.4,7.4,6.4,9.4,3.8,6.5,7.5,2.7,4.8,3,3,0,Technical,AI Engineer
7.7,4.8,1.7,1.6,5.4,2.7,4.0,6.8,5.5,2.1,1.2,7.8,8.6,8.7,9.5,7.3,10.0,2.4,2.1,9.1,3.2,1.8,3.2,4.9,10.0,3,3,0,Managerial,Business Analyst
6.65,4.2,1.0,3.1,7.0,1.0,1.7,6.0,5.1,3.4,1.7,5.5,7.9,7.5,6.3,8.3,10.0,3.9,5.4,7.6,3.8,5.8,4.1,5.5,10.0,3,3,1,Managerial,Business Analyst
6.52,4.4,2.5,2.7,6.1,4.7,5.3,7.6,2.5,1.6,3.1,6.1,8.7,8.1,6.5,9.6,9.1,4.6,2.6,10.0,3.2,4.4,5.1,8.1,10.0,0,1,0,Managerial,Business Analyst
7.35,6.4,5.0,5.8,7.0,5.7,3.8,4.3,6.7,9.1,4.2,3.3,8.2,9.6,5.7,7.1,7.9,5.5,4.7,3.5,9.7,5.6,5.3,1.4,6.4,0,3,0,Technical,Cybersecurity Analyst
7.31,5.4,1.4,1.6,6.7,4.1,2.1,6.2,5.4,1.6,1.3,6.9,6.9,8.3,6.4,9.0,9.3,3.2,4.1,9.7,2.4,4.8,2.9,6.3,9.6,4,0,1,Managerial,Business Analyst
7.31,6.1,3.6,3.2,7.1,7.0,1.9,4.5,5.5,3.2,5.7,9.4,7.0,8.8,6.6,7.0,6.8,5.8,10.0,3.2,5.3,5.6,9.3,6.0,4.6,2,5,0,Creative,Web Developer
7.53,4.2,2.9,3.4,7.4,3.5,3.1,8.7,1.9,1.6,1.1,7.9,7.5,9.0,6.4,9.3,9.3,3.1,3.2,7.1,2.7,5.0,2.4,4.9,10.0,0,0,0,Technical,Business Analyst
8.26,6.5,6.4,6.6,6.9,8.0,3.9,4.7,3.2,4.1,4.9,4.3,7.6,10.0,7.1,6.7,4.8,3.9,7.3,4.6,1.6,4.5,10.0,3.8,4.4,5,1,1,Analytical,Software Developer
8.97,7.9,8.3,7.6,8.0,6.3,1.3,5.3,6.1,4.6,3.8,2.9,5.9,9.0,5.5,4.6,8.4,4.8,5.6,3.9,1.4,6.0,8.2,4.4,1.3,2,2,1,Technical,Software Developer
7.82,6.9,6.5,6.4,8.0,6.1,3.1,7.0,8.2,9.1,7.2,4.7,9.3,8.6,7.1,5.8,8.2,5.2,4.6,3.6,8.0,5.8,6.1,3.3,6.4,4,1,0,Technical,Cybersecurity Analyst
9.14,10.0,3.9,5.0,7.7,3.4,9.0,6.9,5.9,2.2,2.7,4.9,8.2,8.7,8.7,6.8,7.1,7.0,2.9,10.0,1.7,6.6,7.3,3.1,7.4,1,2,0,Analytical,Data Scientist
8.3,10.0,5.0,7.2,8.4,3.1,9.1,7.9,7.3,4.7,4.7,3.2,8.6,7.8,7.4,8.4,7.2,8.5,3.0,8.0,5.0,6.0,8.1,5.1,5.6,0,2,0,Technical,AI Engineer
7.99,4.7,4.1,2.9,9.1,10.0,0.1,2.6,5.4,4.0,6.3,6.4,7.3,7.1,6.2,7.1,8.8,3.4,8.7,6.2,5.5,6.2,7.3,6.9,2.8,0,1,0,Analytical,Web Developer
6.55,5.7,1.8,2.0,8.3,6.4,3.6,8.1,3.1,7.4,1.4,6.3,8.4,6.5,6.7,9.2,8.2,5.1,2.7,7.8,4.1,4.9,5.2,5.9,10.0,1,1,1,Managerial,Business Analyst
7.81,7.5,6.7,6.1,7.4,6.2,3.0,5.1,8.0,7.8,9.0,1.3,7.8,6.9,5.3,7.5,8.6,4.3,6.8,3.9,7.3,10.0,7.9,2.8,5.7,0,2,0,Technical,DevOps Engineer
7.44,4.7,3.4,3.6,4.0,8.9,1.5,4.2,1.9,3.0,4.7,10.0,6.6,5.7,6.5,7.8,9.2,4.8,7.8,4.4,1.5,0.6,7.3,10.0,6.6,1,0,1,Creative,UI/UX Developer
8.49,10.0,4.0,9.0,6.5,4.4,10.0,8.4,6.3,3.4,6.4,3.8,9.0,8.2,8.4,7.0,5.3,10.0,4.3,7.0,4.5,5.1,7.9,4.5,5.4,2,2,1,Technical,AI Engineer
6.77,6.8,4.9,2.5,6.1,8.3,1.5,3.1,5.0,4.8,5.0,7.3,9.4,4.2,6.7,8.1,8.6,5.0,8.2,4.5,4.4,4.6,8.7,8.2,4.0,2,2,1,Creative,Web Developer
8.46,9.3,3.7,9.3,6.1,5.2,8.2,5.9,8.3,3.0,6.9,2.6,8.8,8.8,9.0,6.3,7.8,10.0,5.3,7.5,2.8,7.2,7.9,3.9,6.7,4,2,0,Analytical,AI Engineer
7.87,4.1,1.8,2.5,7.3,4.5,4.6,6.9,4.8,3.2,1.9,6.7,8.2,6.4,7.1,8.2,6.6,3.4,1.5,5.1,4.9,4.7,2.6,6.8,8.6,1,2,1,Managerial,Business Analyst
9.21,7.5,6.9,3.2,6.6,5.4,3.0,3.5,10.0,5.4,6.6,4.2,8.2,6.7,6.4,6.3,9.1,4.2,6.6,5.0,8.1,9.7,7.8,3.6,4.9,0,2,0,Technical,Cloud Engineer
7.13,8.8,5.4,2.7,7.4,2.0,5.5,10.0,3.3,3.6,2.7,5.8,9.3,5.9,8.0,9.6,6.9,3.8,3.5,9.6,1.6,4.0,2.2,5.4,9.8,0,1,0,Analytical,Data Analyst
8.04,6.6,6.4,5.5,6.2,3.4,4.9,6.3,6.0,9.0,5.1,1.7,9.3,7.9,7.5,7.0,7.8,4.1,6.2,7.1,7.6,6.4,5.9,1.7,5.4,2,2,1,Technical,Cybersecurity Analyst
7.25,8.3,1.7,2.7,10.0,2.8,4.7,7.9,3.4,3.7,3.8,5.5,5.9,6.7,9.4,8.5,8.1,5.2,2.3,9.9,0.3,2.2,3.2,5.2,6.3,0,1,0,Analytical,Data Analyst
7.72,4.2,3.0,4.5,6.3,3.2,4.0,8.4,4.5,2.8,3.7,5.6,7.4,7.8,8.5,8.7,10.0,2.9,4.8,9.3,2.9,6.7,4.0,6.7,8.4,0,4,0,Managerial,Business Analyst
7.83,8.0,5.0,4.9,6.0,5.1,1.9,3.4,8.7,5.3,10.0,2.3,8.5,9.2,4.9,8.5,7.0,5.5,7.1,2.0,6.3,7.6,8.8,3.2,2.9,0,4,1,Technical,DevOps Engineer
7.47,6.2,6.1,4.2,7.1,6.0,5.2,5.7,9.4,6.7,9.1,5.1,6.7,7.8,5.4,8.3,8.3,3.6,6.6,4.1,6.7,10.0,7.1,4.5,7.1,2,2,1,Technical,Cloud Engineer
8.74,5.9,5.0,2.1,8.8,9.4,2.1,1.2,4.6,1.4,5.1,8.1,8.3,7.1,5.3,7.4,7.4,2.2,8.8,3.9,3.5,4.7,7.4,10.0,5.1,1,2,1,Creative,Web Developer
7.75,8.5,5.4,6.7,7.9,3.5,8.1,9.4,6.5,4.5,5.2,2.0,7.6,8.1,7.8,5.7,7.0,8.4,3.2,8.7,5.7,7.0,7.9,2.7,2.8,3,2,1,Technical,Machine Learning Engineer
7.24,5.0,1.7,3.0,6.7,4.2,3.4,8.2,5.2,1.4,2.6,6.5,10.0,7.9,8.8,9.6,10.0,3.3,4.1,7.0,3.5,3.6,4.5,4.7,9.3,1,2,1,Managerial,Business Analyst
7.04,6.6,5.0,5.8,4.7,3.6,3.5,4.8,6.1,7.9,5.4,1.4,9.8,9.3,6.8,8.3,7.4,4.7,5.1,3.3,10.0,7.5,6.6,2.6,5.4,4,1,1,Technical,Cybersecurity Analyst
7.01,7.3,7.8,5.2,6.5,6.7,4.8,3.6,9.6,4.4,7.8,4.9,6.0,7.9,6.4,5.9,10.0,5.4,5.8,2.9,7.7,7.6,8.2,3.7,4.4,1,1,1,Technical,DevOps Engineer
8.43,7.6,4.7,2.9,5.1,6.2,2.2,5.5,10.0,7.1,7.8,4.0,7.8,9.5,7.4,6.0,6.6,3.9,5.7,4.0,7.3,10.0,6.2,4.3,5.5,1,0,0,Technical,Cloud Engineer
7.45,3.2,2.1,1.9,5.3,8.8,2.4,2.2,3.2,0.2,2.3,9.6,5.1,9.5,4.5,9.8,9.5,4.3,9.0,2.5,2.6,2.9,3.5,10.0,6.3,4,3,1,Managerial,UI/UX Developer
6.98,10.0,5.6,8.8,7.2,3.7,8.4,7.5,5.3,2.2,5.3,4.3,8.3,8.9,8.8,8.1,7.5,10.0,5.3,6.9,1.7,6.6,8.7,4.3,4.6,2,1,1,Managerial,AI Engineer
7.27,8.4,4.1,5.2,8.2,2.3,5.0,9.5,4.7,2.9,3.7,6.2,9.3,8.8,5.0,8.3,6.5,6.2,0.5,10.0,1.0,2.8,4.4,4.6,10.0,2,3,0,Analytical,Data Analyst
7.39,4.5,6.6,2.1,6.1,8.6,2.0,2.8,4.6,4.1,4.0,8.4,9.1,5.9,8.0,8.3,8.3,3.4,9.7,4.5,6.9,7.4,6.3,7.8,5.1,3,5,1,Creative,Web Developer
6.65,6.9,5.9,5.2,6.1,8.2,3.2,2.9,5.4,6.2,9.4,5.1,6.1,10.0,7.4,8.1,8.4,2.1,4.7,3.1,7.6,8.6,7.0,3.4,5.8,1,1,1,Technical,DevOps Engineer
7.82,7.4,5.8,6.7,7.5,4.7,5.0,4.0,6.6,9.6,5.2,2.3,9.2,7.6,7.8,7.6,6.9,4.0,4.1,6.9,9.1,4.9,4.7,2.8,4.3,2,1,1,Technical,Cybersecurity Analyst
8.01,7.1,6.3,7.1,6.0,5.9,4.5,5.6,4.9,6.9,4.2,4.6,7.9,7.3,8.7,7.5,6.0,2.6,5.1,4.4,10.0,7.8,6.9,2.0,4.9,3,4,1,Technical,Cybersecurity Analyst
8.41,7.7,4.5,1.8,7.1,9.8,2.4,2.6,3.9,4.3,5.4,8.7,6.4,8.1,5.1,7.7,6.4,5.4,7.2,2.4,4.2,4.0,7.0,8.7,1.9,1,4,1,Creative,Web Developer
8.03,6.8,5.3,7.8,6.4,5.8,1.5,3.0,7.9,6.6,4.0,2.5,9.5,6.1,7.0,7.8,6.4,4.2,5.9,5.2,9.4,5.6,5.2,2.8,4.7,2,0,1,Technical,Cybersecurity Analyst
6.99,8.4,7.7,7.2,8.8,6.7,2.3,4.1,5.0,5.9,5.0,6.4,6.6,8.5,6.2,6.0,6.5,3.2,7.9,5.6,4.4,4.5,8.2,4.8,4.3,2,2,0,Technical,Software Developer
8.09,7.9,6.8,4.8,5.4,4.4,4.6,4.1,6.7,5.3,9.1,3.2,9.8,9.1,5.1,7.1,7.7,3.8,7.6,5.5,8.0,8.7,7.7,3.2,4.4,1,4,1,Technical,DevOps Engineer
8.49,6.9,5.4,6.9,7.0,4.2,3.6,4.0,5.8,10.0,6.8,3.2,9.3,5.8,6.8,7.2,6.0,2.8,4.7,5.7,10.0,5.0,6.3,1.0,5.4,1,4,1,Technical,Cybersecurity Analyst
9.04,7.2,6.0,4.1,9.2,5.5,8.0,8.9,3.3,2.3,4.6,3.8,9.0,9.5,9.6,7.9,7.2,7.9,2.0,10.0,3.9,4.1,5.1,2.5,6.5,0,3,1,Analytical,Data Scientist
8.0,6.6,4.1,1.9,8.2,3.4,7.9,9.0,5.8,4.8,4.7,3.9,6.0,9.5,10.0,9.0,4.5,8.7,3.7,10.0,3.7,5.1,3.9,3.9,7.4,2,2,1,Analytical,Data Scientist
9.15,7.3,5.3,4.8,7.6,3.8,4.9,4.9,9.2,5.7,8.4,2.0,5.8,7.2,6.2,7.7,7.3,3.2,5.3,5.0,7.2,10.0,5.0,3.1,6.4,0,1,1,Analytical,Cloud Engineer
9.16,7.0,5.9,4.9,6.8,4.7,5.5,4.7,5.6,7.7,6.2,1.9,9.8,9.2,6.9,7.7,8.9,3.2,4.3,7.1,8.7,7.2,7.3,2.5,5.8,3,2,1,Technical,Cybersecurity Analyst
8.54,5.9,8.7,7.2,5.4,8.2,3.0,3.4,4.1,5.0,4.3,4.8,8.0,9.7,5.9,5.5,6.7,3.8,5.6,6.9,6.3,5.3,9.5,3.7,2.8,2,2,1,Technical,Software Developer
8.26,5.9,4.7,5.4,5.9,6.6,2.9,4.5,4.9,7.3,5.7,2.7,7.2,6.8,4.9,7.2,8.0,2.9,4.3,6.2,9.3,6.4,6.4,2.0,4.1,1,3,1,Technical,Cybersecurity Analyst
7.17,6.2,5.0,4.1,9.5,9.4,1.4,3.0,6.3,5.0,5.4,6.3,8.3,8.0,6.3,9.8,7.7,2.0,10.0,2.3,2.2,5.8,8.1,7.3,5.4,2,1,0,Creative,Web Developer
7.84,8.6,5.9,8.7,6.0,4.4,10.0,8.5,5.7,2.1,5.7,2.4,9.5,9.8,9.3,6.1,5.6,10.0,4.9,9.2,3.7,6.9,8.4,3.5,4.4,1,1,0,Technical,AI Engineer
8.08,6.3,3.0,0.4,10.0,4.2,3.0,8.0,3.9,2.0,2.2,3.7,8.4,9.4,7.6,7.7,7.1,3.8,2.3,10.0,0.0,4.1,4.0,5.1,8.8,2,0,0,Analytical,Data Analyst
7.48,9.2,5.7,5.2,9.0,3.8,8.6,7.6,4.5,3.2,3.1,3.9,5.8,9.0,7.9,5.9,7.8,9.6,2.9,8.2,3.8,4.2,4.8,5.5,7.4,0,6,0,Analytical,Data Scientist
7.39,8.4,5.5,6.5,9.8,5.7,3.5,5.5,6.4,9.9,4.5,1.9,9.1,8.8,7.2,7.8,7.3,2.9,3.2,6.6,10.0,9.1,5.6,1.4,4.3,1,3,1,Creative,Cybersecurity Analyst
7.79,7.4,6.4,4.4,5.9,5.8,1.3,5.1,8.7,5.9,8.2,1.4,8.8,8.9,7.2,8.9,8.0,3.8,5.5,5.7,8.6,6.3,6.3,5.9,2.4,1,5,1,Technical,DevOps Engineer
8.11,7.0,3.6,0.7,10.0,5.1,4.6,10.0,3.6,2.4,4.6,4.5,6.5,5.7,9.8,7.4,7.3,3.8,4.0,8.6,1.5,4.3,2.8,4.8,9.5,4,2,0,Technical,Data Analyst
7.85,8.2,4.6,6.2,7.1,4.6,3.6,4.6,7.3,10.0,6.5,1.7,10.0,8.8,8.2,5.6,8.3,4.1,4.5,5.4,7.2,6.9,5.7,4.1,5.3,1,3,1,Technical,Cybersecurity Analyst
6.0,6.9,9.3,5.6,5.2,6.3,5.8,2.5,3.5,4.4,6.3,3.3,6.2,9.0,7.7,8.5,7.7,4.9,5.7,6.7,3.6,4.3,10.0,2.4,2.0,0,3,1,Creative,Software Developer
7.49,6.8,2.8,0.6,9.7,2.9,4.5,9.5,4.3,1.8,4.5,3.2,8.2,7.9,7.0,8.7,8.2,6.2,2.9,9.3,2.6,3.8,2.3,5.9,6.0,2,4,1,Analytical,Data Analyst
7.67,7.3,8.4,7.0,6.7,5.5,4.4,3.2,6.1,3.4,4.1,3.2,6.1,9.0,5.7,6.1,7.8,4.8,4.4,4.3,5.3,4.3,9.6,2.7,4.4,3,4,0,Technical,Software Developer
8.4,9.0,5.9,1.1,7.4,2.1,8.6,8.1,4.8,3.8,5.8,6.9,7.7,6.5,9.6,9.3,7.9,10.0,2.8,8.3,3.1,4.6,5.7,5.1,8.2,3,4,1,Analytical,Data Scientist
8.22,8.1,5.5,4.3,6.0,5.1,2.1,5.1,10.0,6.5,7.7,4.3,9.1,9.7,6.1,8.1,7.7,3.0,5.2,4.0,8.6,9.3,6.2,2.7,6.8,4,3,0,Technical,DevOps Engineer
7.5,1.9,3.5,2.1,3.7,8.4,3.2,2.4,1.7,1.5,4.6,8.7,6.8,6.4,2.7,7.3,7.3,3.8,9.4,1.5,1.9,2.8,7.8,9.5,7.6,1,1,1,Creative,UI/UX Developer
7.88,9.2,6.0,10.0,9.2,4.3,9.3,6.3,7.9,4.4,5.1,4.8,8.7,8.4,9.4,6.5,7.0,10.0,3.3,8.7,3.4,5.9,7.4,6.5,5.9,2,2,1,Technical,AI Engineer
7.72,6.2,4.7,3.2,6.6,5.4,2.9,4.1,9.6,6.5,7.3,4.3,9.4,7.0,5.1,6.9,8.0,4.5,8.4,5.2,6.7,10.0,6.7,3.2,3.9,1,2,1,Technical,Cloud Engineer
7.69,7.9,4.9,5.2,5.2,7.8,2.6,3.7,8.2,5.9,7.7,3.5,9.1,7.3,6.4,8.6,8.8,4.5,5.6,4.4,5.6,9.8,6.9,4.5,5.1,1,2,0,Technical,DevOps Engineer
7.96,7.8,4.6,6.5,5.0,8.5,4.4,5.1,7.8,6.7,9.5,2.7,8.5,10.0,5.7,7.5,7.4,2.3,7.7,4.4,7.6,7.4,6.3,3.4,5.9,3,2,0,Creative,DevOps Engineer
8.15,7.8,3.6,9.4,7.8,3.1,9.4,8.4,9.3,3.5,7.1,4.3,8.2,8.6,8.2,7.4,5.3,9.3,3.6,5.8,4.3,7.7,5.9,3.5,3.5,3,1,1,Technical,AI Engineer
6.88,2.3,3.0,0.0,4.4,8.2,3.7,4.1,5.3,2.3,1.3,8.7,2.7,7.5,6.4,8.0,7.4,4.6,10.0,4.2,2.7,1.8,4.3,8.2,6.4,4,3,1,Creative,UI/UX Developer
8.33,6.5,4.4,3.8,7.1,5.0,8.0,8.1,5.2,4.7,4.1,3.9,9.5,6.0,9.2,7.7,7.9,8.8,1.8,7.2,3.7,4.5,4.6,3.1,7.0,1,4,0,Managerial,Data Scientist
8.23,6.0,9.5,9.2,6.9,7.3,3.1,3.9,4.6,3.7,3.3,4.3,8.0,9.3,7.1,6.3,6.0,4.1,6.8,2.7,4.1,5.3,8.2,3.4,4.3,1,3,0,Technical,Software Developer
8.69,9.8,3.7,9.3,5.5,4.3,10.0,7.0,7.3,5.3,4.7,4.8,10.0,8.9,10.0,6.1,5.3,7.3,4.6,8.5,3.4,8.3,6.8,2.1,4.0,0,1,1,Analytical,AI Engineer
6.45,8.5,3.7,4.6,7.8,4.8,7.9,8.9,6.1,3.1,5.1,4.6,9.4,7.8,8.8,5.1,6.9,7.0,5.6,9.3,2.6,5.8,3.5,3.5,6.6,0,0,0,Analytical,Data Scientist
9.34,6.7,6.1,6.2,7.5,3.9,3.6,5.1,6.7,10.0,5.0,2.6,7.4,9.2,6.5,7.9,7.0,4.6,7.9,6.1,10.0,6.5,5.6,2.0,6.5,0,0,1,Technical,Cybersecurity Analyst
7.89,7.4,4.6,3.1,6.4,9.2,2.4,4.7,7.2,5.7,7.5,8.2,7.9,8.0,6.4,7.9,9.5,3.8,8.3,3.5,3.0,4.8,6.1,8.0,4.0,0,1,1,Creative,Web Developer
8.94,7.9,8.7,7.3,5.5,6.1,3.2,2.5,5.9,5.1,4.2,2.9,7.7,8.5,6.7,6.4,7.2,2.5,4.6,1.0,5.0,5.0,10.0,2.7,4.0,2,3,1,Technical,Software Developer
7.98,8.5,2.1,4.7,10.0,4.3,7.6,7.3,4.5,5.2,3.6,3.3,8.3,8.2,10.0,6.4,8.3,8.6,4.3,10.0,3.1,4.7,5.1,3.9,5.2,2,4,1,Analytical,Data Scientist
6.0,5.8,5.5,2.6,8.1,7.6,0.7,1.9,5.2,4.4,3.6,7.7,7.2,7.6,5.4,7.7,5.5,1.8,9.3,4.3,4.3,5.9,8.6,5.4,3.9,2,5,0,Creative,Web Developer
8.57,8.3,8.4,5.9,7.5,5.9,1.9,3.5,3.5,3.6,5.8,3.6,7.1,8.2,7.5,5.0,5.9,4.1,4.6,6.1,3.8,4.0,8.1,3.5,3.4,2,1,1,Technical,Software Developer
7.95,7.8,9.2,9.1,7.6,5.4,2.1,4.0,5.5,3.8,3.5,4.8,7.6,8.0,6.9,6.2,6.6,2.6,5.9,4.8,4.3,6.0,8.2,2.6,3.7,1,1,1,Technical,Software Developer
7.71,6.3,2.9,3.1,5.6,8.9,3.2,3.9,3.9,2.8,6.6,8.3,7.3,9.3,5.8,10.0,7.7,6.7,9.7,2.2,4.0,5.8,8.0,7.4,5.3,1,1,0,Creative,Web Developer
7.44,8.7,3.5,0.7,9.5,2.7,2.7,8.5,4.3,2.1,3.7,6.2,6.8,7.5,6.8,6.6,7.4,5.5,3.5,9.1,0.9,3.3,1.9,3.7,6.8,4,0,0,Analytical,Data Analyst
8.28,6.4,8.8,5.6,6.6,7.1,3.2,3.3,4.1,4.9,5.5,3.7,9.2,9.4,9.0,7.1,6.8,3.8,3.9,4.2,4.0,3.5,9.0,5.5,3.2,2,2,1,Creative,Software Developer
6.0,9.3,4.4,4.0,6.1,3.6,8.5,9.2,7.2,3.3,5.1,3.8,10.0,10.0,8.2,7.2,6.3,8.6,4.8,7.1,3.0,7.8,6.9,1.9,7.2,1,6,1,Technical,Machine Learning Engineer
7.66,7.6,3.4,5.1,9.1,3.3,8.5,9.0,5.0,2.9,3.8,4.8,10.0,9.8,10.0,6.3,8.4,7.8,1.0,8.1,2.9,2.8,5.8,4.9,6.6,3,3,1,Analytical,Data Scientist
8.67,7.5,7.5,7.2,6.3,6.7,4.5,4.4,6.3,2.9,4.5,3.2,8.3,8.1,7.8,5.5,7.0,4.8,3.7,6.3,3.7,2.8,9.2,4.0,3.9,4,4,1,Technical,Software Developer
8.2,10.0,3.9,7.3,7.5,4.2,10.0,7.7,4.7,3.9,6.3,3.6,10.0,9.0,9.0,6.7,9.0,9.1,3.2,9.5,2.5,6.9,7.3,2.9,7.7,2,8,1,Technical,Machine Learning Engineer
8.68,8.0,6.2,7.9,7.7,5.1,4.1,4.8,7.0,3.5,3.8,3.6,9.6,6.5,4.7,6.6,6.5,4.0,7.0,3.4,1.9,7.2,7.9,2.8,5.2,3,2,1,Technical,Software Developer
7.28,6.9,8.0,4.6,5.3,5.5,5.1,4.8,8.6,7.1,8.1,5.8,8.2,10.0,7.1,7.0,8.2,4.0,7.4,4.2,5.9,8.9,7.6,3.1,3.7,0,3,1,Technical,DevOps Engineer
7.98,9.6,7.6,6.8,7.9,4.1,9.4,7.7,5.7,3.9,5.4,0.8,9.1,8.1,8.2,4.7,8.0,6.5,4.5,9.1,3.7,7.6,6.2,5.2,4.0,3,1,1,Technical,Machine Learning Engineer
7.74,2.9,3.1,3.1,5.3,10.0,0.9,1.3,4.1,0.7,1.7,10.0,6.8,6.3,4.1,8.5,8.0,3.6,7.4,2.5,0.3,3.4,4.8,10.0,4.1,0,2,1,Creative,UI/UX Developer
8.63,6.2,3.3,2.7,5.5,2.8,3.1,7.5,4.5,2.9,3.5,8.8,7.9,8.0,7.5,7.7,10.0,6.5,2.7,6.9,1.7,4.7,4.8,5.3,10.0,3,1,0,Managerial,Business Analyst
6.98,9.3,5.6,8.5,7.6,4.5,7.6,8.6,6.0,2.9,7.8,3.1,9.3,10.0,9.1,7.1,8.8,8.4,4.2,8.4,1.6,6.2,6.1,4.5,5.1,3,2,1,Technical,AI Engineer
7.98,6.0,3.8,2.4,7.6,8.3,3.1,4.2,6.7,3.5,4.6,5.0,6.5,6.9,6.6,9.5,8.6,5.1,8.7,2.2,3.7,4.3,7.1,8.2,3.7,5,5,1,Creative,Web Developer
7.46,6.2,1.8,1.4,5.4,2.2,2.6,6.5,4.2,3.0,2.0,5.0,8.6,8.3,7.0,8.5,10.0,3.8,3.0,6.6,4.2,5.6,4.4,6.6,8.3,2,3,0,Creative,Business Analyst
8.44,4.6,1.6,3.2,6.9,2.8,3.6,7.9,3.6,3.7,5.2,6.0,6.5,7.5,7.6,9.8,9.2,5.5,3.7,7.6,1.5,3.5,4.2,5.7,10.0,2,5,0,Managerial,Business Analyst
7.67,8.9,5.2,4.4,3.6,4.2,1.7,2.6,8.7,8.2,8.8,2.9,8.8,7.3,6.6,6.3,9.8,3.5,6.9,3.8,6.1,9.0,6.5,2.8,4.6,1,2,1,Managerial,DevOps Engineer
7.56,3.1,3.3,2.2,3.4,10.0,2.1,3.1,2.3,1.8,1.9,9.6,5.7,6.8,5.2,10.0,10.0,2.7,9.0,4.1,2.3,3.2,7.8,9.0,5.4,1,5,0,Analytical,UI/UX Developer
7.14,6.5,4.9,6.0,6.7,6.5,4.8,4.6,5.8,7.2,5.3,1.3,8.6,10.0,6.6,5.4,6.8,4.0,6.4,2.9,8.4,7.3,4.3,3.1,4.3,3,1,0,Technical,Cybersecurity Analyst
8.71,7.3,6.1,3.2,6.6,7.0,4.8,1.4,9.1,4.6,9.6,2.4,9.1,9.0,6.6,6.5,8.2,5.0,6.8,4.9,5.0,8.6,6.5,3.9,5.6,2,4,1,Technical,DevOps Engineer
7.8,7.7,5.8,2.5,4.9,5.4,4.4,3.2,8.8,6.8,8.7,3.3,8.1,7.6,4.9,7.5,7.7,5.3,7.9,4.9,5.4,9.7,7.5,2.7,5.2,2,1,1,Technical,Cloud Engineer
8.36,8.0,4.8,6.5,4.3,6.7,3.5,2.9,8.0,9.2,5.9,4.3,8.0,10.0,5.6,7.5,7.3,5.3,3.9,3.2,10.0,7.6,5.8,3.1,4.3,0,2,1,Technical,Cybersecurity Analyst
7.68,5.9,3.7,1.9,8.4,9.2,2.8,2.1,4.7,3.3,4.1,8.0,7.1,8.8,6.8,7.0,8.5,3.5,8.6,2.3,4.1,4.2,9.5,9.8,5.5,5,1,0,Creative,Web Developer
9.28,8.1,3.2,6.6,5.9,3.9,10.0,6.8,8.6,3.2,6.5,2.4,10.0,10.0,9.8,9.2,8.0,10.0,2.5,5.4,2.6,5.1,6.6,4.7,3.8,1,0,1,Technical,AI Engineer
7.71,7.4,3.6,6.3,6.5,5.4,10.0,8.0,5.2,4.3,6.9,2.9,8.7,10.0,8.8,7.1,6.6,10.0,2.3,7.7,3.5,6.4,6.2,5.0,4.6,2,2,1,Technical,AI Engineer
8.15,5.6,7.0,3.4,3.8,5.5,1.4,4.8,6.8,5.8,9.5,4.0,8.8,8.7,7.9,5.3,10.0,4.6,4.8,4.4,5.6,10.0,7.5,4.1,6.8,5,2,0,Technical,Cloud Engineer
6.88,7.8,2.6,1.6,7.4,2.6,4.1,9.5,3.7,3.4,2.3,5.2,6.2,8.2,5.9,8.6,5.5,3.9,3.9,10.0,0.0,2.8,6.0,5.2,6.9,1,4,1,Analytical,Data Analyst
7.51,7.2,6.1,5.4,5.5,5.7,2.2,2.5,8.9,7.4,7.7,1.8,8.0,8.2,6.4,8.2,6.8,5.4,4.8,3.8,6.3,10.0,6.4,2.7,6.7,2,2,0,Technical,DevOps Engineer
8.19,7.7,5.6,6.0,6.4,3.7,10.0,9.2,6.6,2.8,7.8,3.4,9.3,8.9,8.8,6.5,4.9,10.0,4.2,7.9,5.0,6.4,7.9,2.7,4.6,4,1,0,Technical,AI Engineer
7.47,7.6,7.5,7.3,6.4,5.9,3.1,2.8,4.2,2.6,6.1,1.7,9.3,10.0,6.7,3.6,6.6,3.9,4.9,3.4,5.7,5.7,8.0,2.2,3.6,1,4,0,Technical,Software Developer
8.82,6.0,6.4,5.6,5.7,5.5,3.7,3.2,8.5,6.7,8.2,3.0,9.3,9.3,6.8,5.9,8.2,3.3,5.0,4.4,5.7,9.9,7.0,1.7,6.1,1,2,0,Technical,Cloud Engineer
8.47,8.8,5.1,7.1,4.4,5.2,2.8,4.8,6.6,8.9,7.2,4.7,8.0,8.6,4.1,7.8,7.8,5.3,5.0,5.6,4.6,8.8,5.4,5.2,6.0,0,1,0,Technical,DevOps Engineer
7.54,10.0,5.5,6.5,9.6,3.1,9.2,9.2,7.1,1.2,7.2,2.4,8.2,7.2,8.7,6.0,7.4,8.5,7.9,8.1,4.8,7.8,8.6,2.1,7.1,3,3,0,Technical,Machine Learning Engineer
6.93,3.7,1.7,0.2,2.8,8.7,2.8,3.4,2.2,2.0,3.6,8.9,7.4,6.5,5.6,6.5,10.0,4.6,7.8,4.2,2.7,1.3,6.0,8.1,6.7,3,3,1,Creative,UI/UX Developer
7.27,6.9,7.5,7.9,7.0,2.7,4.1,5.6,3.8,2.9,4.5,3.2,8.2,6.4,5.8,8.2,6.0,5.4,6.4,2.0,4.7,4.9,8.5,4.3,4.5,3,4,1,Analytical,Software Developer
8.66,6.0,9.7,6.7,6.7,5.8,2.0,2.4,3.1,4.1,3.3,2.8,7.8,5.6,7.9,3.8,6.9,4.0,6.6,4.0,6.2,5.2,10.0,3.2,4.1,1,0,1,Analytical,Software Developer
8.37,4.8,4.4,2.1,8.0,4.0,3.5,8.1,3.1,3.8,2.5,6.5,7.4,9.7,5.8,6.7,9.8,6.6,3.4,7.1,2.7,3.1,4.4,6.4,9.9,1,2,1,Creative,Business Analyst
7.18,8.7,5.2,7.2,6.3,4.5,4.2,7.3,6.7,8.5,7.0,0.4,10.0,9.0,6.0,6.2,7.2,2.5,6.3,6.0,10.0,6.0,9.2,1.5,4.4,0,3,1,Technical,Cybersecurity Analyst
8.24,7.1,6.8,7.9,6.8,5.2,3.6,6.4,7.5,9.8,5.8,3.0,9.2,7.7,7.2,6.0,6.6,5.0,6.3,4.6,8.0,6.5,6.1,1.6,4.4,2,4,1,Technical,Cybersecurity Analyst
6.13,8.5,0.5,1.7,7.2,2.0,6.0,9.2,2.9,1.4,2.2,5.0,8.2,9.6,5.4,8.0,7.2,6.0,3.4,10.0,2.4,3.0,5.3,5.9,9.0,2,1,0,Analytical,Data Analyst
7.72,9.6,7.9,7.2,7.7,6.4,2.8,3.3,9.0,4.4,6.2,2.9,7.4,10.0,8.5,7.0,6.6,3.7,5.3,2.7,5.0,5.6,9.8,3.6,4.3,0,4,1,Technical,Software Developer
8.47,6.7,4.8,7.4,5.8,4.2,4.0,4.4,7.4,10.0,8.5,2.0,7.8,6.9,7.4,8.4,5.6,2.9,8.2,3.6,8.7,4.0,3.0,2.3,6.4,2,0,0,Technical,Cybersecurity Analyst
6.86,10.0,5.2,8.1,8.1,6.3,9.2,7.6,6.1,5.1,5.0,2.0,9.3,8.8,9.6,5.0,6.9,9.3,2.8,9.5,3.4,6.4,6.6,2.6,3.9,3,3,0,Creative,Machine Learning Engineer
7.51,2.6,4.6,2.2,5.2,8.0,2.7,2.6,4.9,1.7,2.1,8.1,5.2,5.6,6.9,8.3,8.2,7.1,10.0,2.1,3.5,2.6,5.4,8.8,6.3,1,2,1,Creative,UI/UX Developer
7.26,6.0,7.3,6.5,8.1,5.2,4.7,5.3,5.2,10.0,6.3,1.9,8.5,8.9,6.6,6.1,5.8,4.2,6.2,4.3,8.9,6.2,5.6,2.8,4.9,4,0,0,Technical,Cybersecurity Analyst
6.76,2.8,2.9,3.2,3.6,9.0,1.3,3.7,4.4,3.6,3.4,8.7,5.9,6.9,6.9,8.1,8.9,5.7,7.7,4.4,1.4,1.9,5.4,10.0,4.9,2,1,1,Creative,UI/UX Developer
7.65,6.9,6.4,5.6,4.0,4.9,2.0,3.6,10.0,4.6,9.7,4.0,7.9,8.7,7.1,6.3,6.9,6.3,5.6,4.1,5.3,9.5,4.8,2.8,4.5,0,1,0,Technical,DevOps Engineer
9.48,7.2,6.2,7.1,7.5,4.4,2.7,4.0,4.8,8.6,1.9,3.3,9.1,7.4,5.5,8.7,8.1,4.2,4.3,5.0,7.9,6.8,4.7,0.0,4.1,2,1,0,Technical,Cybersecurity Analyst
7.79,7.2,2.9,2.5,7.6,3.1,4.0,8.7,4.3,3.2,3.3,5.7,8.0,8.0,8.6,10.0,8.8,4.9,4.3,10.0,1.3,4.6,2.8,5.6,9.9,1,1,0,Managerial,Data Analyst
7.99,6.4,4.4,3.1,9.1,8.8,3.4,2.3,4.3,3.1,6.0,8.0,8.4,7.9,4.2,8.0,8.4,5.2,10.0,3.7,4.5,6.0,8.9,7.5,3.4,0,5,1,Creative,Web Developer
8.17,3.8,2.2,1.4,4.2,8.3,0.9,2.5,3.2,2.1,3.7,9.6,5.3,7.6,4.1,9.6,9.6,2.8,7.6,2.2,0.6,4.8,4.6,9.1,9.2,3,0,0,Creative,UI/UX Developer
9.08,7.8,5.4,6.0,7.4,6.7,1.6,3.1,7.3,6.2,9.7,3.4,10.0,10.0,7.1,7.7,6.6,5.1,7.1,4.5,6.7,10.0,9.1,3.2,5.7,3,3,1,Technical,DevOps Engineer
7.14,7.2,7.4,5.2,5.2,5.2,3.1,3.2,10.0,5.1,9.3,2.6,7.6,8.2,4.5,7.3,8.0,3.9,8.2,4.2,8.0,8.7,6.1,2.1,5.3,1,2,0,Technical,DevOps Engineer
9.11,3.8,3.9,2.7,8.7,6.6,3.6,4.1,5.6,3.8,5.2,7.4,6.8,9.0,6.1,6.6,8.4,3.8,9.0,1.6,3.4,4.4,8.3,7.6,8.0,1,1,0,Analytical,Web Developer
7.44,7.6,4.8,5.8,6.8,5.5,5.1,4.4,9.6,6.1,7.7,2.1,9.1,8.9,7.4,5.2,7.2,3.4,5.0,5.0,7.4,9.4,4.7,3.9,5.6,2,0,1,Technical,Cloud Engineer
7.87,10.0,4.4,2.9,10.0,4.6,9.6,8.3,6.4,3.3,2.5,4.5,7.1,8.8,9.4,6.5,7.1,9.2,2.4,9.5,4.4,5.9,4.7,5.6,7.8,3,4,1,Analytical,Data Scientist
6.38,5.5,5.0,2.8,7.4,8.4,2.2,4.0,4.8,3.5,5.7,7.4,6.6,7.8,5.6,6.4,10.0,3.3,9.8,3.2,5.3,6.4,8.5,8.9,3.2,2,0,1,Creative,Web Developer
8.7,7.1,4.9,8.2,10.0,5.2,8.6,9.6,6.0,2.3,7.3,1.4,8.3,10.0,9.3,5.5,7.2,9.4,5.0,8.9,3.7,6.5,6.3,4.5,5.5,1,1,0,Technical,Machine Learning Engineer
6.36,9.3,5.5,5.8,6.6,5.0,7.7,8.0,5.8,5.9,5.2,1.0,9.7,8.6,7.4,6.0,8.7,9.5,5.6,7.1,4.7,5.4,8.8,4.3,3.9,3,2,1,Technical,Machine Learning Engineer
8.37,8.8,2.4,5.0,8.8,3.8,8.4,7.3,4.3,2.1,2.3,2.3,8.0,7.0,8.7,7.6,5.4,9.4,4.1,6.6,4.5,5.6,5.1,5.6,7.1,1,0,0,Analytical,Data Scientist
8.64,7.8,4.5,5.2,6.0,5.8,8.4,6.6,8.4,4.2,6.2,2.3,7.9,8.7,6.9,7.9,7.7,10.0,2.6,8.8,3.1,8.4,7.2,3.6,5.7,1,3,1,Technical,AI Engineer
7.3,4.0,1.7,2.7,8.1,4.0,4.1,8.5,3.8,3.1,1.5,5.7,9.8,8.8,8.1,8.9,8.6,4.0,2.5,7.1,4.6,3.7,2.8,6.7,9.2,2,1,1,Managerial,Business Analyst
6.48,9.2,1.9,2.1,7.4,0.5,5.0,9.7,2.2,3.2,2.4,3.8,6.7,8.5,5.4,6.6,8.0,5.3,1.9,10.0,0.8,3.8,3.6,4.6,7.8,1,3,0,Analytical,Data Analyst
8.46,5.4,4.8,4.3,7.1,3.5,3.8,4.3,6.3,10.0,6.4,1.6,5.5,8.3,7.4,6.2,7.8,4.5,6.3,5.8,9.5,6.4,3.9,0.6,3.7,3,4,1,Technical,Cybersecurity Analyst
6.6,5.0,7.0,7.3,4.6,5.9,2.8,4.1,5.3,2.9,4.1,4.1,7.3,9.5,7.0,8.6,7.9,5.2,6.1,4.2,5.9,4.6,9.6,3.7,3.7,1,2,0,Technical,Software Developer
7.42,8.4,2.4,1.2,6.5,3.6,2.7,8.2,4.6,2.8,2.3,4.9,7.0,6.9,7.8,7.4,7.2,3.4,4.2,10.0,2.9,5.4,3.1,4.6,5.9,2,3,1,Analytical,Data Analyst
8.22,7.9,4.6,2.6,6.9,3.4,6.9,6.5,4.4,1.7,2.0,6.1,6.1,7.1,8.6,9.0,8.2,5.2,2.9,9.0,0.9,4.9,4.2,5.9,7.1,1,2,1,Technical,Data Analyst
6.76,7.5,5.0,4.4,8.8,2.5,6.4,7.5,6.3,5.3,3.5,6.5,9.4,7.0,9.2,8.5,4.3,9.2,4.3,9.4,2.9,4.8,4.7,2.7,6.2,1,1,1,Technical,Data Scientist
7.34,8.5,8.2,8.3,5.8,6.1,2.5,3.2,5.0,4.4,6.3,4.3,8.7,9.2,10.0,4.5,6.2,5.6,5.6,5.0,4.3,7.3,7.8,5.3,5.9,2,1,1,Technical,Software Developer
6.89,9.8,3.6,4.6,9.7,2.8,9.2,9.0,4.0,4.3,4.1,3.4,6.7,7.1,8.9,6.0,7.7,8.1,1.3,8.3,1.8,3.7,2.6,4.1,6.0,2,6,1,Analytical,Data Scientist
9.4,8.5,6.3,7.0,7.4,5.9,4.0,5.4,7.1,3.3,5.1,3.5,5.8,9.3,7.6,5.9,5.2,3.6,6.8,5.5,3.2,6.2,9.7,4.5,2.6,1,1,0,Technical,Software Developer
6.43,3.7,2.5,3.5,3.3,9.4,0.6,4.9,3.8,2.3,2.4,8.0,6.8,6.0,6.3,8.1,7.2,2.2,7.5,5.2,4.2,5.1,6.2,8.4,9.0,2,3,1,Creative,UI/UX Developer
8.64,8.0,6.0,8.7,6.7,4.7,9.0,6.6,6.6,2.9,7.1,5.3,9.4,8.4,8.5,7.4,7.6,9.7,3.2,9.3,4.1,7.5,5.2,3.3,5.8,3,4,0,Technical,AI Engineer
6.94,4.2,0.9,2.7,1.7,8.4,1.1,3.2,4.6,1.2,3.6,9.8,4.1,5.5,6.9,7.8,8.9,3.5,9.5,5.3,1.5,2.3,4.4,10.0,6.1,4,2,0,Managerial,UI/UX Developer
8.4,7.7,4.8,1.6,10.0,3.5,3.9,9.0,4.2,3.2,1.5,3.1,7.1,7.4,8.3,7.5,8.0,6.8,1.1,9.4,4.7,3.2,3.1,5.6,7.4,2,1,0,Analytical,Data Analyst
7.75,4.4,5.5,7.5,6.7,5.0,4.3,5.5,5.8,10.0,6.6,2.5,8.6,8.1,8.6,8.5,7.1,5.1,7.4,5.5,8.0,7.3,4.2,1.5,4.9,5,3,0,Technical,Cybersecurity Analyst
7.89,10.0,4.9,8.4,6.2,6.7,8.5,6.7,6.9,3.2,4.6,4.3,5.6,8.2,7.5,7.2,4.6,10.0,4.7,6.2,4.2,7.6,8.5,1.9,3.2,1,3,0,Technical,AI Engineer
8.25,9.7,5.6,7.3,7.5,6.2,10.0,6.9,5.9,3.3,6.2,2.1,9.6,8.9,8.7,4.6,5.3,8.9,4.7,9.0,4.6,5.7,8.3,4.7,6.0,3,5,0,Technical,Machine Learning Engineer
8.78,9.0,4.6,2.2,9.7,3.2,5.3,8.3,4.5,1.5,2.8,5.5,10.0,7.9,7.5,7.1,8.5,4.6,3.4,10.0,3.4,4.9,2.7,3.1,8.8,3,3,1,Analytical,Data Analyst
6.03,8.8,8.7,7.0,6.1,5.6,2.5,2.4,3.2,4.0,6.2,3.4,8.3,9.3,5.9,6.5,6.3,5.8,7.7,2.9,4.4,6.2,9.9,4.1,5.4,1,2,0,Creative,Software Developer
8.41,8.6,9.3,6.2,8.1,5.4,0.5,2.7,5.2,2.9,4.9,4.4,7.8,8.0,5.6,6.5,4.7,3.2,5.0,3.7,3.8,6.1,10.0,2.8,6.2,0,4,1,Technical,Software Developer
8.15,9.9,5.3,6.1,6.1,5.9,4.0,5.7,8.9,4.3,7.6,5.1,8.3,9.7,8.1,7.3,7.0,3.8,6.4,5.7,8.1,8.2,5.5,3.3,4.4,3,4,0,Technical,Cloud Engineer
8.57,9.2,8.7,6.7,5.6,2.9,8.7,9.7,6.3,5.2,7.0,4.2,9.4,9.4,9.3,5.9,6.4,9.9,6.1,6.8,1.3,6.2,8.6,3.1,3.7,1,4,1,Technical,Machine Learning Engineer
9.16,8.0,3.2,6.0,8.1,4.5,3.1,6.1,9.3,5.9,7.2,5.9,8.9,7.7,8.1,6.9,8.8,5.1,5.6,5.5,7.1,10.0,8.3,5.4,6.0,3,2,0,Technical,Cloud Engineer
6.73,7.7,5.0,4.4,7.0,5.9,3.6,2.4,8.6,7.2,9.1,3.0,7.5,8.1,7.4,6.7,10.0,2.7,6.8,4.5,5.1,9.8,6.3,2.5,4.9,1,4,0,Technical,Cloud Engineer
8.24,8.5,7.1,5.6,8.6,5.7,10.0,8.3,6.1,4.9,5.6,3.3,9.0,8.0,8.8,7.3,6.0,10.0,1.5,7.3,3.0,6.9,8.5,3.1,5.6,4,2,0,Technical,Machine Learning Engineer
8.13,7.9,2.4,5.5,7.3,5.0,1.3,5.6,10.0,5.5,9.2,3.8,9.2,8.8,6.9,8.9,7.0,3.7,7.2,4.7,6.5,9.0,8.3,3.4,3.6,3,1,1,Technical,DevOps Engineer
8.78,6.9,4.5,5.0,8.4,4.7,3.5,4.6,8.5,4.6,6.7,3.5,8.0,7.9,5.3,7.1,7.8,3.9,6.1,4.6,6.7,10.0,5.7,5.4,9.1,3,4,1,Technical,Cloud Engineer
9.13,5.0,5.0,3.5,5.4,9.6,1.2,3.4,4.6,4.1,5.7,6.5,6.9,6.2,4.8,8.3,7.6,5.0,8.5,2.7,5.2,5.3,6.4,7.4,5.9,2,8,0,Creative,Web Developer
6.42,5.8,4.9,4.8,5.5,8.9,2.9,2.6,3.3,3.4,4.7,8.6,5.5,8.5,5.6,8.0,9.8,3.0,10.0,4.0,3.6,5.6,8.9,7.1,3.6,1,2,0,Creative,Web Developer
8.04,7.8,4.1,8.2,6.6,3.5,8.1,7.0,5.4,2.1,5.7,2.9,9.7,8.9,7.4,5.9,6.3,8.8,3.6,9.5,4.2,8.3,6.5,1.8,4.6,2,3,0,Technical,Machine Learning Engineer
8.66,5.4,6.9,9.3,5.7,5.8,5.1,6.8,5.2,8.5,6.7,2.6,10.0,8.2,6.5,7.4,7.4,4.4,4.0,5.2,10.0,5.6,4.7,2.9,8.4,1,1,0,Technical,Cybersecurity Analyst
8.12,8.5,5.3,4.0,6.4,4.6,3.3,3.4,10.0,6.2,9.1,2.9,10.0,9.4,6.9,7.5,6.3,4.2,7.2,3.8,7.6,8.8,7.9,3.4,6.5,2,2,1,Technical,DevOps Engineer
9.28,5.3,4.0,2.5,8.3,5.6,3.4,8.6,3.9,1.8,3.0,7.4,6.3,8.6,6.9,9.1,9.5,4.5,3.3,8.8,3.3,3.3,4.9,5.3,10.0,0,3,0,Managerial,Business Analyst
7.66,7.0,1.3,1.7,8.8,5.0,4.9,9.7,5.3,0.9,2.8,7.7,7.9,8.7,8.6,6.4,7.8,5.2,3.4,8.7,0.8,3.5,3.9,6.3,10.0,2,1,0,Analytical,Data Analyst
6.87,7.7,6.6,4.7,7.4,3.6,4.0,4.2,8.8,7.5,9.2,2.2,8.9,9.4,6.5,7.1,7.9,3.6,4.8,7.8,6.3,7.6,6.9,3.7,3.4,1,2,0,Technical,Cloud Engineer
7.89,9.2,4.1,7.1,6.8,4.7,10.0,7.3,5.7,3.5,4.8,5.2,9.9,9.4,9.4,6.9,5.5,9.0,1.4,8.8,4.2,7.1,6.7,3.4,5.7,1,4,0,Technical,AI Engineer
7.87,9.7,6.6,5.6,5.2,4.9,1.9,3.7,8.6,6.7,8.3,0.5,8.0,9.5,6.1,6.9,6.2,4.1,7.0,3.4,7.6,9.8,9.3,2.0,5.3,1,2,1,Technical,DevOps Engineer
8.74,5.6,2.6,1.3,3.4,7.6,3.2,3.0,5.6,0.4,1.8,9.0,7.1,6.6,7.0,8.4,7.4,2.6,7.4,4.0,2.4,4.1,5.7,8.3,7.5,1,3,0,Creative,UI/UX Developer
6.63,6.7,3.7,0.3,9.2,2.1,3.1,8.8,4.8,1.5,3.6,5.3,10.0,7.2,7.3,9.2,7.4,5.3,1.1,9.4,1.2,3.5,4.3,4.9,8.8,1,4,1,Creative,Data Analyst
8.5,9.3,6.9,7.4,6.6,4.7,8.9,8.9,6.5,5.2,6.8,3.4,8.5,9.0,10.0,8.2,7.9,9.4,4.0,8.7,3.7,7.9,7.7,4.6,3.4,1,2,1,Analytical,AI Engineer
6.98,7.2,6.2,4.9,4.3,5.8,2.3,5.5,9.1,3.2,9.3,1.7,6.9,6.0,7.5,8.1,6.4,5.2,8.8,3.8,5.5,8.4,8.3,4.4,5.0,1,3,1,Technical,DevOps Engineer
7.73,7.8,8.3,8.5,4.8,4.4,3.6,1.8,5.2,2.7,6.7,4.3,7.8,9.9,5.8,5.5,5.6,3.0,6.1,4.5,5.1,3.0,8.8,2.8,3.8,4,2,0,Technical,Software Developer
8.1,5.2,1.3,2.1,7.1,6.9,3.9,7.7,5.0,3.0,2.6,4.4,7.4,7.9,6.8,10.0,9.9,5.9,4.0,8.1,3.4,4.2,3.9,7.8,8.7,0,8,0,Managerial,Business Analyst
8.3,7.7,4.8,5.3,8.5,3.8,7.4,9.7,6.4,3.3,3.7,4.0,7.5,6.9,8.7,6.6,6.4,8.0,2.9,8.8,0.0,5.4,5.1,5.1,6.8,2,5,1,Analytical,Data Scientist
7.6,7.0,6.2,6.8,5.1,4.9,3.1,3.6,6.9,5.2,4.3,3.0,9.5,10.0,4.6,6.6,6.7,4.7,8.1,3.5,1.7,5.6,10.0,3.7,3.2,2,5,0,Technical,Software Developer
8.24,8.9,2.0,2.3,8.8,3.1,10.0,10.0,4.1,4.1,5.8,3.5,8.4,7.9,7.8,9.2,4.2,7.8,2.5,9.2,1.6,6.5,3.0,2.0,7.1,0,3,1,Analytical,Data Scientist
7.25,8.0,5.2,3.2,6.5,8.5,1.6,2.7,5.6,6.7,6.0,6.9,6.7,7.1,8.5,8.5,8.5,5.3,10.0,1.1,2.9,6.3,10.0,9.5,5.0,1,5,1,Creative,Web Developer
6.23,8.8,6.8,6.7,7.4,6.1,4.2,4.9,4.5,5.1,5.2,3.3,8.3,7.1,7.9,7.3,7.1,1.9,7.3,4.5,4.0,4.8,8.4,3.6,4.8,1,0,0,Creative,Software Developer
7.7,4.7,5.1,4.1,7.6,9.1,2.0,5.0,5.4,3.5,7.0,4.6,7.6,8.3,8.3,7.3,7.4,4.5,6.4,1.5,1.9,4.8,8.4,9.4,5.5,1,2,1,Creative,Web Developer
7.64,6.7,2.5,2.2,8.5,2.2,2.1,7.9,3.4,1.7,1.8,4.5,6.8,7.4,6.3,7.1,6.1,4.8,2.0,10.0,2.4,3.9,3.1,5.4,8.8,6,0,1,Analytical,Data Analyst
8.45,8.1,3.5,4.2,6.9,2.4,8.1,8.1,4.4,4.0,3.6,3.8,7.0,10.0,10.0,6.6,8.3,8.4,4.8,9.4,3.1,2.3,4.0,4.0,7.2,1,0,1,Analytical,Data Scientist
9.54,7.2,3.3,7.3,6.2,4.8,2.8,5.1,8.3,10.0,6.9,1.1,10.0,8.0,7.7,7.2,7.2,5.5,6.2,3.3,7.9,6.4,6.6,2.6,4.0,3,2,1,Technical,Cybersecurity Analyst
7.85,7.6,4.0,9.1,5.6,4.5,2.9,3.6,5.8,9.6,6.1,1.2,6.8,6.7,8.1,8.4,7.1,4.7,3.7,5.4,9.0,2.7,4.5,4.0,6.1,0,2,1,Technical,Cybersecurity Analyst
7.47,7.3,7.1,3.9,6.9,5.8,0.1,3.8,10.0,4.8,10.0,3.1,7.7,8.2,8.6,5.6,8.2,3.5,6.7,4.4,6.2,8.8,6.7,2.6,5.1,0,4,0,Technical,DevOps Engineer
6.17,9.0,4.2,5.0,8.9,4.7,10.0,8.7,3.1,3.9,5.3,3.7,6.3,9.6,9.0,6.0,6.7,8.5,2.7,8.4,4.0,6.5,7.1,2.9,8.4,2,2,1,Analytical,Data Scientist
8.71,6.1,6.2,4.8,5.7,6.8,3.6,4.3,5.4,9.2,4.8,1.6,10.0,7.3,4.5,6.5,8.0,3.3,4.4,7.1,10.0,5.8,6.2,2.7,3.4,2,3,1,Technical,Cybersecurity Analyst
6.75,3.5,2.3,0.3,3.4,8.9,0.9,2.8,4.2,2.3,3.4,9.0,6.5,7.4,6.3,6.4,7.8,3.6,9.8,1.7,2.2,3.5,6.1,10.0,5.9,2,4,0,Creative,UI/UX Developer
6.82,7.2,7.2,6.9,7.5,7.7,1.6,4.7,4.2,3.2,5.5,2.9,8.5,9.3,6.5,8.0,5.6,5.5,3.9,7.0,3.6,3.7,8.7,2.8,4.4,1,4,0,Technical,Software Developer
9.81,9.8,4.6,5.0,6.1,6.4,6.6,5.3,7.3,8.8,7.6,1.9,9.5,10.0,8.2,7.4,6.4,4.2,3.1,5.5,9.9,5.2,6.4,2.3,3.7,1,2,0,Technical,Cybersecurity Analyst
6.77,9.1,8.5,7.2,5.2,5.1,4.4,4.2,4.4,4.6,4.1,5.7,9.5,8.0,6.3,3.6,5.4,2.5,6.1,3.6,2.5,4.7,9.6,4.6,1.9,2,1,0,Technical,Software Developer
8.19,8.7,5.3,8.5,9.3,4.1,10.0,6.5,6.9,3.5,5.5,3.8,9.8,9.4,9.9,7.8,7.4,9.4,3.3,7.5,5.5,6.4,8.1,5.2,5.6,0,3,1,Technical,AI Engineer
7.07,6.5,7.4,5.8,5.8,5.1,4.6,6.1,7.6,10.0,3.9,2.5,9.2,9.3,6.2,5.9,5.8,5.0,6.1,5.2,8.3,6.7,5.0,1.7,4.6,2,4,0,Managerial,Cybersecurity Analyst
8.95,6.3,4.7,6.0,8.2,6.0,3.9,1.3,7.4,5.0,10.0,4.4,9.6,9.0,5.0,5.9,10.0,2.6,5.1,3.8,7.8,10.0,7.5,3.3,5.0,2,2,0,Technical,DevOps Engineer
6.89,6.5,8.0,7.9,7.7,6.6,2.8,4.5,5.3,5.9,5.2,3.6,8.5,8.7,5.3,6.5,6.9,3.4,7.1,3.1,4.5,4.8,9.1,4.5,2.6,3,4,0,Technical,Software Developer
8.47,6.3,3.1,4.6,7.3,9.3,2.3,1.9,5.1,4.8,4.8,8.7,7.4,8.8,5.9,7.9,9.0,2.8,10.0,4.7,6.4,5.1,5.7,6.0,4.0,5,1,1,Creative,Web Developer
6.32,6.2,4.0,6.1,6.6,8.8,4.3,3.3,9.5,6.5,9.4,2.2,9.3,8.0,6.0,6.9,8.7,2.7,6.9,2.5,5.9,7.9,7.9,3.4,6.0,2,1,1,Technical,DevOps Engineer
7.71,5.5,4.7,6.2,7.6,6.7,3.4,5.9,7.7,5.1,9.1,2.0,8.0,6.0,3.4,5.9,7.1,3.5,6.7,6.1,7.2,8.2,7.1,1.6,7.5,0,4,1,Technical,Cloud Engineer
8.6,8.7,8.8,8.5,5.9,5.5,1.0,5.0,6.2,5.2,6.8,4.5,9.7,8.3,5.1,7.4,5.0,4.2,7.1,4.4,6.5,2.8,8.9,4.0,2.5,1,1,1,Technical,Software Developer
7.1,8.5,3.9,5.6,8.5,4.0,8.7,8.8,5.9,2.3,3.0,4.1,7.9,8.7,7.8,5.9,5.6,8.4,1.2,10.0,5.1,6.0,4.6,3.5,7.3,1,2,1,Analytical,Data Scientist
7.48,2.5,7.1,6.3,7.3,5.9,2.9,5.2,6.7,9.0,4.7,3.3,7.9,7.5,8.0,6.4,6.7,5.0,5.3,3.5,7.9,6.9,6.1,2.3,3.5,2,0,1,Technical,Cybersecurity Analyst
7.13,7.5,5.8,7.0,6.4,4.7,3.7,2.7,7.4,8.6,5.7,2.5,10.0,6.6,6.2,7.3,3.9,4.4,4.5,4.5,9.4,6.9,4.7,3.1,4.7,4,3,0,Creative,Cybersecurity Analyst
7.96,7.2,3.7,3.7,7.2,4.5,10.0,7.7,5.6,1.5,4.1,4.9,8.6,7.9,8.7,7.0,6.8,7.8,3.2,7.7,0.0,6.2,4.9,4.1,6.2,4,4,1,Analytical,Data Scientist
8.17,8.5,4.9,0.8,5.6,4.4,6.5,10.0,3.7,0.8,3.7,6.2,7.3,7.8,7.0,8.8,5.2,5.4,2.6,10.0,2.3,4.8,3.0,4.8,8.4,1,3,1,Analytical,Data Analyst
7.14,8.6,4.9,7.0,5.7,2.8,9.3,7.3,8.0,3.3,7.3,3.5,8.3,6.8,9.8,5.4,6.6,9.3,3.9,9.6,3.5,6.4,8.6,3.7,4.2,1,1,0,Technical,Machine Learning Engineer
7.58,6.6,4.8,5.1,6.0,8.2,1.1,2.9,7.2,4.8,8.0,4.0,5.4,8.4,8.3,6.9,7.2,3.7,6.1,4.8,5.9,7.7,6.3,5.8,5.3,4,4,1,Technical,DevOps Engineer
9.43,7.1,8.2,6.5,8.4,5.3,3.0,4.6,4.3,2.0,4.5,5.1,7.6,7.6,8.0,6.1,6.4,4.2,6.8,6.6,4.9,6.3,8.4,2.9,4.1,0,5,0,Technical,Software Developer
7.95,6.2,7.8,8.3,7.2,5.7,3.2,3.1,5.8,3.9,4.7,3.6,7.9,8.0,7.7,6.1,8.8,5.6,5.0,4.1,3.3,4.6,10.0,3.7,4.4,1,0,1,Technical,Software Developer
8.4,9.1,4.6,7.0,7.5,5.0,8.3,7.8,7.8,4.8,6.0,4.9,8.1,9.1,10.0,7.3,7.1,8.7,2.6,7.2,5.3,6.3,7.5,5.7,6.1,0,3,0,Technical,AI Engineer
6.94,6.9,6.2,5.8,5.0,3.8,4.4,4.9,4.4,8.7,7.4,2.4,9.1,8.4,7.9,7.6,7.0,3.5,5.5,3.5,10.0,7.5,5.5,1.2,6.1,0,2,0,Technical,Cybersecurity Analyst
7.9,6.1,2.7,1.9,7.6,1.9,4.8,8.1,3.1,1.0,2.9,6.0,9.7,6.7,9.9,6.9,8.7,4.2,2.0,8.7,1.9,4.6,4.7,4.0,6.9,1,0,0,Analytical,Data Analyst
7.62,7.2,6.2,3.8,8.2,5.5,4.8,2.3,8.7,9.2,8.0,2.3,8.8,7.9,8.4,5.5,5.9,3.0,6.8,4.5,6.6,9.6,7.7,4.8,7.1,3,3,0,Technical,Cloud Engineer
8.66,8.5,4.5,5.9,6.9,6.4,7.1,5.7,7.4,4.3,5.5,2.9,9.3,6.9,7.6,5.9,6.6,9.1,1.1,6.6,4.6,7.6,8.5,4.1,4.9,1,2,0,Technical,AI Engineer
8.59,6.5,4.8,6.1,6.1,4.6,4.1,5.7,7.6,10.0,4.5,1.2,8.1,7.3,7.5,7.0,7.1,5.9,4.6,3.8,9.3,4.2,5.8,0.0,5.0,4,2,1,Technical,Cybersecurity Analyst
8.38,8.7,4.6,7.9,9.6,4.5,9.0,8.2,6.8,4.5,7.4,3.2,10.0,9.2,9.9,8.1,8.5,10.0,5.5,8.2,3.2,7.1,6.3,3.1,4.3,2,3,1,Technical,AI Engineer
8.45,6.1,2.6,1.1,9.8,3.3,4.2,9.2,4.4,1.1,4.8,4.5,8.0,7.2,8.0,8.0,9.3,2.1,5.2,8.1,4.3,5.8,5.2,7.1,8.5,0,0,0,Managerial,Business Analyst
7.83,6.8,5.4,6.8,6.8,5.0,3.5,5.5,6.9,9.6,6.0,1.7,8.6,8.2,4.7,8.1,7.3,4.5,5.6,4.2,10.0,7.8,4.7,1.8,5.7,3,3,1,Technical,Cybersecurity Analyst
8.87,6.7,3.5,1.7,10.0,4.3,4.7,9.2,5.6,2.6,4.7,2.6,8.5,6.9,9.4,9.7,7.5,6.7,5.0,9.6,4.7,4.0,3.8,6.0,7.6,3,4,1,Analytical,Data Analyst
9.35,5.9,6.1,5.2,5.7,5.7,3.5,4.6,5.3,8.6,5.5,2.9,8.5,8.5,7.7,8.3,4.3,6.4,4.9,7.4,10.0,6.9,5.4,1.8,6.2,1,3,1,Technical,Cybersecurity Analyst
7.11,6.6,1.8,3.1,9.0,3.7,5.5,8.0,3.6,2.5,2.6,5.1,7.1,9.0,8.5,9.4,8.2,3.8,2.5,8.7,1.7,5.2,2.4,4.4,7.6,2,2,1,Analytical,Data Analyst
8.4,7.7,6.2,4.9,6.0,5.1,3.2,2.3,7.4,5.4,8.6,3.3,8.7,8.8,7.4,7.2,6.9,4.0,5.5,3.6,6.9,8.3,7.7,3.0,3.3,2,2,0,Technical,DevOps Engineer
7.23,4.8,1.2,3.4,8.5,3.7,2.2,7.4,4.2,3.0,1.6,3.1,8.0,8.0,7.0,9.4,9.4,5.3,2.4,6.7,4.6,5.4,4.6,6.4,10.0,2,4,1,Managerial,Business Analyst
6.95,4.5,5.8,4.7,8.5,7.5,2.8,5.4,7.9,6.6,7.9,2.0,7.9,8.9,7.7,6.8,7.4,2.5,6.3,4.7,6.4,9.0,5.5,2.0,4.8,3,6,1,Technical,Cloud Engineer
8.5,4.8,3.6,1.5,5.8,9.0,2.1,2.7,3.3,3.2,6.2,7.7,7.9,9.5,7.0,8.9,8.2,3.4,9.6,3.6,1.8,4.6,9.2,5.8,3.1,0,1,1,Creative,Web Developer
8.28,8.3,5.5,4.2,8.6,3.6,7.9,8.3,6.3,4.1,1.8,4.4,8.4,7.0,9.9,9.5,8.6,5.9,3.4,8.3,2.5,4.7,2.6,1.7,7.1,1,6,0,Analytical,Data Scientist
8.78,6.5,2.6,1.9,8.6,3.1,5.1,8.8,5.0,2.5,2.3,6.5,6.5,7.4,8.6,7.2,7.8,5.6,2.1,9.4,1.8,3.4,6.5,4.2,9.1,1,4,1,Technical,Data Analyst
7.71,7.9,9.5,6.8,7.1,5.9,2.8,3.2,6.8,3.6,5.8,1.9,9.3,9.7,7.1,6.3,7.4,6.5,4.1,4.9,3.0,5.0,8.7,3.5,4.0,2,1,0,Technical,Software Developer
7.62,4.0,2.1,0.7,5.5,7.9,1.0,2.7,2.2,2.2,1.6,9.5,8.5,5.1,5.9,9.4,8.0,1.3,8.9,3.5,3.7,2.8,5.1,9.5,7.1,2,3,0,Creative,UI/UX Developer
8.2,6.1,5.2,6.9,9.5,4.9,4.8,4.8,6.9,9.2,5.5,2.3,9.9,8.8,5.7,6.5,6.0,5.5,4.2,5.9,10.0,6.7,6.6,1.9,5.9,1,3,1,Technical,Cybersecurity Analyst
7.95,7.3,9.1,6.3,6.8,5.4,3.3,3.9,5.1,3.4,4.4,4.3,9.0,7.8,6.0,7.2,7.0,4.9,5.0,2.0,3.4,4.2,8.9,3.3,4.8,1,5,1,Technical,Software Developer
8.95,7.7,4.5,4.5,8.1,4.2,9.8,7.7,4.2,2.8,1.3,3.9,10.0,6.9,8.5,6.2,7.4,9.2,3.0,8.2,3.2,6.4,6.0,3.6,6.6,1,2,1,Analytical,Data Scientist
8.28,6.8,6.3,6.6,6.5,4.7,4.9,6.7,6.4,10.0,7.1,1.7,7.6,9.8,6.3,6.8,7.5,3.6,4.9,5.5,7.5,6.7,4.5,2.0,4.9,1,3,0,Technical,Cybersecurity Analyst
8.38,6.5,2.3,0.0,9.3,5.4,5.2,8.8,3.9,1.5,3.1,5.0,7.1,9.4,5.9,8.8,7.4,7.1,3.4,9.1,1.7,4.0,2.7,4.2,6.0,1,1,0,Analytical,Data Analyst
7.16,6.9,4.3,4.7,7.4,5.6,8.5,6.8,5.2,3.1,4.5,3.7,7.4,7.3,8.3,6.9,5.8,7.7,3.7,10.0,3.8,6.4,6.1,4.9,6.6,0,1,1,Analytical,Data Scientist
8.23,6.6,6.7,7.6,4.6,6.6,0.0,2.9,6.7,3.2,4.4,5.4,7.1,9.3,8.3,7.0,5.4,3.3,9.0,3.5,7.3,6.9,9.6,4.3,3.5,0,0,1,Creative,Software Developer
7.17,6.6,6.3,4.3,7.0,5.9,1.1,4.4,6.9,10.0,4.5,4.0,9.0,7.4,8.1,9.5,6.6,4.0,4.0,7.0,8.7,5.4,5.3,1.8,4.4,1,3,1,Technical,Cybersecurity Analyst
8.16,8.2,4.4,7.5,6.0,6.1,9.6,7.6,8.5,4.1,7.2,2.4,8.3,7.9,9.6,5.3,7.3,9.0,4.1,8.0,4.6,9.5,9.7,4.4,4.6,0,2,0,Analytical,AI Engineer
6.71,7.7,4.4,7.6,6.1,4.8,2.1,5.5,7.0,9.8,6.9,0.6,7.1,7.0,6.6,6.0,7.4,4.5,5.5,5.6,7.3,7.4,5.6,3.5,3.3,4,3,0,Technical,Cybersecurity Analyst
7.24,7.2,5.2,7.0,6.8,3.0,5.6,2.6,4.8,9.1,6.3,2.2,7.9,8.4,7.6,5.7,5.8,3.5,6.5,5.4,10.0,8.3,6.9,2.7,6.7,1,3,1,Technical,Cybersecurity Analyst
8.45,3.4,1.7,1.5,2.9,9.2,0.5,3.5,2.6,0.2,1.9,9.7,6.1,7.6,4.8,8.6,9.2,2.3,6.7,4.6,0.7,0.3,6.7,8.3,6.6,3,2,1,Creative,UI/UX Developer
6.42,1.4,3.0,1.3,3.6,10.0,3.2,4.5,3.0,2.6,2.5,8.8,6.5,7.7,6.7,9.7,9.2,3.4,8.2,3.8,2.2,1.8,5.1,9.5,7.2,3,5,0,Creative,UI/UX Developer
7.56,5.7,2.7,1.6,9.6,3.7,4.0,6.5,5.2,2.8,0.5,6.1,6.2,8.1,7.7,6.4,8.1,5.1,3.2,8.2,6.3,3.5,1.5,5.5,7.6,1,0,0,Managerial,Business Analyst
7.19,8.8,3.7,2.1,7.9,2.1,4.9,8.5,4.1,0.0,2.4,4.9,9.1,6.5,5.9,8.5,7.4,3.1,1.2,8.8,1.9,5.5,2.8,5.6,5.8,3,3,1,Analytical,Data Analyst
8.01,9.6,7.5,7.7,8.5,5.0,9.3,7.3,7.3,4.5,4.4,4.3,7.4,9.8,9.7,8.6,6.1,8.4,5.2,6.8,2.7,7.2,7.4,3.7,5.6,0,2,0,Technical,AI Engineer
8.1,9.0,1.8,4.0,8.5,3.4,8.9,7.0,4.6,4.1,4.0,4.4,7.9,8.5,6.5,8.4,9.0,7.3,2.0,9.5,4.6,5.0,3.6,3.8,5.9,0,2,1,Managerial,Data Scientist
8.46,9.5,4.7,5.4,6.8,7.5,3.8,3.7,8.4,6.3,9.6,3.5,10.0,9.5,7.1,6.4,8.0,4.9,6.8,4.5,5.8,8.2,6.9,4.0,3.6,3,2,1,Technical,DevOps Engineer
8.73,2.8,2.1,3.5,5.3,7.4,2.4,1.7,4.6,2.3,2.5,7.0,6.3,9.4,4.7,8.8,8.2,2.9,8.9,5.2,2.5,3.0,5.0,9.7,5.9,2,5,1,Creative,UI/UX Developer
6.0,7.3,5.9,6.4,6.8,5.6,4.2,2.8,5.5,10.0,4.7,2.6,7.7,9.2,6.8,7.7,7.4,4.1,2.5,4.0,8.2,5.2,6.6,4.7,2.3,0,8,1,Technical,Cybersecurity Analyst
7.47,7.1,3.7,4.9,6.7,9.6,2.7,2.7,4.6,4.7,5.6,7.9,8.8,9.4,5.8,6.6,6.7,4.5,10.0,3.7,3.8,6.1,7.1,7.9,3.8,1,3,1,Creative,Web Developer
6.0,4.2,2.7,2.9,4.6,8.4,0.0,4.3,4.2,1.7,1.8,10.0,7.5,6.1,5.5,8.0,8.9,5.0,9.0,2.8,1.4,5.2,6.9,9.0,6.4,1,5,0,Creative,UI/UX Developer
8.15,10.0,3.8,5.4,7.2,5.5,8.1,6.9,8.2,3.3,7.2,4.5,9.6,9.0,7.4,5.9,7.4,10.0,3.5,7.9,4.0,5.7,8.0,2.1,5.3,4,2,1,Technical,Machine Learning Engineer
8.76,7.0,5.9,8.2,5.8,4.7,2.3,3.8,4.3,1.6,6.0,5.4,8.7,7.2,6.8,6.5,7.7,4.7,5.2,4.1,4.5,6.6,9.8,4.9,4.1,0,3,0,Technical,Software Developer
7.51,7.7,6.3,4.1,8.2,5.5,3.4,4.2,9.0,7.6,9.1,3.9,9.3,9.2,6.7,5.8,7.0,2.0,7.6,4.1,7.7,7.1,7.0,2.3,4.0,2,2,0,Technical,DevOps Engineer
8.0,8.6,3.8,8.4,6.4,4.8,9.7,7.8,6.1,4.6,6.9,3.9,9.7,9.8,8.6,6.5,9.4,10.0,3.9,8.8,3.0,6.3,6.1,3.8,5.3,3,4,1,Analytical,AI Engineer
8.74,5.3,4.9,3.3,5.8,9.1,3.1,4.2,6.9,4.3,3.6,6.3,8.9,9.8,6.0,7.9,8.1,3.7,7.9,4.0,6.0,5.2,7.7,7.5,5.5,0,6,0,Analytical,Web Developer
7.33,6.3,4.6,3.1,8.0,8.1,2.6,2.0,4.5,5.4,5.0,7.0,6.6,6.5,7.1,9.9,7.5,2.0,10.0,2.5,4.4,5.6,9.2,7.8,5.5,0,0,1,Creative,Web Developer
7.45,7.4,4.1,6.7,6.4,3.4,4.9,7.0,6.2,8.6,6.2,3.1,7.3,9.2,7.1,5.2,6.4,4.5,4.5,5.3,9.5,5.8,7.7,0.7,4.2,3,5,0,Creative,Cybersecurity Analyst
9.21,6.8,2.1,1.9,9.2,3.7,6.3,9.5,4.0,0.8,4.0,4.8,9.0,7.0,8.8,8.4,8.6,5.4,2.0,9.1,0.6,4.2,2.4,5.3,4.0,2,4,0,Managerial,Data Analyst
7.52,7.3,4.0,1.0,10.0,4.0,5.0,7.9,4.3,2.4,2.9,6.0,7.6,7.2,6.8,7.5,7.3,4.8,2.7,10.0,3.7,2.6,5.6,5.7,7.0,1,2,1,Analytical,Data Analyst
6.78,5.9,3.7,1.4,7.3,3.8,4.6,6.4,5.1,2.1,3.8,4.8,9.8,7.1,4.6,7.0,8.1,5.2,2.9,8.4,2.0,4.0,4.0,5.6,8.2,4,3,0,Analytical,Data Analyst
8.43,7.6,4.4,0.0,9.1,1.6,4.5,8.7,4.7,2.3,4.5,4.3,8.8,7.7,5.7,7.0,7.3,6.2,3.5,8.2,1.8,6.2,4.1,4.6,8.5,2,1,1,Creative,Data Analyst
7.53,7.2,7.0,6.1,5.9,5.3,2.9,4.8,8.6,5.3,9.3,2.0,8.3,10.0,7.9,6.5,8.2,5.0,5.7,7.2,4.8,8.9,6.7,3.1,5.4,0,2,1,Technical,DevOps Engineer
7.25,6.1,4.0,6.1,6.6,4.7,3.7,5.2,7.1,9.4,6.4,3.3,7.9,9.7,6.4,6.6,4.5,3.9,3.5,6.3,10.0,5.8,5.5,0.9,4.1,2,0,1,Technical,Cybersecurity Analyst
9.31,6.4,5.1,2.9,7.7,9.3,3.9,4.1,5.8,6.9,4.7,8.6,7.6,7.7,5.9,8.4,7.8,2.1,9.0,5.1,4.8,2.5,7.2,6.8,3.0,2,1,1,Creative,Web Developer
8.06,3.3,1.7,1.7,8.7,3.9,2.5,7.1,6.0,2.2,2.3,4.4,7.8,7.9,6.9,7.6,6.5,4.8,3.6,7.7,3.8,5.6,5.9,3.7,9.9,2,1,0,Managerial,Business Analyst
6.0,9.7,3.5,3.9,7.2,5.4,8.7,8.1,7.0,4.0,2.8,4.4,8.7,6.9,9.9,7.5,9.4,10.0,3.2,8.9,0.8,5.9,4.9,3.5,7.0,3,1,0,Technical,Data Scientist
7.79,9.1,6.4,5.1,7.9,4.4,10.0,7.3,7.3,2.3,8.8,2.5,7.4,8.0,9.6,6.5,8.1,10.0,5.1,9.5,2.4,5.7,6.2,3.0,7.1,0,3,1,Technical,Machine Learning Engineer
6.92,6.6,8.8,6.6,9.0,6.5,4.2,4.5,6.3,3.0,6.6,4.2,9.3,6.9,7.2,6.7,6.3,4.3,7.7,3.2,5.1,3.8,10.0,4.9,5.9,0,2,0,Managerial,Software Developer
6.66,8.0,4.1,1.6,8.5,2.6,7.7,7.7,6.9,3.7,3.5,3.4,8.7,10.0,8.7,5.5,7.2,8.8,3.4,9.0,3.2,3.9,6.2,3.4,6.7,2,3,1,Analytical,Data Scientist
8.44,5.5,4.4,2.5,8.1,1.8,3.0,9.0,3.4,3.7,2.0,5.8,10.0,7.4,6.8,10.0,7.9,5.7,4.7,9.5,3.8,3.1,6.4,7.4,10.0,3,4,1,Managerial,Business Analyst
7.61,4.0,1.3,1.8,5.4,8.5,1.0,3.8,4.4,1.7,2.7,8.9,8.2,6.6,4.5,8.8,8.7,3.8,8.3,3.1,0.7,1.3,5.7,9.7,6.1,1,1,1,Technical,UI/UX Developer
7.29,7.7,5.6,8.4,6.2,3.4,9.0,8.0,4.3,3.0,8.5,4.5,10.0,9.7,7.9,6.8,7.7,9.1,2.1,9.5,3.0,7.2,5.8,2.3,5.4,6,2,1,Technical,Machine Learning Engineer
7.75,7.0,8.9,7.6,9.3,3.8,3.3,3.5,3.9,4.0,4.9,5.2,8.1,7.7,7.4,6.2,5.8,3.7,6.3,4.1,4.4,4.4,9.3,4.1,4.1,3,3,0,Technical,Software Developer
7.72,7.0,5.9,7.5,7.2,5.7,4.9,4.7,5.4,10.0,6.4,3.8,6.2,10.0,6.3,7.2,6.5,2.7,5.3,6.7,9.0,6.0,7.5,2.7,4.1,1,3,1,Technical,Cybersecurity Analyst
7.62,6.8,4.5,1.4,8.5,2.9,4.3,10.0,4.3,0.3,4.7,5.3,7.6,9.0,6.6,9.9,7.6,6.1,6.4,9.7,1.9,2.8,3.9,3.9,7.8,2,0,1,Analytical,Data Analyst
8.81,5.4,2.7,3.0,6.1,9.4,1.7,2.6,6.5,6.4,4.0,7.5,7.0,8.4,5.6,8.3,6.9,5.4,9.3,5.5,6.0,5.2,7.6,7.3,5.5,1,1,1,Creative,Web Developer
7.79,4.9,2.1,1.8,3.8,8.3,1.7,3.0,5.4,3.6,2.5,9.3,8.3,8.2,5.5,8.7,8.3,3.5,8.4,2.9,4.0,3.8,6.2,8.0,7.5,2,4,1,Creative,UI/UX Developer
8.94,5.9,3.5,3.0,7.7,3.1,4.3,6.5,5.2,2.9,3.6,5.3,6.9,10.0,6.9,9.3,7.8,6.4,3.2,8.2,2.8,5.2,4.5,6.8,8.9,1,4,0,Managerial,Business Analyst
9.19,5.1,3.7,0.7,4.0,6.4,3.3,6.0,4.7,3.1,3.9,8.9,5.8,7.6,4.4,7.4,8.6,4.1,9.1,7.1,2.2,3.0,3.7,9.3,5.1,0,3,0,Managerial,UI/UX Developer
6.72,4.6,1.8,1.6,3.9,5.0,2.6,5.7,3.6,1.6,4.4,8.4,5.8,7.4,2.3,9.6,8.2,4.5,8.8,4.1,3.4,3.4,6.0,8.5,7.0,0,2,0,Creative,UI/UX Developer
9.04,6.8,7.0,6.9,5.1,6.1,2.5,5.4,3.6,5.7,3.9,2.6,7.1,10.0,7.0,7.1,6.8,3.9,5.4,4.1,4.5,6.8,6.9,5.8,4.6,0,3,0,Technical,Software Developer
6.54,7.8,4.4,3.4,6.2,5.2,4.3,5.2,8.0,8.0,8.2,1.8,5.5,9.4,5.8,6.2,8.3,3.1,5.4,4.2,6.4,10.0,7.4,3.6,6.9,1,0,1,Technical,Cloud Engineer
8.93,8.9,6.1,7.0,7.3,4.4,5.1,4.4,6.3,8.6,5.2,3.6,8.6,9.0,7.5,5.8,5.6,6.4,4.2,5.4,9.3,6.4,6.7,1.5,4.6,4,2,0,Technical,Cybersecurity Analyst
6.8,6.8,3.5,1.7,7.6,7.8,1.6,5.2,6.7,5.3,5.8,8.8,9.7,9.2,6.3,8.5,7.5,4.2,9.7,3.3,3.7,6.4,7.0,8.2,3.6,3,1,1,Managerial,Web Developer
7.41,6.9,5.5,3.5,6.0,3.6,9.6,9.3,5.6,2.5,3.4,5.4,6.4,7.5,8.9,5.3,6.8,7.2,3.5,8.4,2.6,4.3,5.7,3.9,8.0,1,1,0,Analytical,Data Scientist
6.22,6.2,5.6,7.4,7.7,3.2,2.1,4.1,6.2,3.7,7.1,2.0,5.8,9.6,4.4,7.0,6.7,3.0,5.5,2.6,3.6,5.0,8.5,3.4,4.3,4,3,0,Managerial,Software Developer
7.42,5.5,5.2,3.5,9.1,7.9,1.4,3.6,4.1,2.0,4.5,9.9,10.0,8.6,4.8,6.6,8.1,3.4,9.7,3.5,2.7,4.9,8.5,7.6,6.0,0,1,1,Creative,Web Developer
7.49,6.3,2.3,2.2,7.2,4.1,3.3,8.7,6.8,0.7,4.6,5.1,8.3,6.6,8.4,7.6,6.2,6.6,2.6,7.5,1.7,4.9,4.7,4.3,6.9,1,2,0,Analytical,Data Analyst
8.53,8.4,5.7,7.1,7.4,3.4,9.0,8.0,6.3,4.4,6.0,3.5,8.3,10.0,8.0,7.3,6.1,9.4,4.7,7.7,0.6,5.5,5.1,3.6,5.0,0,1,1,Technical,AI Engineer
9.36,10.0,4.6,2.6,8.4,3.8,9.1,10.0,5.3,5.3,4.4,3.7,10.0,9.4,8.5,7.6,7.7,8.3,3.1,8.1,1.1,5.1,5.2,4.6,6.4,3,1,0,Analytical,Data Scientist
9.62,9.5,5.4,4.3,7.4,4.9,2.9,2.8,7.7,7.4,8.1,2.3,8.8,5.8,6.2,7.0,6.2,5.2,7.0,5.2,5.8,8.6,6.5,2.2,5.6,4,5,1,Technical,Cloud Engineer
8.82,8.4,4.6,7.3,6.3,3.7,4.6,5.4,6.0,9.5,6.0,2.5,10.0,9.6,4.3,5.6,6.7,6.0,2.3,5.0,10.0,6.1,5.2,1.4,3.1,1,2,1,Technical,Cybersecurity Analyst
7.44,6.7,6.1,3.8,4.4,5.8,3.0,4.1,7.3,4.9,9.3,3.7,8.6,8.3,6.9,7.9,7.9,3.8,5.5,4.9,4.6,8.0,6.9,2.0,3.4,1,2,0,Technical,DevOps Engineer
8.2,8.4,6.2,8.2,6.8,4.8,10.0,7.5,6.4,3.6,5.3,3.5,10.0,8.8,8.9,8.0,6.6,9.9,3.4,7.8,3.9,6.8,8.1,3.1,5.5,2,1,1,Managerial,Machine Learning Engineer
6.95,6.5,7.0,5.6,5.7,5.3,0.4,3.6,8.7,8.9,10.0,3.1,8.4,7.2,6.8,7.3,8.3,3.0,8.4,6.1,6.4,9.4,5.2,1.6,5.6,0,1,1,Creative,DevOps Engineer
9.31,7.1,6.1,7.6,5.9,4.7,4.2,3.8,5.3,10.0,8.8,0.8,9.1,9.1,7.3,6.0,5.9,5.9,7.0,4.9,8.0,6.3,5.5,1.6,4.7,4,0,1,Managerial,Cybersecurity Analyst
9.35,7.5,2.5,4.3,6.4,3.8,8.1,9.0,4.0,4.4,3.8,4.8,9.6,7.2,10.0,5.9,5.5,10.0,4.2,10.0,2.6,5.1,5.6,4.0,6.2,3,2,0,Analytical,Data Scientist
8.42,6.2,7.7,7.1,7.0,6.4,3.2,6.7,4.7,3.6,3.7,2.3,6.7,7.7,8.4,6.5,7.2,3.9,6.4,5.5,1.8,6.3,6.2,4.0,6.4,3,2,0,Technical,Software Developer
7.29,9.2,4.8,4.0,6.0,5.4,8.3,10.0,6.2,2.8,4.5,1.8,9.6,10.0,6.7,7.2,6.9,9.5,5.3,9.4,5.4,5.2,5.5,4.4,8.3,2,0,0,Analytical,Data Scientist
6.12,7.3,2.9,2.9,7.2,4.3,2.8,8.1,2.9,1.4,3.3,5.7,7.9,6.1,5.3,8.9,8.3,6.2,2.9,10.0,1.3,4.5,3.5,4.1,8.3,3,4,1,Analytical,Data Analyst
6.28,8.3,4.4,4.5,6.5,7.0,2.2,3.0,9.6,8.6,8.2,0.1,10.0,8.3,5.5,7.1,10.0,4.7,7.4,4.2,7.0,10.0,6.0,3.8,5.0,0,5,1,Technical,DevOps Engineer
9.02,4.5,4.8,2.9,5.3,7.8,2.8,3.7,5.7,1.6,5.0,10.0,5.9,7.3,3.4,10.0,6.1,1.7,8.3,2.5,0.9,2.6,6.6,10.0,7.0,2,2,1,Creative,UI/UX Developer
7.98,6.2,6.2,4.6,6.2,6.3,4.3,4.1,7.5,4.7,8.6,4.1,9.1,8.1,5.9,6.8,6.7,4.4,6.9,5.6,7.4,6.2,8.2,3.3,4.8,6,3,1,Technical,DevOps Engineer
7.24,8.3,4.4,7.0,5.4,3.7,9.2,6.4,7.4,2.3,6.3,3.4,9.4,9.4,7.9,7.1,5.8,9.0,5.0,6.9,3.9,6.1,7.8,4.5,4.5,0,2,0,Technical,AI Engineer
7.67,7.8,4.4,7.1,7.1,5.4,10.0,8.0,6.2,4.1,7.7,3.6,8.5,8.3,7.3,6.7,7.7,10.0,5.3,10.0,2.0,6.9,8.0,2.9,4.1,2,3,1,Technical,Machine Learning Engineer
8.14,10.0,5.6,6.5,9.6,4.7,9.7,8.3,7.1,0.8,6.7,3.9,10.0,10.0,9.7,6.7,7.1,8.7,4.6,10.0,3.1,6.7,6.7,4.1,6.4,1,3,0,Technical,Machine Learning Engineer
7.0,6.8,1.6,1.6,6.5,1.5,5.4,9.8,3.7,2.1,3.2,5.5,8.4,6.0,4.8,6.9,7.3,6.1,3.3,10.0,1.0,3.9,4.1,4.2,6.8,0,0,0,Analytical,Data Analyst
6.77,9.2,3.8,5.8,8.6,6.2,10.0,8.9,5.9,3.9,5.7,2.3,9.9,8.9,10.0,6.7,6.2,8.9,4.1,7.6,2.6,3.7,5.5,6.2,6.6,2,1,0,Analytical,Data Scientist
6.38,8.4,2.9,2.2,8.4,4.4,4.2,10.0,3.9,1.1,3.7,4.7,8.7,4.5,7.5,7.5,6.3,4.4,2.4,9.4,0.5,4.3,5.5,5.3,8.9,3,0,1,Analytical,Data Analyst
6.29,8.8,5.5,5.7,6.7,3.5,10.0,8.8,6.6,1.4,6.8,3.4,8.8,9.1,10.0,7.5,6.0,10.0,3.1,10.0,2.7,6.3,5.2,3.6,2.8,0,3,1,Technical,Machine Learning Engineer
7.5,7.7,5.0,7.0,7.0,3.8,9.6,6.4,6.0,3.9,4.1,2.5,10.0,9.7,8.6,9.6,6.8,9.7,5.6,8.4,3.7,7.8,8.2,2.7,4.8,5,2,1,Technical,AI Engineer
7.02,10.0,4.5,7.2,7.2,5.2,9.0,8.0,7.5,3.6,5.9,1.8,8.3,9.3,7.1,6.8,5.3,8.4,4.7,8.0,3.8,6.4,9.2,3.1,3.9,1,8,0,Technical,Machine Learning Engineer
7.98,7.8,4.9,1.5,8.9,2.9,4.7,8.3,3.8,3.7,3.1,5.1,7.1,8.7,8.4,8.1,9.6,4.4,1.9,9.4,1.1,4.3,4.1,6.3,7.5,3,2,0,Analytical,Data Analyst
6.81,2.0,2.2,1.7,1.8,9.0,1.9,2.8,2.6,2.9,0.0,10.0,6.0,4.9,4.9,9.5,8.5,3.9,9.5,4.7,3.8,3.6,4.0,10.0,8.7,1,1,1,Creative,UI/UX Developer
7.14,8.2,6.3,7.8,6.9,4.0,8.7,7.1,6.4,3.3,5.0,2.0,8.9,8.0,10.0,5.5,6.6,10.0,1.6,8.9,3.1,5.8,8.1,4.3,3.8,2,1,0,Technical,AI Engineer
7.48,3.8,0.7,0.0,4.4,8.1,2.7,4.1,2.8,2.0,4.0,9.6,6.6,5.1,5.0,10.0,8.7,4.8,8.9,3.1,2.1,5.1,7.7,9.5,5.2,2,2,0,Analytical,UI/UX Developer
7.83,10.0,4.9,8.0,8.2,6.3,9.4,6.6,8.3,4.3,5.6,4.2,8.3,7.3,10.0,7.5,7.9,7.5,4.5,8.3,3.6,6.6,6.9,5.2,5.9,0,2,1,Technical,AI Engineer
7.81,10.0,8.2,6.3,7.2,2.9,10.0,8.4,7.0,3.6,5.6,4.0,10.0,10.0,9.7,5.5,6.8,10.0,3.3,7.2,3.2,6.7,10.0,4.4,4.2,1,1,1,Technical,Machine Learning Engineer
6.48,6.7,4.1,6.3,6.8,3.3,3.1,4.5,7.7,9.6,6.4,2.9,9.0,6.7,4.0,5.4,6.3,4.9,5.0,3.9,9.7,4.0,6.4,1.8,7.2,2,2,1,Technical,Cybersecurity Analyst
8.59,9.4,5.8,7.3,6.9,6.5,7.5,5.5,7.7,3.1,4.5,4.1,7.9,10.0,9.2,6.8,6.1,9.7,2.2,5.3,2.3,8.3,6.5,1.9,4.9,2,1,0,Technical,AI Engineer
7.38,3.0,0.9,1.8,5.4,9.4,0.5,2.3,4.6,3.2,2.6,10.0,6.4,6.8,3.8,7.4,9.4,1.6,9.3,3.9,2.6,1.5,4.3,8.9,5.3,3,3,1,Creative,UI/UX Developer
7.08,9.2,3.5,8.6,9.0,3.2,8.1,8.3,5.6,4.8,7.0,4.4,7.8,7.5,8.9,8.4,6.0,10.0,3.3,9.7,2.5,6.8,8.7,1.5,5.7,3,3,1,Technical,Machine Learning Engineer
8.15,6.5,3.1,4.4,8.1,10.0,3.9,4.3,5.2,2.7,6.5,6.8,7.3,7.6,5.4,8.8,9.0,4.6,9.5,1.6,3.9,6.5,7.5,7.4,5.9,3,6,1,Managerial,Web Developer
8.12,9.9,5.3,7.9,7.6,4.7,9.5,6.9,5.2,3.1,8.2,2.8,9.3,6.8,8.7,6.6,4.1,9.8,2.2,7.7,4.6,6.7,7.0,2.4,4.5,2,4,1,Technical,Machine Learning Engineer
9.05,3.1,2.2,1.4,6.3,3.8,5.4,8.4,8.8,3.5,3.0,5.1,9.5,7.8,7.7,8.8,9.7,2.4,4.7,8.8,2.1,4.9,3.7,3.7,7.8,3,1,0,Technical,Business Analyst
8.57,7.6,8.1,8.2,5.9,6.6,4.4,2.4,4.1,3.2,3.8,3.5,9.1,10.0,7.1,6.1,7.9,1.4,4.8,1.4,2.8,4.2,10.0,1.0,3.5,4,2,1,Analytical,Software Developer
8.14,9.7,4.2,5.8,8.0,3.2,9.7,8.0,5.9,4.1,6.5,4.6,8.2,7.5,8.5,7.0,6.8,10.0,5.3,7.9,3.6,4.5,8.7,2.3,5.2,2,1,1,Technical,Machine Learning Engineer
8.24,9.5,3.6,2.7,7.5,2.0,7.6,8.9,8.3,4.9,3.3,5.0,8.1,7.5,8.9,5.1,5.2,9.5,4.5,6.3,4.6,6.3,4.6,4.5,9.0,0,4,1,Analytical,Data Scientist
7.88,5.5,4.1,2.9,7.0,8.8,3.8,2.4,6.7,3.7,5.6,8.7,7.7,8.0,6.2,5.4,5.1,4.8,9.1,2.6,4.2,4.8,6.6,9.0,6.2,1,7,1,Creative,Web Developer
6.67,7.0,4.4,6.6,5.4,4.3,3.2,2.0,5.8,10.0,6.9,3.2,6.8,7.9,7.1,9.0,4.6,4.5,3.2,5.2,9.8,6.4,7.9,0.0,4.0,1,2,1,Technical,Cybersecurity Analyst
8.67,7.2,7.6,3.5,3.5,4.7,2.6,4.7,8.8,7.8,7.0,3.8,8.8,8.4,6.4,7.8,9.0,3.7,7.1,2.8,8.1,8.9,6.5,4.6,6.0,0,2,1,Technical,DevOps Engineer
8.4,6.1,2.2,0.5,5.5,6.0,3.6,7.9,3.1,4.1,2.1,7.2,9.2,8.2,7.7,8.1,9.0,3.0,2.9,6.1,0.8,3.6,2.7,6.0,9.9,2,4,1,Managerial,Business Analyst
8.26,5.8,4.6,5.8,5.6,5.0,4.3,5.4,5.6,9.6,4.2,0.2,9.4,6.8,4.9,5.0,7.3,4.7,5.4,5.3,8.8,5.8,4.0,3.3,5.3,2,1,0,Technical,Cybersecurity Analyst
9.35,7.6,6.2,7.6,6.6,6.7,3.0,4.1,4.3,3.7,5.6,1.8,7.7,9.3,8.8,6.1,8.3,5.9,5.6,3.4,3.8,4.9,10.0,3.1,5.7,1,7,0,Technical,Software Developer
6.0,10.0,5.0,9.1,6.8,4.3,10.0,9.8,7.1,3.5,6.5,1.8,8.6,9.1,10.0,6.0,8.2,9.4,5.4,9.2,4.2,7.6,8.4,4.2,7.3,1,2,1,Technical,Machine Learning Engineer
7.93,9.4,3.2,2.5,9.1,4.0,9.4,8.7,4.4,3.2,4.7,1.6,9.0,9.4,10.0,8.0,6.5,8.4,1.4,10.0,3.9,4.6,5.7,4.7,5.8,4,1,1,Analytical,Data Scientist
7.42,10.0,5.2,5.2,5.4,2.9,8.5,7.7,4.8,2.7,4.1,7.0,7.8,9.4,10.0,6.4,9.2,8.8,0.3,10.0,1.2,6.6,6.1,2.9,6.6,2,4,1,Analytical,Data Scientist
8.84,5.6,5.2,5.2,6.5,5.0,10.0,7.0,5.6,3.2,2.0,3.6,10.0,7.6,10.0,7.9,6.1,8.5,1.4,9.5,2.8,4.5,3.4,3.9,7.2,2,5,1,Analytical,Data Scientist
8.0,8.4,2.7,7.9,5.7,6.1,7.5,6.8,6.9,4.5,8.0,2.0,8.7,7.4,9.9,6.3,6.9,9.3,4.1,7.8,2.9,7.1,6.6,4.4,5.1,2,5,0,Technical,AI Engineer
6.16,7.8,3.9,6.5,7.3,3.9,9.3,9.0,6.8,3.3,7.0,0.9,8.7,9.7,8.3,6.8,6.8,10.0,5.0,6.2,2.8,4.3,3.1,3.6,5.9,1,3,1,Technical,Machine Learning Engineer
7.97,7.1,3.1,2.6,7.2,3.5,4.0,9.2,5.1,0.7,2.7,4.9,7.4,8.5,6.7,7.4,6.7,6.2,2.5,10.0,4.2,3.9,5.2,6.8,9.1,0,0,0,Analytical,Data Analyst
8.15,6.2,1.8,1.2,8.2,4.7,4.0,6.7,4.1,3.9,3.2,5.6,8.1,8.8,7.9,9.2,8.0,3.1,2.0,6.9,3.3,3.4,1.7,5.4,9.7,1,2,0,Managerial,Business Analyst
8.16,7.8,6.1,5.6,7.8,5.6,5.1,3.3,9.2,5.3,7.6,4.7,6.8,7.2,8.4,6.4,9.3,4.2,6.7,4.1,6.7,6.9,6.5,2.1,4.3,1,3,0,Technical,Cloud Engineer
7.84,5.3,4.8,7.1,7.3,5.7,2.3,3.7,6.4,8.7,5.8,1.7,10.0,7.3,7.9,8.4,6.0,6.1,7.0,4.6,10.0,5.7,7.5,0.5,3.9,3,5,0,Technical,Cybersecurity Analyst
8.68,7.0,7.5,4.2,8.0,7.3,4.5,5.7,10.0,6.6,8.7,4.8,6.9,9.4,3.9,6.4,7.7,4.4,7.1,3.3,7.1,8.6,7.5,1.8,5.9,1,2,0,Technical,Cloud Engineer
7.79,8.0,4.3,6.1,7.9,4.5,3.6,4.2,5.3,9.9,5.1,0.5,7.5,7.2,9.5,6.9,7.8,3.5,5.3,5.1,7.0,5.7,4.5,1.0,4.8,1,1,1,Technical,Cybersecurity Analyst
7.54,8.8,4.9,8.2,5.5,3.9,9.4,6.3,7.1,3.4,6.6,5.0,8.4,9.8,9.2,6.6,7.0,10.0,3.8,9.4,3.9,5.4,7.3,1.9,4.7,1,3,1,Technical,AI Engineer
6.64,8.5,5.1,2.8,10.0,2.3,7.9,9.6,7.1,3.4,4.4,6.0,7.0,6.6,6.9,6.6,6.2,8.9,4.1,10.0,4.0,3.9,5.4,3.2,7.7,0,1,1,Analytical,Data Scientist
8.78,7.7,3.8,3.6,8.5,6.0,8.3,6.9,5.6,1.9,4.3,3.2,8.7,7.2,8.7,6.4,8.4,7.7,3.6,9.2,3.2,5.4,5.7,5.4,8.0,1,3,1,Managerial,Data Scientist
8.21,5.8,0.6,2.9,7.4,3.1,1.8,8.2,3.2,2.6,3.7,5.6,8.4,6.1,6.7,10.0,10.0,2.6,2.4,8.3,4.7,6.1,4.3,4.9,9.9,0,2,0,Managerial,Business Analyst
7.83,8.5,6.1,4.8,7.3,5.0,2.1,2.3,7.3,6.2,8.1,2.5,6.5,7.6,6.2,8.1,7.9,4.4,6.0,3.7,6.8,10.0,6.7,2.1,6.5,6,0,1,Technical,Cloud Engineer
6.75,7.5,3.7,2.5,5.9,8.2,3.7,4.4,5.1,4.6,7.0,7.1,8.4,8.7,5.2,7.4,7.3,5.7,8.2,1.2,2.3,4.4,8.3,6.4,5.3,0,7,0,Creative,Web Developer
8.8,6.3,3.7,2.5,3.4,7.5,3.1,5.5,3.1,1.2,2.0,8.7,8.7,7.1,4.2,8.1,9.5,3.2,8.4,1.2,3.0,4.8,5.2,10.0,5.5,1,3,0,Creative,UI/UX Developer
7.17,5.1,3.7,0.2,3.7,8.4,1.7,1.7,3.8,2.5,3.4,8.1,4.0,6.6,4.6,8.0,6.9,3.6,8.8,1.9,1.6,3.7,6.8,10.0,4.9,2,2,1,Creative,UI/UX Developer
7.01,3.8,2.2,0.5,2.9,10.0,3.8,2.2,2.7,1.8,2.6,10.0,7.8,6.4,5.6,8.0,9.8,4.2,7.7,3.5,1.1,4.2,4.7,9.8,5.5,1,3,1,Analytical,UI/UX Developer
6.64,10.0,2.7,5.2,10.0,4.8,9.7,9.4,5.7,4.3,3.7,5.0,9.7,9.1,8.7,8.0,6.6,7.9,3.9,9.2,3.9,5.2,5.6,5.5,6.8,0,1,1,Analytical,Data Scientist
7.4,8.5,5.2,7.7,6.3,7.2,4.7,3.0,4.0,4.3,6.9,4.1,6.6,7.8,7.2,6.8,6.2,3.3,4.9,5.3,3.1,4.5,8.5,2.2,3.1,1,2,1,Technical,Software Developer
8.15,8.5,8.6,8.2,6.2,4.8,2.5,3.4,4.9,5.2,3.6,4.2,6.8,7.7,7.6,5.2,7.8,2.5,6.7,2.3,3.3,7.1,10.0,3.5,4.4,3,3,0,Technical,Software Developer
8.22,4.3,1.9,2.0,8.9,3.4,2.2,7.4,5.1,3.6,2.3,6.1,7.5,7.6,9.0,6.9,8.3,4.4,4.2,6.1,3.4,5.4,3.5,6.4,7.6,1,3,0,Managerial,Business Analyst
6.0,7.6,6.9,4.7,7.4,3.2,8.7,10.0,6.5,4.0,3.7,3.4,9.2,10.0,8.8,6.7,5.9,6.7,2.5,8.7,3.0,5.6,4.5,6.0,5.7,1,3,0,Analytical,Data Scientist
7.23,7.2,9.3,7.7,5.9,6.5,1.8,4.7,5.4,3.7,4.1,3.0,8.6,9.9,6.3,7.0,4.7,3.4,6.0,3.0,3.0,4.3,9.3,3.8,1.5,1,5,1,Technical,Software Developer
7.98,4.9,3.0,2.0,7.7,2.6,3.9,7.8,2.7,2.0,2.7,6.2,7.8,6.3,4.9,7.9,8.1,5.7,2.9,8.6,3.2,6.0,4.0,6.8,8.9,4,2,1,Managerial,Business Analyst
8.54,10.0,5.0,5.4,7.7,2.3,9.1,10.0,6.0,3.1,7.4,3.7,9.7,8.5,9.0,5.9,7.5,9.4,4.8,9.5,4.0,5.7,5.8,1.8,3.9,2,7,1,Creative,Machine Learning Engineer
6.83,4.1,4.3,2.3,4.6,9.5,1.7,2.0,3.6,2.9,2.5,10.0,5.4,6.5,5.6,6.9,8.9,5.5,10.0,4.0,1.4,2.9,5.9,9.8,7.4,2,3,0,Creative,UI/UX Developer
9.53,4.3,2.8,2.3,3.7,6.9,2.7,3.3,3.7,2.7,4.2,10.0,5.5,7.5,4.3,9.4,6.7,4.9,6.7,2.3,4.2,3.3,6.0,8.7,6.8,3,4,1,Creative,UI/UX Developer
7.16,4.9,6.7,2.0,7.0,9.5,2.2,1.2,3.6,3.6,5.2,6.4,8.0,8.4,6.7,7.4,7.6,4.5,9.3,4.9,2.8,6.7,8.6,8.0,5.2,0,7,0,Creative,Web Developer
9.06,8.0,4.7,9.8,7.7,3.9,9.6,8.3,5.7,3.4,6.1,1.3,8.4,8.9,9.0,6.5,8.1,9.3,5.4,8.7,4.0,6.8,7.0,3.7,4.4,1,0,1,Analytical,Machine Learning Engineer
8.56,9.1,4.0,8.1,5.6,3.8,8.6,6.1,8.9,2.7,6.3,2.6,7.4,8.8,8.8,8.7,7.5,9.7,4.8,7.7,3.3,6.3,6.7,3.8,3.4,2,3,1,Technical,AI Engineer
6.5,6.7,8.6,8.1,9.0,5.0,4.3,4.4,3.2,3.4,5.3,2.1,5.7,6.6,7.3,6.0,6.3,3.4,4.4,3.5,2.0,6.3,10.0,1.4,3.5,2,0,1,Technical,Software Developer
7.24,6.9,3.2,3.1,7.5,2.7,4.5,9.7,3.0,0.6,3.7,3.3,9.4,7.3,5.8,7.5,7.9,4.4,3.0,10.0,1.8,3.0,3.7,6.6,9.9,2,3,0,Analytical,Data Analyst
8.38,5.7,4.4,3.2,5.7,9.1,1.9,4.4,5.8,3.1,4.9,6.2,6.6,8.2,6.9,7.2,7.6,4.8,10.0,1.9,3.8,4.7,7.5,7.4,5.6,3,2,1,Creative,Web Developer
7.35,7.0,2.0,0.6,8.2,3.5,3.3,8.4,3.8,1.8,3.8,6.0,8.2,8.8,7.1,8.9,6.8,5.3,3.7,9.6,0.9,2.2,4.6,4.7,7.8,2,2,1,Analytical,Data Analyst
7.34,5.8,3.3,0.0,4.3,9.4,0.5,4.7,3.7,0.6,2.8,8.2,7.4,5.9,4.0,8.6,10.0,4.8,7.4,2.2,1.3,1.5,6.4,10.0,7.5,0,4,0,Creative,UI/UX Developer
8.05,8.3,4.9,0.7,8.3,8.0,1.4,3.3,5.6,3.7,5.0,6.5,6.2,8.2,4.3,6.7,7.6,4.3,9.2,3.2,2.6,4.5,7.7,8.5,4.1,1,0,0,Creative,Web Developer
7.82,9.7,4.2,6.1,6.6,3.8,7.5,5.6,6.7,5.1,5.8,3.3,8.9,7.9,8.5,8.4,8.7,10.0,4.8,9.7,2.8,10.0,5.2,3.1,1.2,1,3,1,Technical,AI Engineer
9.42,9.3,3.9,7.1,9.5,4.9,9.1,6.1,4.9,3.1,5.4,2.5,8.2,7.4,8.6,5.0,7.2,8.4,3.8,8.4,2.8,5.6,7.8,2.4,4.2,2,2,1,Technical,AI Engineer
7.59,6.4,5.9,5.0,8.2,5.9,5.7,5.3,8.9,7.5,8.7,4.3,8.8,8.1,6.0,7.1,5.9,4.3,4.7,5.5,7.4,9.8,6.3,2.7,6.8,1,4,0,Technical,Cloud Engineer
9.4,2.7,0.0,3.1,4.6,8.4,2.5,3.6,4.3,1.2,4.9,10.0,5.8,6.2,5.2,7.3,8.3,5.0,8.7,5.8,1.2,3.5,4.9,9.3,7.1,1,1,1,Creative,UI/UX Developer
7.61,5.7,7.0,6.8,7.0,7.7,2.8,6.0,8.3,10.0,6.7,0.6,8.9,7.9,7.2,8.1,7.4,3.3,3.5,4.1,9.4,8.0,6.3,2.4,4.8,0,1,1,Technical,Cybersecurity Analyst
8.02,8.3,4.5,9.6,7.6,5.2,9.6,6.3,5.9,4.7,7.0,4.6,8.5,8.0,9.5,5.4,6.5,10.0,3.4,8.8,1.7,6.8,6.3,1.3,4.2,1,3,1,Technical,AI Engineer
6.8,7.5,4.8,6.5,6.3,5.8,8.9,8.2,7.3,3.6,6.5,3.9,8.4,8.5,7.4,8.1,7.6,9.8,5.7,7.2,3.4,4.9,6.0,4.2,6.9,0,4,1,Technical,Machine Learning Engineer
8.01,7.2,6.7,4.7,7.3,6.3,4.3,3.9,9.5,5.9,9.9,3.9,10.0,8.3,6.4,5.4,9.2,2.4,3.7,4.0,5.9,9.6,8.1,0.8,6.0,1,4,0,Technical,DevOps Engineer
8.18,5.4,3.0,3.3,7.3,3.7,3.4,8.0,3.9,2.6,4.1,5.8,8.8,9.0,6.4,9.2,9.1,4.9,2.1,6.9,2.7,4.1,3.2,4.8,8.2,2,5,1,Managerial,Business Analyst
8.7,9.6,5.4,4.9,7.8,5.0,10.0,6.2,7.7,4.7,2.2,3.4,9.0,7.9,9.5,7.3,6.3,8.9,2.2,8.5,4.3,6.9,7.2,4.3,5.2,6,0,1,Technical,AI Engineer
8.46,7.4,4.4,6.0,5.5,7.2,4.9,4.7,6.1,10.0,5.0,2.4,7.6,7.8,7.5,4.6,8.9,5.2,4.8,3.8,7.1,6.3,5.4,2.2,5.0,0,4,1,Technical,Cybersecurity Analyst
7.67,3.9,2.8,0.0,3.8,9.2,1.6,3.3,3.3,2.0,4.4,10.0,7.0,7.4,6.4,9.0,7.3,4.6,7.7,4.1,0.7,1.2,5.2,10.0,5.4,1,3,0,Creative,UI/UX Developer
8.84,7.5,3.7,4.7,6.8,8.0,2.0,3.6,2.6,5.1,2.9,7.3,8.6,8.0,6.6,8.9,8.9,4.3,10.0,1.9,4.4,5.6,6.0,7.3,3.8,3,3,0,Creative,Web Developer
7.99,10.0,5.9,5.2,6.4,5.1,9.5,9.1,6.7,2.9,5.6,1.2,9.6,7.4,8.5,6.4,8.2,10.0,3.6,9.1,3.5,5.5,8.8,3.4,5.6,4,3,1,Technical,Machine Learning Engineer
6.26,8.8,5.6,7.4,4.9,5.5,8.1,9.8,6.8,4.5,7.2,3.8,8.9,9.8,8.7,7.2,6.8,9.5,4.9,6.7,3.5,6.4,8.6,3.4,4.0,2,0,1,Analytical,AI Engineer
8.02,8.0,5.4,3.9,8.9,5.1,3.9,5.0,7.3,4.6,8.9,1.8,8.0,6.3,6.1,7.2,5.2,4.6,6.1,4.5,5.3,9.1,6.1,5.1,5.4,1,7,0,Technical,Cloud Engineer
6.43,8.7,2.6,4.2,7.5,3.3,5.7,7.1,4.6,1.7,3.4,3.3,8.8,5.5,10.0,6.8,6.7,9.2,4.9,8.4,3.8,4.3,6.0,4.8,5.8,1,3,1,Analytical,Data Scientist
6.48,6.3,4.9,4.1,6.7,5.8,2.3,3.7,8.6,7.0,8.0,2.8,9.2,9.6,6.0,6.7,7.6,4.2,7.7,2.3,7.5,9.9,7.1,3.0,5.2,0,2,0,Technical,DevOps Engineer
7.64,9.0,4.5,5.0,7.5,4.3,9.9,8.3,4.0,4.5,4.2,4.0,9.2,10.0,8.8,8.9,7.1,9.2,2.3,8.7,4.2,2.8,5.8,4.4,8.8,1,1,0,Analytical,Data Scientist
6.69,7.4,6.9,4.1,7.4,8.1,3.3,3.5,8.0,6.2,8.5,2.0,8.7,8.9,6.0,6.1,7.9,3.6,4.4,4.8,5.3,9.1,7.7,1.4,7.5,1,2,1,Technical,DevOps Engineer
7.16,8.1,9.8,8.3,7.9,4.8,2.9,5.1,3.5,3.3,6.0,4.3,6.9,6.7,8.5,4.2,7.7,3.4,7.2,2.9,6.9,5.4,9.6,3.1,3.9,2,0,1,Technical,Software Developer
7.97,10.0,2.8,5.4,7.1,3.6,6.7,8.1,7.0,2.4,4.5,3.5,9.0,9.3,8.3,6.5,6.6,8.0,0.8,9.4,3.4,3.0,5.9,3.6,7.4,2,0,1,Analytical,Data Scientist
8.08,4.3,1.3,0.6,6.3,3.5,3.1,7.5,5.0,4.9,1.6,6.5,9.4,7.6,7.7,7.3,8.9,2.6,3.0,9.6,2.2,5.5,2.1,5.4,8.7,1,1,0,Managerial,Business Analyst
6.79,9.8,6.3,6.4,8.3,4.0,10.0,9.6,6.5,4.0,5.7,1.2,9.3,7.4,10.0,7.8,6.8,10.0,3.3,8.1,3.1,6.4,7.2,3.5,3.9,1,3,0,Technical,Machine Learning Engineer
8.96,3.6,2.7,1.0,2.9,7.0,3.9,3.9,1.7,0.7,3.0,9.6,8.5,7.5,5.2,10.0,8.0,3.2,8.4,3.6,1.4,2.4,4.8,10.0,5.9,0,2,0,Creative,UI/UX Developer
8.16,6.3,6.8,3.2,5.0,5.8,3.0,6.5,7.8,6.4,7.6,2.7,10.0,7.2,5.7,8.2,5.3,4.6,4.2,2.9,6.3,7.3,5.3,2.2,6.7,1,3,1,Technical,Cloud Engineer
7.96,10.0,2.8,8.9,4.0,4.5,7.0,8.6,5.6,4.3,5.6,3.5,8.8,10.0,8.3,6.7,7.1,10.0,5.0,8.5,1.6,5.4,8.4,1.3,4.2,1,1,1,Technical,Machine Learning Engineer
8.25,7.2,6.9,6.1,5.6,4.3,7.0,9.2,6.7,2.7,7.6,2.9,9.0,9.7,7.8,5.3,6.9,8.0,3.5,7.4,3.2,5.5,7.1,4.1,4.2,1,1,0,Technical,Machine Learning Engineer
8.28,8.0,3.8,5.2,5.3,3.5,4.6,5.4,6.0,7.7,5.6,3.4,9.8,6.1,5.5,8.1,8.8,5.1,3.7,4.0,9.5,6.0,5.9,2.4,5.7,0,2,1,Technical,Cybersecurity Analyst
7.08,9.2,4.7,8.6,6.2,4.0,7.0,9.4,4.7,6.2,6.4,2.7,9.0,7.8,9.2,6.1,6.7,10.0,2.1,8.3,3.4,6.7,6.9,2.6,7.0,1,2,0,Technical,Machine Learning Engineer
8.11,7.8,5.3,5.3,6.3,6.6,4.2,4.5,9.0,5.3,7.5,2.4,8.9,9.0,3.7,7.1,9.2,6.5,8.1,3.4,5.9,9.0,7.9,4.2,5.7,2,4,1,Technical,DevOps Engineer
7.41,8.9,6.2,7.2,7.0,4.3,7.8,6.7,4.8,3.7,7.5,3.8,10.0,10.0,8.7,6.4,8.6,8.7,2.7,8.1,3.0,6.6,6.6,3.4,4.4,3,2,0,Managerial,Machine Learning Engineer
9.0,9.0,5.1,8.3,5.5,4.6,10.0,7.4,6.9,3.9,5.7,4.0,9.3,6.8,9.6,5.9,7.7,9.5,4.2,8.2,3.4,6.3,8.3,2.9,3.8,6,3,1,Creative,AI Engineer
6.42,3.8,1.0,0.8,3.7,8.4,3.0,3.3,4.0,2.1,2.4,8.8,6.2,6.9,4.5,8.0,8.3,3.5,7.7,2.5,1.6,1.7,6.1,10.0,5.1,0,1,1,Analytical,UI/UX Developer
7.16,8.0,1.3,5.5,8.3,4.1,9.4,9.0,6.6,4.5,4.0,2.2,7.6,9.2,7.9,7.4,9.8,9.6,0.8,10.0,4.5,5.7,5.1,2.5,6.6,3,4,1,Analytical,Data Scientist
8.82,5.8,8.5,7.3,6.9,6.8,3.3,4.7,4.9,2.7,6.2,3.4,7.0,8.3,6.0,6.0,7.4,4.4,5.0,3.5,5.2,5.5,10.0,5.3,5.3,2,5,1,Technical,Software Developer
6.76,6.1,0.7,1.7,7.5,4.3,5.3,7.6,3.6,1.0,4.6,6.6,7.9,7.1,6.3,10.0,9.9,2.8,4.9,8.2,2.1,5.8,5.4,6.9,9.4,1,3,1,Managerial,Business Analyst
6.61,7.6,3.5,4.5,7.4,4.0,10.0,7.9,4.5,1.8,2.9,4.6,9.3,9.2,7.8,7.1,6.6,10.0,3.3,9.1,3.3,4.5,5.4,3.5,8.6,3,3,1,Analytical,Data Scientist
7.89,7.4,5.4,6.8,4.0,5.6,3.7,4.3,6.7,7.2,8.1,3.9,9.4,7.0,6.3,6.1,7.4,3.8,4.7,2.6,6.7,7.4,8.1,2.5,4.3,1,1,0,Technical,DevOps Engineer
7.26,9.3,4.1,4.2,8.9,3.4,7.3,9.8,4.9,2.4,4.3,2.6,8.8,9.5,10.0,8.3,8.2,7.8,3.9,8.8,4.3,5.1,6.2,4.2,6.2,0,3,0,Analytical,Data Scientist
7.85,5.3,3.2,0.5,8.3,4.3,5.0,8.1,3.3,2.1,2.8,5.6,6.6,7.6,7.7,9.3,8.9,4.2,3.6,6.3,2.0,4.7,4.8,7.3,9.2,2,5,1,Managerial,Business Analyst
7.09,8.2,5.2,4.7,5.9,6.2,2.4,2.8,9.8,5.9,9.9,3.5,9.3,9.4,6.0,7.0,7.9,3.6,5.3,5.0,7.8,9.6,6.9,3.7,6.8,0,2,0,Technical,Cloud Engineer
6.66,9.6,7.3,7.2,5.5,9.0,3.3,3.1,6.0,4.8,4.8,4.9,7.1,8.0,4.8,5.0,9.0,5.8,6.1,5.8,3.8,4.7,9.1,3.9,3.8,4,5,1,Technical,Software Developer
7.31,6.9,8.4,8.2,7.2,6.5,2.8,4.4,5.0,4.1,4.0,4.0,8.4,8.9,5.6,6.6,5.4,4.2,5.2,5.9,4.1,5.9,10.0,3.1,4.5,1,1,0,Technical,Software Developer
6.83,9.5,5.6,5.0,7.7,5.6,4.5,4.1,10.0,7.8,7.0,2.8,8.6,8.4,6.5,7.9,9.2,2.6,5.1,3.3,7.9,9.7,6.2,2.7,4.1,4,1,1,Technical,Cloud Engineer
8.74,8.7,4.2,3.1,8.4,1.9,6.0,9.4,4.9,2.7,3.3,7.2,7.3,7.2,9.3,8.1,7.4,4.7,3.7,9.2,1.6,4.7,4.1,3.9,8.0,3,3,1,Analytical,Data Analyst
8.0,4.5,3.1,2.9,5.1,9.0,2.4,4.6,3.5,1.0,1.5,8.4,6.8,6.7,5.2,8.2,7.5,0.6,7.2,5.4,3.1,2.2,4.9,8.9,7.7,0,6,0,Creative,UI/UX Developer
7.79,7.5,4.2,7.3,8.8,5.3,4.1,3.3,5.1,10.0,7.5,2.3,6.9,8.7,7.8,5.9,5.4,4.8,4.5,5.4,9.7,7.7,6.5,1.4,5.1,2,1,0,Technical,Cybersecurity Analyst
8.07,3.3,1.0,1.4,9.1,1.6,3.1,9.7,4.6,3.9,2.6,6.7,7.5,7.3,6.8,7.4,10.0,4.8,2.4,7.9,2.0,4.6,4.6,5.4,9.5,2,6,1,Managerial,Business Analyst
8.05,6.8,1.9,2.8,9.6,3.3,3.3,9.9,5.3,3.7,2.5,5.5,7.4,6.5,9.2,8.6,8.9,3.7,3.3,10.0,1.1,5.6,3.7,5.5,7.4,2,4,0,Managerial,Data Analyst
6.03,8.2,7.2,9.3,8.1,5.3,10.0,6.8,5.8,5.4,6.5,4.9,9.5,8.2,7.8,7.7,8.0,10.0,3.0,8.3,4.4,6.3,9.0,3.4,6.7,2,3,1,Creative,AI Engineer
7.77,3.9,3.0,3.2,6.2,2.8,5.7,8.2,6.7,4.5,1.9,5.0,7.5,5.7,7.8,7.4,9.3,5.0,5.0,9.4,2.1,4.8,2.8,5.5,8.4,0,5,1,Managerial,Business Analyst
6.89,8.1,4.9,5.1,6.9,9.6,3.5,4.2,4.7,2.2,7.6,6.8,10.0,7.5,7.7,8.3,8.8,3.5,9.2,3.2,4.3,4.9,7.6,7.1,4.2,1,1,1,Creative,Web Developer
8.07,6.1,4.1,1.4,10.0,2.7,4.2,9.6,5.6,4.6,3.0,4.5,7.1,5.9,6.4,8.3,8.7,4.0,3.9,8.6,1.2,2.8,5.5,6.8,7.2,1,0,0,Analytical,Data Analyst
7.48,7.7,5.9,5.0,5.2,5.8,4.4,5.2,7.5,10.0,7.5,6.0,9.4,8.5,6.2,7.4,8.5,4.6,4.0,5.3,10.0,6.3,7.7,1.4,4.3,2,4,1,Technical,Cybersecurity Analyst
8.2,8.2,6.8,6.7,5.7,4.1,8.7,7.1,6.7,3.6,4.3,4.1,8.5,8.8,7.7,5.3,6.9,10.0,5.7,7.0,3.2,7.2,4.6,2.9,5.2,0,1,0,Analytical,AI Engineer
7.83,5.4,3.8,4.1,6.4,9.0,3.2,2.7,6.0,5.1,2.7,7.9,8.6,7.6,6.6,6.0,6.3,3.5,8.4,3.9,4.4,6.9,8.9,7.3,5.0,2,5,0,Creative,Web Developer
6.0,8.4,3.1,5.7,8.7,3.8,8.0,8.9,4.5,2.9,3.4,6.5,10.0,9.7,7.4,8.5,7.2,9.8,3.4,9.0,3.3,3.0,4.2,4.4,8.3,1,5,1,Analytical,Data Scientist
7.7,6.3,1.4,3.3,8.3,2.9,2.9,6.2,4.4,4.2,2.1,6.2,7.2,6.5,9.8,8.6,10.0,5.5,2.7,8.6,3.1,3.5,3.2,5.1,8.9,0,1,0,Managerial,Business Analyst
8.32,8.3,6.7,4.1,7.8,5.0,3.7,3.2,9.0,7.9,9.2,3.6,10.0,9.0,6.0,7.3,7.7,3.8,6.1,5.2,7.6,10.0,5.1,3.5,5.8,1,1,1,Creative,Cloud Engineer
7.66,10.0,5.4,6.3,7.9,6.0,10.0,7.0,6.9,2.6,7.7,3.6,7.5,10.0,8.3,6.6,5.8,8.2,4.4,7.2,2.3,8.1,8.1,5.5,4.6,2,4,0,Analytical,AI Engineer
6.18,8.7,10.0,8.7,4.1,7.9,3.0,3.7,5.5,2.8,5.0,5.8,8.7,8.6,7.1,5.2,6.8,2.2,7.1,1.6,4.9,6.1,10.0,4.1,5.0,0,3,1,Technical,Software Developer
7.56,5.9,7.4,7.3,5.2,5.0,0.0,4.6,9.9,5.9,10.0,1.7,7.6,5.9,6.5,7.1,7.8,4.9,8.1,3.6,8.6,8.2,6.7,2.8,7.2,0,0,1,Managerial,DevOps Engineer
6.85,3.5,5.3,2.9,4.7,7.0,2.4,3.1,3.6,2.1,4.7,8.2,6.7,8.3,5.3,6.4,7.8,3.3,6.6,3.1,0.3,1.6,5.5,10.0,7.3,6,2,1,Creative,UI/UX Developer
8.26,7.7,5.4,7.1,7.1,5.8,5.8,5.2,5.4,8.3,5.7,2.7,10.0,8.3,8.8,8.9,7.5,5.2,4.5,6.8,8.8,7.8,4.9,3.2,6.2,3,1,1,Technical,Cybersecurity Analyst
7.84,4.0,3.2,3.1,2.7,9.6,3.1,4.6,3.9,3.7,2.2,9.2,6.2,6.5,5.8,9.4,9.1,3.0,9.6,2.8,0.2,1.7,6.7,9.5,6.0,0,3,1,Creative,UI/UX Developer
6.83,8.3,4.5,8.1,5.9,6.1,7.9,5.7,5.8,3.9,6.7,3.2,8.7,8.4,7.1,6.6,8.2,9.5,3.2,8.7,5.1,6.3,6.1,3.2,5.6,2,2,0,Technical,Machine Learning Engineer
8.26,7.0,5.6,6.6,5.7,6.3,10.0,6.3,6.7,3.9,6.8,3.0,8.1,9.3,9.1,8.0,6.2,9.3,4.9,7.9,2.2,8.8,7.4,3.4,7.8,3,3,0,Technical,AI Engineer
6.48,7.6,4.0,6.2,6.1,5.1,8.0,9.6,6.0,4.0,7.0,2.0,8.6,8.4,8.9,6.4,6.2,9.6,4.4,10.0,3.6,6.5,8.0,2.0,3.1,5,2,1,Technical,Machine Learning Engineer
8.0,9.5,6.3,5.8,5.0,4.6,2.0,3.8,8.7,7.0,10.0,4.4,6.2,7.4,8.3,7.4,7.9,1.5,5.1,5.0,6.0,9.1,6.6,5.4,5.0,3,3,1,Technical,DevOps Engineer
7.26,8.8,6.5,5.1,6.5,5.0,3.8,4.6,9.9,8.1,7.7,2.4,7.1,8.3,7.5,6.6,8.0,3.9,6.5,4.3,7.0,9.1,4.2,3.2,5.9,1,2,1,Analytical,Cloud Engineer
8.62,7.5,7.5,6.7,8.2,6.7,4.8,4.1,9.4,7.2,8.4,3.6,7.8,5.0,7.2,7.1,7.6,6.9,6.4,4.1,7.3,9.6,7.7,2.3,4.6,0,3,1,Technical,Cloud Engineer
7.93,7.2,4.3,3.9,6.5,9.6,3.8,3.4,5.4,3.4,5.6,4.4,5.7,8.6,4.2,7.0,9.5,5.0,10.0,3.6,3.9,5.0,7.0,7.8,3.6,0,0,0,Creative,Web Developer
8.62,10.0,2.9,4.0,6.9,1.9,8.2,7.5,4.7,5.2,4.5,5.0,9.4,8.4,8.5,7.8,7.2,7.9,3.1,8.2,2.8,4.6,3.6,1.4,6.0,2,2,1,Analytical,Data Scientist
6.0,8.8,6.3,4.7,5.7,8.7,2.7,3.6,8.2,5.7,8.8,3.4,8.0,6.5,5.0,7.7,6.7,4.5,7.9,4.6,6.6,8.6,7.1,2.9,3.7,3,7,1,Technical,DevOps Engineer
7.71,6.3,4.6,3.6,9.5,5.7,6.8,10.0,3.8,2.4,5.1,3.2,7.6,6.6,7.5,6.6,7.9,10.0,2.2,8.6,1.9,3.3,3.3,2.6,6.9,1,1,0,Analytical,Data Scientist
8.01,7.3,2.8,2.9,8.2,3.3,5.8,9.9,4.9,0.7,3.6,4.0,6.6,7.4,6.5,8.9,8.4,2.9,2.1,7.9,1.5,4.5,3.7,4.4,9.4,2,4,1,Analytical,Data Analyst
8.81,10.0,4.9,6.9,8.9,5.7,9.0,8.2,5.9,5.2,4.0,4.7,8.2,7.2,6.8,6.5,7.8,8.0,2.6,7.5,4.9,8.0,7.7,4.6,5.8,2,5,0,Creative,AI Engineer
8.49,5.9,6.0,2.3,7.4,10.0,2.4,5.0,5.0,3.4,5.5,8.8,6.7,7.7,4.7,7.1,7.4,4.3,7.5,3.3,4.8,5.5,8.9,8.8,5.8,1,5,0,Creative,Web Developer
8.75,9.3,4.9,3.5,7.6,3.3,6.4,5.9,6.9,2.1,6.0,5.5,10.0,7.8,7.2,6.3,6.5,5.9,2.5,8.8,1.6,3.9,4.8,4.4,6.0,2,1,1,Analytical,Data Scientist
8.16,7.1,4.4,1.1,8.4,3.2,4.0,8.1,5.0,2.3,3.7,4.1,8.9,6.8,7.8,10.0,8.4,5.4,4.5,8.9,2.5,3.1,3.6,6.7,8.3,1,3,1,Analytical,Data Analyst
8.79,5.7,9.1,7.2,5.3,4.9,2.0,2.7,6.9,4.5,6.2,4.6,8.1,8.6,6.6,6.2,5.5,5.2,4.0,2.8,6.2,5.1,9.2,4.7,2.3,1,1,0,Technical,Software Developer
7.14,7.5,3.0,1.8,9.0,2.5,3.6,9.7,3.8,2.0,4.2,4.9,8.0,6.8,8.0,8.4,8.5,4.4,2.5,10.0,2.3,3.0,5.4,3.1,8.9,4,1,0,Creative,Data Analyst
6.78,7.4,3.4,2.6,5.9,8.5,1.4,5.3,4.6,3.8,3.3,5.3,9.4,7.7,8.5,7.3,6.6,4.0,9.6,3.7,3.9,3.3,6.3,9.3,7.2,1,2,1,Creative,Web Developer
7.78,7.6,4.7,2.4,5.4,4.1,2.6,3.7,8.9,6.3,10.0,1.6,8.9,8.3,7.8,6.6,9.0,4.2,6.2,2.6,5.4,8.3,6.8,3.6,6.4,1,1,1,Technical,DevOps Engineer
8.6,5.8,3.2,4.5,9.2,4.0,2.2,7.2,5.0,4.2,2.6,7.9,8.7,9.3,6.7,10.0,8.2,3.9,4.3,6.9,1.6,2.7,2.8,4.8,7.9,2,1,1,Managerial,Business Analyst
8.35,3.8,6.4,7.0,7.6,5.7,4.2,3.4,2.8,3.5,5.4,4.3,6.6,8.1,10.0,5.1,7.7,1.7,7.0,3.0,4.4,3.6,9.3,3.0,3.2,1,4,0,Technical,Software Developer
7.67,5.1,0.4,0.0,4.0,9.0,1.9,4.1,3.3,0.0,3.4,6.7,5.7,7.3,5.0,7.2,8.4,1.8,7.9,4.9,3.0,3.9,3.6,9.8,5.9,3,2,0,Technical,UI/UX Developer
9.2,3.7,2.2,1.7,3.9,7.2,3.8,4.2,4.3,2.9,4.0,10.0,8.0,7.1,5.2,7.8,8.4,4.3,8.2,2.5,3.3,3.1,5.6,10.0,4.9,1,3,1,Creative,UI/UX Developer
7.89,7.6,3.4,5.6,7.2,4.0,4.9,5.3,5.2,9.6,6.8,2.9,9.1,6.6,9.5,10.0,8.6,4.6,4.6,4.6,10.0,7.7,5.3,2.5,6.4,0,2,1,Technical,Cybersecurity Analyst
7.51,8.9,3.4,4.9,8.2,4.2,7.7,7.3,6.5,3.6,4.2,4.2,9.0,7.1,10.0,7.3,6.9,8.0,0.3,9.6,1.9,5.1,4.1,3.6,6.6,1,1,0,Analytical,Data Scientist
6.0,8.7,4.2,2.7,5.6,4.8,3.5,4.4,8.8,7.8,8.9,3.4,6.7,9.6,5.9,6.7,7.6,3.9,6.1,1.6,7.9,7.8,6.6,2.8,5.6,3,1,0,Technical,DevOps Engineer
7.76,6.6,4.0,3.4,7.0,7.9,1.6,4.8,6.7,4.8,4.4,9.1,8.2,8.4,8.0,6.6,8.9,3.1,8.8,6.4,4.6,7.0,8.6,8.4,4.3,3,3,0,Technical,Web Developer
7.49,6.8,9.5,5.3,8.2,5.7,3.0,3.2,4.9,5.4,5.8,4.5,8.1,6.9,6.1,6.1,7.5,4.1,7.1,4.5,4.1,7.5,9.4,3.5,6.0,3,4,0,Technical,Software Developer
7.0,6.7,6.2,5.8,7.6,5.5,5.3,2.6,8.4,6.3,8.4,3.6,6.6,7.9,7.1,5.9,7.4,5.3,8.1,4.4,6.9,9.9,5.4,4.0,5.4,1,1,1,Managerial,Cloud Engineer
6.98,7.5,9.3,7.3,8.2,6.7,4.9,2.8,4.8,3.9,5.7,3.2,6.2,8.9,6.6,6.0,6.2,4.1,4.8,3.8,3.1,4.3,9.4,4.7,3.7,1,0,1,Technical,Software Developer
8.49,8.6,6.2,4.7,7.0,4.1,8.0,8.0,7.0,4.7,6.2,2.5,8.3,9.1,7.5,7.3,5.2,9.4,2.5,8.4,4.4,6.7,6.8,3.8,2.0,2,2,1,Technical,Machine Learning Engineer
7.17,8.2,5.0,7.3,6.2,2.7,9.5,8.4,7.3,2.4,5.6,3.9,10.0,8.5,7.5,5.7,5.9,10.0,4.8,8.6,2.8,5.5,6.8,2.0,5.2,3,3,1,Technical,Machine Learning Engineer
7.58,8.5,3.3,5.8,8.1,5.4,10.0,7.1,7.2,4.6,7.7,3.9,8.3,9.7,5.9,6.0,7.1,10.0,4.8,7.6,3.9,6.6,8.3,4.1,4.9,0,2,1,Managerial,AI Engineer
7.56,5.8,2.4,1.7,8.0,2.7,3.8,6.6,4.2,1.9,4.5,8.2,8.1,7.8,7.2,9.2,7.6,2.8,2.0,6.3,1.6,3.8,4.4,6.5,9.7,1,4,0,Managerial,Business Analyst
8.61,6.1,1.8,5.3,8.3,3.3,4.3,9.8,4.2,3.3,1.9,6.3,9.0,8.3,6.5,8.9,9.1,5.2,2.9,9.2,2.7,3.4,1.8,4.2,10.0,1,5,1,Managerial,Business Analyst
9.38,7.7,6.3,2.6,6.7,5.9,3.5,2.7,8.2,7.9,8.4,2.6,9.5,9.3,7.7,6.2,7.8,3.0,5.4,3.0,6.5,10.0,8.4,3.6,4.0,2,4,0,Technical,DevOps Engineer
8.1,6.4,1.9,0.0,4.8,8.9,2.6,3.1,1.1,1.0,0.9,10.0,7.1,6.7,3.8,8.2,6.6,2.9,10.0,3.7,4.6,1.0,5.3,8.3,5.9,1,1,1,Creative,UI/UX Developer
6.63,10.0,4.4,7.3,7.5,5.3,9.5,8.6,7.4,5.6,4.1,3.4,8.9,8.8,9.5,7.2,7.9,8.2,6.5,7.6,4.3,6.8,7.6,2.9,5.2,2,6,1,Technical,AI Engineer
8.18,7.1,7.1,3.3,6.8,5.7,5.0,4.8,8.6,4.2,7.8,3.0,7.9,9.4,7.3,6.4,6.9,4.7,4.8,4.8,6.5,8.7,6.2,2.1,8.3,2,4,1,Analytical,Cloud Engineer
7.62,9.0,7.5,3.9,6.5,7.5,1.5,4.0,7.9,6.7,10.0,3.4,9.1,6.1,7.3,7.0,10.0,4.7,6.1,6.1,6.4,8.8,5.5,2.3,4.2,0,2,1,Technical,DevOps Engineer
7.34,6.0,2.8,3.1,2.6,9.4,1.7,3.4,1.9,2.2,4.1,7.9,5.7,6.9,6.9,8.2,7.7,4.5,8.8,2.6,2.9,3.8,4.5,10.0,6.7,3,2,0,Creative,UI/UX Developer
7.72,4.9,4.2,3.4,7.0,8.1,1.3,4.1,4.6,5.4,4.9,8.0,8.2,8.5,5.1,8.4,8.8,3.3,9.0,3.7,4.6,4.6,8.3,7.3,4.9,2,3,1,Creative,Web Developer
7.1,10.0,3.6,2.6,7.2,5.0,10.0,8.9,6.4,5.0,2.9,4.4,10.0,9.4,8.7,7.9,9.0,8.7,2.0,9.7,2.0,4.2,4.5,4.0,6.1,2,4,1,Analytical,Data Scientist
7.07,5.9,7.2,9.3,6.2,4.9,3.7,3.2,6.0,9.1,3.4,0.7,9.3,9.4,7.5,6.6,6.2,3.7,4.7,3.6,10.0,7.5,7.4,4.2,1.8,0,0,1,Technical,Cybersecurity Analyst
7.83,7.3,4.1,1.2,7.7,4.7,7.7,8.7,4.9,2.1,5.1,2.9,8.8,8.8,8.1,7.7,6.0,9.1,1.6,8.6,2.7,6.2,5.2,5.1,7.6,2,3,1,Analytical,Data Scientist
7.84,8.8,3.4,0.3,9.6,2.5,4.0,9.0,3.4,4.0,3.9,3.7,7.2,6.1,8.6,7.9,6.4,6.7,3.6,9.7,2.2,2.5,4.6,4.5,9.0,2,2,1,Analytical,Data Analyst
6.63,6.5,6.5,7.1,6.2,8.6,4.4,4.0,10.0,5.4,7.5,2.1,8.7,9.3,6.6,6.7,7.2,2.5,5.6,5.1,8.9,8.2,6.9,1.5,5.9,0,6,0,Analytical,Cloud Engineer
6.59,5.3,3.4,2.9,6.5,8.8,0.4,3.4,3.8,6.5,4.6,7.2,8.3,9.5,4.7,8.1,9.1,4.2,9.7,2.9,3.6,4.9,7.5,9.0,4.0,3,1,1,Creative,Web Developer
9.49,7.1,0.8,1.7,9.7,3.7,5.0,8.0,2.3,3.1,2.5,4.9,7.8,8.2,9.5,9.6,4.9,4.7,1.5,10.0,2.0,4.7,3.6,3.9,7.0,1,2,0,Managerial,Data Analyst
7.05,6.4,5.4,6.1,6.0,6.9,2.8,4.8,9.4,7.3,10.0,3.5,8.0,6.9,5.7,7.4,9.2,4.5,6.2,3.5,6.5,9.2,7.0,2.5,4.1,1,0,1,Analytical,DevOps Engineer
7.05,4.6,3.5,1.1,10.0,3.4,4.6,8.1,3.1,2.7,2.1,4.0,9.5,7.8,6.3,8.6,7.2,3.1,2.5,8.3,2.3,3.3,4.1,5.7,10.0,2,4,1,Analytical,Data Analyst
8.55,8.2,3.8,6.4,7.1,3.4,8.7,5.6,7.6,4.6,5.8,3.7,9.9,9.2,9.9,5.7,7.4,9.7,5.3,8.0,3.9,6.4,9.1,0.9,5.6,0,3,0,Technical,AI Engineer
7.13,7.4,4.6,5.0,6.1,5.9,9.3,7.2,6.5,2.9,6.4,3.8,8.6,9.2,8.8,6.1,6.2,8.9,4.8,9.4,2.2,6.2,6.7,3.9,4.5,2,5,0,Technical,Machine Learning Engineer
7.28,7.5,5.6,2.7,6.6,6.3,2.5,3.4,10.0,7.3,10.0,2.1,9.0,9.2,7.3,9.3,7.3,3.1,6.2,4.0,5.1,7.2,6.5,4.0,6.7,2,2,0,Technical,DevOps Engineer
7.74,5.7,2.1,1.6,5.7,4.1,3.7,8.2,4.9,3.8,3.4,4.5,8.6,8.1,6.3,9.8,10.0,4.1,6.4,7.4,3.2,2.9,4.2,5.8,9.6,4,1,0,Managerial,Business Analyst
6.53,4.7,2.1,2.3,7.7,3.4,3.1,8.2,4.3,3.9,2.8,7.6,8.3,7.0,7.6,10.0,9.5,5.6,3.9,7.6,3.8,1.7,3.4,6.3,9.0,1,2,0,Managerial,Business Analyst
7.67,8.3,5.1,3.6,5.2,5.8,3.0,4.2,7.8,8.5,9.8,2.6,8.1,8.3,7.2,8.5,9.8,4.8,5.6,5.5,6.3,8.5,7.1,2.3,4.9,2,1,0,Technical,DevOps Engineer
7.03,5.2,2.3,2.0,3.8,8.2,0.6,3.7,2.7,0.4,1.0,9.3,6.2,5.6,5.9,7.9,9.1,2.6,8.1,2.8,1.6,3.2,5.2,10.0,5.2,2,4,0,Technical,UI/UX Developer
7.71,7.3,6.7,1.1,5.6,10.0,1.7,3.4,6.7,5.7,3.6,9.6,8.2,9.1,5.3,6.6,6.1,2.6,10.0,4.0,4.9,5.3,8.0,7.2,4.7,2,3,1,Creative,Web Developer
6.21,8.5,7.7,5.0,7.3,5.8,3.1,3.4,9.0,4.8,10.0,3.2,9.0,8.8,7.9,7.5,6.7,3.0,6.4,3.0,5.4,7.7,7.1,4.3,6.3,3,2,1,Technical,DevOps Engineer
6.61,6.9,5.4,3.1,7.2,9.3,3.7,3.8,5.1,4.4,5.5,6.3,9.0,7.3,6.1,6.5,7.8,4.6,9.8,2.9,3.2,5.3,9.2,9.6,7.2,1,2,0,Creative,Web Developer
8.45,6.7,6.8,6.0,5.7,5.7,1.6,5.6,7.0,9.7,6.1,4.0,9.2,9.4,8.7,7.2,8.4,3.9,6.1,5.4,9.2,7.5,4.9,1.4,4.6,1,6,1,Technical,Cybersecurity Analyst
8.43,8.0,1.7,4.7,8.8,3.4,5.0,9.5,3.3,4.3,2.7,6.1,7.5,6.8,9.6,7.9,7.5,5.3,5.9,10.0,3.4,7.1,3.0,5.7,8.1,1,4,0,Analytical,Data Analyst
7.45,5.1,0.4,4.8,8.6,3.9,1.5,8.1,2.4,3.9,4.3,6.0,6.2,6.3,5.2,8.1,7.7,3.8,5.1,7.3,2.3,4.6,4.7,7.2,10.0,1,2,0,Analytical,Business Analyst
6.51,9.3,4.9,7.8,5.4,5.5,10.0,7.2,5.7,3.4,6.3,4.0,10.0,9.9,8.7,7.6,7.4,9.6,5.8,7.3,4.7,7.6,9.5,1.2,6.3,1,3,1,Technical,AI Engineer
9.2,7.0,4.0,2.5,6.4,8.4,2.3,3.1,5.2,3.8,3.5,8.4,7.8,8.8,6.0,8.0,6.7,3.5,10.0,3.0,5.5,6.6,8.3,8.1,7.2,2,4,0,Creative,Web Developer
8.25,7.0,4.1,1.1,10.0,3.7,2.7,8.3,1.6,2.9,3.6,4.5,9.3,7.4,10.0,6.7,8.2,4.6,2.3,9.3,2.4,4.1,4.7,5.7,9.6,1,2,0,Analytical,Data Analyst
8.45,9.2,6.7,3.7,4.5,6.3,2.6,5.0,7.9,5.9,8.9,0.7,10.0,6.5,5.9,6.7,7.2,3.6,7.8,4.3,7.6,8.4,4.8,3.8,6.8,1,2,0,Technical,Cloud Engineer
8.69,6.9,4.2,4.1,5.1,6.2,3.0,4.2,8.7,7.5,7.0,1.9,8.4,9.2,6.9,9.4,6.5,2.1,6.5,4.8,7.0,10.0,4.8,2.7,6.1,2,4,1,Technical,Cloud Engineer
9.15,7.2,7.0,2.7,6.5,6.3,3.9,5.0,9.9,7.0,6.3,3.7,7.3,7.8,7.0,6.9,6.4,5.5,5.0,4.6,7.5,8.5,8.3,2.1,4.9,1,0,0,Technical,Cloud Engineer
8.44,6.5,6.4,5.1,5.3,6.7,4.0,4.1,8.7,6.9,8.9,4.8,8.2,9.5,7.7,8.1,7.7,4.8,6.9,4.7,8.4,10.0,5.0,2.4,6.4,5,3,1,Technical,Cloud Engineer
8.17,5.1,2.6,4.0,4.3,7.4,0.3,5.1,2.3,0.9,4.5,9.0,7.5,7.4,2.9,9.2,7.4,2.1,6.1,2.2,1.6,3.1,5.7,10.0,4.6,3,2,1,Creative,UI/UX Developer
7.89,8.0,5.6,8.1,8.2,3.9,8.6,9.5,6.1,3.6,6.0,3.4,7.5,8.7,8.6,7.6,6.8,6.8,3.4,10.0,3.7,5.7,6.4,3.4,4.2,0,1,1,Technical,Machine Learning Engineer
6.0,2.6,2.5,2.4,4.5,8.2,1.7,5.4,2.5,1.7,1.8,8.8,4.9,6.9,4.4,8.4,8.1,3.9,7.7,3.9,1.0,4.5,7.5,10.0,6.1,1,3,1,Creative,UI/UX Developer
6.07,9.7,5.3,4.1,7.0,3.7,8.3,8.8,7.3,4.0,7.6,1.9,8.5,9.1,7.8,7.3,6.4,10.0,3.0,10.0,5.7,6.4,8.8,2.6,6.1,1,5,0,Technical,Machine Learning Engineer
9.06,3.4,5.5,1.5,6.6,9.9,4.2,3.5,3.9,4.4,3.8,7.4,6.0,7.1,8.5,8.7,7.3,3.5,10.0,3.0,5.3,3.3,7.9,7.1,5.3,5,1,1,Creative,Web Developer
7.83,6.8,3.5,6.2,5.3,4.3,3.0,7.3,6.1,10.0,5.7,2.3,8.0,7.7,6.3,7.4,6.9,6.0,4.8,4.7,9.5,7.2,6.1,4.0,7.8,3,0,0,Technical,Cybersecurity Analyst
6.23,8.7,6.9,8.7,7.8,6.0,8.7,7.9,6.2,4.2,9.7,3.4,7.7,7.8,7.5,5.6,6.0,9.7,2.4,9.0,4.6,5.8,7.9,3.7,6.0,1,2,0,Managerial,Machine Learning Engineer
8.82,9.0,5.9,7.9,8.3,3.7,8.9,7.0,6.7,2.6,7.7,2.0,8.5,9.6,9.1,5.2,6.3,9.2,3.8,8.7,4.3,6.3,7.6,2.1,6.7,5,4,0,Technical,Machine Learning Engineer
8.47,3.7,2.8,2.0,5.5,7.4,4.0,3.4,3.8,1.7,2.5,8.2,6.9,6.9,6.8,10.0,8.2,2.0,8.4,3.4,3.3,2.7,5.1,6.6,6.4,1,4,1,Creative,UI/UX Developer
7.52,7.5,7.0,3.7,4.1,5.5,4.2,3.0,7.9,7.8,10.0,3.8,8.9,9.6,6.0,7.8,7.1,5.8,7.6,4.7,6.1,9.3,7.0,2.4,5.6,1,1,0,Technical,DevOps Engineer
7.69,7.1,4.3,8.6,7.3,4.8,8.9,5.9,6.4,4.6,5.2,3.8,7.1,9.0,9.1,6.2,9.7,9.0,3.4,8.7,2.7,4.9,6.3,3.8,4.7,2,4,0,Technical,Machine Learning Engineer
6.85,5.9,3.0,4.8,7.9,10.0,2.3,3.1,6.1,5.2,6.4,8.7,9.5,8.9,6.6,9.3,6.8,4.9,8.6,3.9,4.5,3.8,8.0,8.2,5.3,5,1,0,Creative,Web Developer
8.81,9.2,8.6,7.4,6.5,2.6,2.5,2.4,5.1,3.7,4.0,4.1,8.1,10.0,7.8,6.7,6.0,2.8,6.7,3.8,4.3,6.1,7.3,5.5,5.1,0,5,1,Technical,Software Developer
7.59,6.6,3.1,1.0,9.1,5.7,1.2,9.9,4.5,4.3,3.7,6.6,7.4,6.4,6.8,9.4,9.2,5.7,4.6,8.6,3.3,5.3,5.6,6.8,10.0,1,2,1,Managerial,Business Analyst
8.17,5.3,0.3,3.5,6.4,8.7,2.6,2.4,5.3,2.3,0.2,10.0,5.5,6.4,5.3,8.5,8.9,4.0,10.0,2.0,2.6,3.2,5.3,8.1,6.9,1,2,0,Creative,UI/UX Developer
7.95,8.3,5.6,6.5,6.0,7.3,2.7,3.9,9.8,6.3,9.6,2.5,6.0,7.8,8.1,7.4,9.0,5.0,7.4,5.8,6.1,10.0,7.7,3.5,2.7,0,3,1,Technical,DevOps Engineer
6.33,6.0,2.9,1.8,7.9,2.9,3.1,9.4,1.4,2.0,2.3,6.1,9.9,7.1,9.0,7.7,6.4,6.9,3.6,9.5,2.8,4.3,3.9,3.5,7.7,1,2,1,Analytical,Data Analyst
7.83,7.5,5.8,8.7,7.2,5.1,7.9,5.9,7.9,4.0,6.2,3.7,9.3,9.7,8.9,4.9,7.8,10.0,2.6,6.7,5.0,8.2,4.6,4.0,4.8,0,3,1,Managerial,AI Engineer
7.17,10.0,3.8,3.1,8.9,2.9,8.9,9.9,6.3,3.5,4.7,4.0,9.4,7.3,10.0,7.3,7.2,8.2,3.7,10.0,1.9,4.9,5.2,4.5,6.7,2,6,1,Analytical,Data Scientist
7.3,9.2,5.5,10.0,6.8,3.6,7.7,7.7,6.0,4.1,6.2,1.9,7.8,8.5,9.3,6.7,7.5,9.5,4.4,8.1,2.6,5.6,6.5,4.4,6.1,3,1,0,Technical,Machine Learning Engineer
7.68,8.8,2.7,3.2,9.4,3.9,9.2,8.2,5.8,2.5,2.0,5.1,8.7,7.7,9.0,7.0,8.6,9.2,1.7,7.6,3.3,5.1,5.6,3.8,6.3,0,3,1,Analytical,Data Scientist
8.03,6.5,2.4,1.6,6.8,3.0,5.4,8.3,3.1,3.7,1.4,2.7,6.7,5.8,7.9,7.6,7.3,6.3,2.2,10.0,3.7,3.5,4.8,4.7,9.0,1,2,0,Analytical,Data Analyst
8.14,6.4,2.5,3.6,7.3,3.8,5.1,8.8,4.8,2.5,1.6,4.3,8.4,6.8,8.2,9.3,7.5,4.3,2.2,9.1,1.5,5.0,3.4,4.8,8.9,0,4,1,Analytical,Data Analyst
9.09,7.1,6.7,6.9,8.2,3.0,8.4,8.6,8.1,3.7,5.6,4.0,7.8,10.0,9.7,5.7,6.9,8.9,4.4,9.0,1.6,7.1,7.4,1.7,5.7,2,5,0,Technical,Machine Learning Engineer
7.64,10.0,6.0,6.2,6.9,4.7,7.7,8.9,7.7,4.4,6.4,3.5,10.0,7.4,5.9,7.1,6.3,9.7,4.2,9.8,3.7,7.1,8.0,3.9,4.4,2,1,1,Technical,Machine Learning Engineer
6.71,6.9,6.4,5.1,7.8,6.1,4.4,4.9,7.3,5.9,8.9,3.6,9.4,9.2,5.6,7.0,7.5,4.4,4.7,4.0,4.6,7.3,8.8,4.9,4.3,6,1,1,Technical,DevOps Engineer
7.85,7.9,2.4,2.0,8.3,3.9,5.8,8.9,5.7,3.7,3.9,4.4,7.3,6.6,8.5,6.7,8.2,3.8,3.9,9.5,3.5,5.3,5.6,6.6,8.2,2,1,0,Managerial,Data Analyst
8.25,7.0,1.9,0.8,5.6,4.9,5.1,8.9,3.3,0.0,2.2,5.8,9.0,8.2,7.7,9.4,7.1,6.2,2.6,8.5,0.9,2.8,4.7,4.2,6.9,5,1,0,Analytical,Data Analyst
8.5,2.2,3.2,1.1,3.1,8.9,1.2,1.7,3.5,0.9,1.8,10.0,5.3,6.1,4.2,9.4,8.6,3.3,8.3,2.5,1.4,3.0,3.8,8.6,5.1,1,2,0,Creative,UI/UX Developer
8.11,5.4,5.2,4.0,8.5,7.9,3.2,5.0,4.6,5.5,4.2,7.6,5.6,5.9,4.3,9.1,7.1,3.1,9.9,2.7,5.3,7.1,5.6,8.6,2.7,0,4,1,Creative,Web Developer
9.1,8.1,5.1,6.3,7.7,3.9,6.9,7.0,8.0,3.3,6.2,3.7,10.0,8.9,6.1,5.6,4.6,8.0,4.1,8.6,4.9,6.5,6.5,4.3,6.9,0,4,0,Technical,Machine Learning Engineer
7.04,9.3,5.1,7.1,6.1,5.3,4.8,4.0,5.7,9.8,6.2,3.8,8.8,10.0,7.8,9.1,8.9,3.8,6.6,6.0,10.0,7.8,5.7,2.9,4.5,3,2,0,Technical,Cybersecurity Analyst
9.6,9.5,5.3,6.3,7.7,4.2,8.9,8.5,4.5,3.4,5.2,3.0,8.2,8.3,7.0,7.7,6.3,8.8,5.7,9.1,1.3,8.0,9.3,4.7,5.7,1,1,1,Technical,Machine Learning Engineer
8.54,9.2,5.9,4.7,5.4,6.0,3.7,3.9,7.8,7.4,9.0,3.4,7.1,7.4,5.7,6.9,7.2,4.0,5.8,6.2,7.3,8.2,8.3,3.4,5.0,0,3,0,Technical,DevOps Engineer
8.44,5.9,2.3,2.2,8.2,4.3,3.0,9.3,4.6,4.4,1.0,5.8,8.2,8.3,4.7,7.7,7.9,6.2,3.6,6.3,2.1,3.1,5.3,6.6,9.4,1,2,0,Managerial,Business Analyst
7.46,8.5,8.2,7.1,5.7,5.1,2.6,3.8,4.1,3.9,3.8,4.8,9.0,7.7,6.2,6.7,8.4,5.6,4.5,5.1,3.9,5.0,9.6,3.5,5.2,2,6,1,Creative,Software Developer
7.38,9.6,3.0,3.6,8.5,2.9,8.0,7.8,4.9,1.7,3.7,5.2,10.0,9.9,9.2,9.3,9.5,8.7,1.9,10.0,1.7,4.0,2.7,4.8,4.5,1,3,1,Analytical,Data Scientist
7.59,4.4,2.3,1.1,6.1,3.7,5.0,8.6,5.4,4.2,2.7,5.6,7.6,8.1,9.0,10.0,9.7,4.2,5.1,8.2,3.2,3.4,3.5,4.5,9.3,1,0,1,Managerial,Business Analyst
6.99,7.9,5.3,5.3,8.0,5.0,3.2,6.3,7.9,7.1,7.2,2.7,9.6,8.4,7.4,6.7,8.1,3.8,6.1,5.2,10.0,5.4,6.5,3.1,7.0,1,2,0,Creative,Cybersecurity Analyst
7.75,10.0,3.5,7.5,6.4,4.6,8.7,8.9,6.1,3.6,4.1,1.5,7.3,10.0,9.5,6.7,8.2,8.4,5.6,8.6,3.2,7.6,8.6,1.4,5.9,1,2,0,Technical,Machine Learning Engineer
7.25,8.0,3.5,1.1,7.6,9.1,3.1,3.0,6.3,4.9,8.4,7.1,7.2,7.2,5.0,7.8,6.7,2.6,9.7,5.0,2.1,5.5,7.5,5.9,4.4,2,1,1,Creative,Web Developer
7.88,8.8,3.3,5.2,7.5,2.8,9.1,6.8,6.5,2.6,5.1,5.4,9.2,7.6,7.6,5.9,8.2,8.4,2.3,8.9,4.2,5.9,5.5,4.7,7.2,2,3,1,Analytical,Data Scientist
8.06,8.9,7.5,6.7,4.3,6.1,5.2,4.3,5.0,4.4,5.0,3.1,8.9,8.7,7.0,5.4,8.4,4.7,5.4,5.1,3.5,4.1,8.2,2.1,4.5,1,4,1,Technical,Software Developer
9.61,8.0,3.0,5.7,9.6,2.3,9.8,6.5,8.7,5.0,4.6,4.9,9.0,7.8,10.0,9.0,6.2,8.5,1.6,8.9,2.7,6.4,6.8,2.8,7.8,2,1,0,Analytical,Data Scientist
8.85,5.2,1.0,1.7,6.6,3.4,4.5,6.6,4.5,3.4,4.2,7.7,9.9,8.4,7.6,9.3,8.7,4.6,4.7,10.0,2.4,4.7,3.5,6.3,8.8,4,3,1,Managerial,Business Analyst
7.51,5.0,0.3,1.3,3.1,4.6,0.5,5.1,2.4,0.5,3.8,7.5,7.5,8.1,4.8,8.7,10.0,3.6,10.0,3.8,2.1,0.4,5.2,9.5,8.4,3,3,0,Creative,UI/UX Developer
8.46,5.4,3.2,0.0,8.4,2.7,3.1,6.8,3.3,2.0,3.6,7.9,9.8,6.7,6.7,6.3,9.3,4.0,4.6,8.3,1.2,3.9,4.5,5.4,10.0,2,1,1,Managerial,Business Analyst
6.96,8.2,4.1,0.7,7.8,2.8,5.4,8.7,4.1,3.4,2.6,6.6,6.2,7.1,6.0,8.1,8.3,4.8,2.5,8.0,3.8,4.0,3.5,6.7,7.6,1,1,1,Analytical,Data Analyst
6.0,8.6,2.6,4.7,8.9,4.1,4.7,8.9,3.7,1.8,3.7,5.4,8.0,9.2,4.2,8.6,8.3,6.3,2.9,9.7,3.1,5.6,3.7,5.3,9.8,0,4,0,Creative,Data Analyst
7.61,6.1,8.2,6.6,7.2,8.4,2.1,4.4,3.1,4.5,4.0,3.3,6.8,9.3,8.1,6.5,6.0,5.7,5.2,1.6,4.5,3.8,10.0,3.6,4.7,1,3,0,Technical,Software Developer
7.28,7.5,8.4,7.2,5.3,5.8,4.3,5.2,8.4,6.5,9.1,2.9,8.3,8.9,4.7,6.0,7.9,6.1,6.9,4.2,7.6,8.9,6.4,3.6,5.8,3,2,1,Technical,DevOps Engineer
7.14,1.8,3.1,4.1,4.7,7.3,1.8,4.1,2.1,2.2,4.4,10.0,5.9,8.6,3.8,8.9,6.8,2.2,7.7,4.2,2.4,2.8,6.6,9.5,7.5,2,3,1,Creative,UI/UX Developer
7.02,2.5,3.5,1.3,3.3,7.6,0.0,3.5,3.3,2.9,2.4,7.3,7.5,6.8,3.0,9.8,6.0,3.4,6.7,3.5,1.3,2.4,4.4,9.5,9.2,4,1,1,Creative,UI/UX Developer
6.39,5.5,2.2,0.8,2.4,9.5,1.2,2.3,2.7,2.5,5.0,8.1,7.3,8.3,6.2,9.4,8.8,6.4,9.1,4.4,3.3,2.9,4.9,8.8,6.3,1,4,1,Creative,UI/UX Developer
7.46,6.5,9.6,7.0,7.2,7.6,3.2,3.1,4.8,5.1,5.2,2.7,8.7,9.3,6.6,7.2,7.3,3.8,4.6,5.2,4.8,5.6,10.0,5.0,4.8,4,6,0,Technical,Software Developer
9.46,3.3,2.2,2.0,6.0,3.2,2.7,7.2,4.1,4.8,3.7,6.9,8.3,7.0,6.8,9.0,8.7,4.2,4.1,9.1,4.5,4.4,5.5,5.9,9.6,2,1,1,Managerial,Business Analyst
8.51,10.0,5.7,8.2,8.6,5.6,7.4,7.8,5.5,3.7,5.0,3.0,7.1,8.6,10.0,5.7,6.2,9.6,4.2,8.8,2.6,5.8,7.6,4.1,4.2,1,1,1,Technical,Machine Learning Engineer
8.46,10.0,5.1,3.2,7.9,5.2,7.2,9.4,3.9,4.9,3.5,6.5,10.0,8.4,8.2,7.7,6.8,8.1,1.2,8.4,1.8,5.6,6.1,4.8,7.4,3,1,1,Analytical,Data Scientist
7.56,8.7,3.9,5.4,8.5,2.5,9.1,9.5,2.9,1.8,3.5,3.1,9.2,7.5,7.9,7.8,6.7,9.7,3.4,10.0,1.8,3.3,6.5,7.4,6.8,2,0,1,Analytical,Data Scientist
7.05,9.1,5.2,7.3,6.7,4.2,8.8,7.7,7.0,6.3,6.4,2.2,8.9,8.9,7.8,5.8,6.1,8.9,4.1,8.4,4.8,4.2,7.3,2.4,3.7,1,0,0,Technical,Machine Learning Engineer
7.56,10.0,6.3,7.4,6.7,4.6,8.3,7.7,5.7,4.5,7.4,3.0,10.0,9.5,8.9,6.8,5.6,8.5,3.9,8.4,4.1,5.8,7.6,3.1,5.1,0,3,0,Technical,Machine Learning Engineer
7.45,7.4,9.4,5.9,6.9,8.2,5.2,1.9,4.2,4.2,3.5,3.3,7.8,10.0,7.0,6.7,7.6,4.6,6.0,2.7,4.9,5.5,7.8,3.2,5.0,1,5,0,Technical,Software Developer
7.25,4.9,5.6,3.2,6.6,6.9,2.7,3.8,4.7,5.8,6.3,7.3,8.7,9.4,5.3,6.4,6.7,5.1,9.1,2.7,5.1,4.7,6.9,9.6,6.2,1,3,1,Creative,Web Developer
8.96,5.6,6.3,3.8,7.0,7.7,2.6,5.9,9.0,6.8,9.5,5.4,8.4,8.9,7.1,8.7,8.0,5.1,5.2,5.2,6.0,8.4,6.3,2.0,3.5,1,1,0,Analytical,Cloud Engineer
8.27,4.2,2.1,2.3,6.6,4.2,4.5,8.1,3.5,1.8,3.1,7.9,7.6,7.6,6.9,8.0,7.4,5.0,3.7,6.1,2.0,3.6,5.7,3.5,9.9,1,4,1,Managerial,Business Analyst
7.31,6.7,4.0,4.8,5.6,7.7,3.6,4.8,9.3,4.5,8.2,0.6,10.0,5.9,5.0,7.7,8.3,6.0,7.5,3.9,4.3,9.8,5.3,2.4,5.4,0,4,0,Technical,Cloud Engineer
7.03,9.7,3.5,8.1,5.8,5.1,9.5,8.6,6.0,2.3,6.3,3.3,9.6,8.4,7.8,6.2,7.9,7.5,3.7,7.7,4.0,7.7,5.7,3.3,6.0,4,1,1,Creative,Machine Learning Engineer
8.33,9.9,3.5,3.1,6.9,3.4,6.8,10.0,4.1,3.5,1.5,6.2,9.9,6.7,9.3,7.2,7.2,9.2,2.1,8.9,1.0,5.1,2.7,5.4,5.4,4,1,1,Analytical,Data Scientist
6.13,6.5,3.8,2.8,7.9,2.9,8.1,9.1,5.7,4.1,4.5,2.3,10.0,6.3,9.3,8.3,7.3,8.3,4.6,10.0,3.0,4.5,4.1,3.2,6.9,1,4,1,Analytical,Data Scientist
9.05,6.4,7.0,4.1,5.4,10.0,1.5,2.8,3.6,6.0,6.3,8.9,8.6,8.8,5.6,7.7,7.4,3.1,8.8,6.1,3.6,6.1,10.0,8.9,4.1,1,0,1,Creative,Web Developer
8.73,6.9,8.4,6.0,7.1,5.1,3.1,4.7,9.1,8.4,7.0,3.6,5.8,8.4,7.5,8.6,6.8,3.7,7.1,6.3,6.3,7.3,5.3,2.9,3.9,1,5,0,Managerial,Cloud Engineer
6.82,8.3,6.4,4.9,3.8,6.9,2.2,2.2,6.5,7.1,10.0,0.5,7.9,8.9,6.7,6.4,7.9,5.0,7.0,4.7,6.0,7.1,7.3,3.9,4.3,2,4,0,Technical,DevOps Engineer
7.67,6.6,7.2,3.0,8.2,6.5,1.6,5.3,8.2,5.2,9.9,2.0,6.5,6.9,5.0,5.6,10.0,4.8,4.6,6.6,5.3,8.9,6.4,3.7,5.7,2,2,1,Technical,Cloud Engineer
7.22,6.4,5.9,6.0,4.3,4.0,6.0,6.1,4.3,8.4,5.8,2.5,7.9,9.4,8.7,8.2,6.4,3.0,5.7,3.4,10.0,8.1,6.6,1.3,3.9,2,4,1,Technical,Cybersecurity Analyst
7.62,8.8,4.8,8.7,6.5,4.7,8.2,8.4,7.1,4.7,6.1,1.8,8.1,10.0,10.0,7.4,5.6,10.0,3.0,8.1,3.7,6.9,7.6,2.3,6.2,2,2,1,Technical,Machine Learning Engineer
7.64,7.4,4.2,1.6,6.8,2.6,5.8,9.2,2.8,1.8,3.5,4.9,7.8,6.7,6.8,8.2,8.0,4.8,2.5,10.0,1.5,4.3,4.6,3.6,8.2,4,3,1,Analytical,Data Analyst
7.15,7.2,7.5,6.9,7.2,5.5,4.1,6.9,4.7,4.2,5.4,6.0,7.9,7.6,5.6,6.4,6.5,6.2,7.9,2.9,3.2,5.1,10.0,4.1,3.3,1,1,0,Technical,Software Developer
8.11,6.8,4.0,2.9,8.4,3.3,8.2,8.4,5.5,4.5,4.5,3.2,7.8,9.6,7.8,7.5,5.1,8.4,1.8,8.3,3.2,5.7,4.2,5.2,5.7,2,3,1,Analytical,Data Scientist
8.35,6.1,7.3,6.6,6.5,5.6,6.0,4.3,7.8,8.8,5.6,2.4,8.3,8.2,5.4,6.9,6.6,5.7,4.9,3.0,9.0,7.1,4.3,0.2,5.5,3,5,1,Technical,Cybersecurity Analyst
8.58,8.7,5.5,4.9,7.5,3.7,2.6,4.4,7.0,6.0,9.6,2.7,9.7,8.2,5.9,6.8,8.2,2.0,6.9,2.4,6.4,6.4,8.0,1.2,6.1,3,2,0,Technical,DevOps Engineer
6.63,6.7,5.9,1.4,7.5,9.8,3.2,1.8,4.9,4.8,5.7,9.4,8.2,7.2,7.1,8.6,6.9,6.8,10.0,2.9,2.3,3.7,6.6,6.4,4.3,2,2,1,Creative,Web Developer
6.97,8.8,5.1,4.1,9.3,6.1,10.0,7.8,6.4,2.3,3.8,5.8,7.4,8.1,10.0,6.6,4.9,6.9,2.3,9.0,2.7,4.4,5.1,3.5,6.2,4,3,0,Managerial,Data Scientist
8.04,6.1,4.5,7.0,6.3,3.0,7.1,7.7,7.5,4.4,5.7,3.2,10.0,7.3,8.3,6.8,7.0,10.0,2.4,7.4,4.3,4.6,8.4,3.5,5.8,1,0,1,Technical,Machine Learning Engineer
8.61,10.0,5.9,6.4,6.3,4.6,9.8,8.3,7.3,3.4,6.5,2.5,8.0,8.0,8.1,7.3,7.0,9.0,3.7,6.5,2.9,7.3,6.2,1.3,3.7,4,1,1,Managerial,Machine Learning Engineer
6.41,6.5,7.5,5.5,5.4,4.4,3.6,4.4,8.9,6.1,7.4,5.5,7.6,7.3,7.1,6.9,6.5,4.2,5.9,5.5,6.8,8.4,7.2,4.0,4.3,2,0,0,Analytical,Cloud Engineer
8.95,5.6,4.8,1.8,6.7,8.4,3.0,2.7,4.1,4.4,4.9,6.7,6.6,7.2,6.9,8.0,7.2,3.2,8.2,3.1,4.1,4.0,10.0,8.7,5.0,1,3,0,Creative,Web Developer
7.86,9.6,6.2,5.7,8.0,4.0,8.7,8.6,6.3,4.7,6.1,4.5,9.0,6.4,7.6,6.4,7.4,9.4,3.2,10.0,5.0,5.2,6.6,3.4,4.8,2,2,1,Technical,Machine Learning Engineer
8.31,6.9,6.9,6.1,4.8,7.1,2.2,2.4,8.4,5.8,9.5,3.8,8.5,7.7,6.8,6.2,8.6,5.4,7.1,2.9,7.9,6.3,5.5,2.8,5.2,3,2,1,Technical,DevOps Engineer
9.08,6.8,5.6,0.5,9.2,2.5,4.5,10.0,2.0,1.0,2.9,6.6,9.6,8.9,5.1,6.8,6.4,4.9,1.0,10.0,0.0,5.1,5.0,3.8,9.4,0,1,0,Analytical,Data Analyst
7.41,9.2,6.6,5.6,6.2,9.0,1.3,2.4,7.1,5.7,7.3,4.0,8.1,8.6,7.6,5.6,6.1,4.5,7.0,4.3,6.8,6.9,7.7,4.9,5.9,2,1,0,Technical,DevOps Engineer
8.46,7.6,6.2,3.5,7.3,6.2,3.5,4.0,9.2,6.5,5.4,1.9,7.3,7.4,5.0,5.3,7.5,5.5,5.1,5.8,6.2,10.0,6.8,2.6,8.2,2,4,0,Technical,Cloud Engineer
7.07,4.7,7.6,9.0,8.7,6.8,4.7,2.7,4.3,2.2,4.3,4.8,8.2,9.5,6.0,5.5,7.2,3.3,7.4,3.3,3.5,5.5,8.6,2.6,2.8,1,2,1,Technical,Software Developer
7.9,8.4,4.2,3.6,6.9,5.8,8.1,6.8,5.3,3.4,3.8,3.9,8.3,9.0,9.9,7.3,9.8,9.6,3.0,7.5,3.1,5.9,5.9,2.0,7.1,2,4,1,Analytical,Data Scientist
6.96,7.4,8.0,8.2,5.9,6.4,3.6,4.2,4.7,4.2,5.8,4.9,10.0,7.4,6.5,4.7,8.0,3.6,6.2,3.3,3.6,6.3,9.8,3.9,4.8,4,2,1,Technical,Software Developer
7.8,4.2,2.4,0.8,4.3,7.9,0.8,3.5,1.3,2.9,3.2,10.0,5.3,6.7,4.7,10.0,9.3,4.9,10.0,4.3,2.3,2.9,5.7,9.8,6.7,1,3,0,Technical,UI/UX Developer
7.51,5.4,3.0,0.9,7.4,5.4,2.7,8.1,5.1,4.5,3.2,4.0,8.7,8.1,7.0,8.6,8.1,3.9,2.5,8.2,3.9,4.7,2.4,6.4,8.7,0,4,1,Managerial,Business Analyst
8.78,3.1,0.5,3.5,4.8,9.3,3.4,2.7,2.4,4.3,2.9,10.0,5.5,7.0,2.8,8.0,9.5,4.2,8.0,2.3,3.1,3.6,5.8,9.8,6.8,2,2,1,Creative,UI/UX Developer
8.69,7.5,3.8,2.6,9.8,3.9,3.9,8.3,4.4,4.5,2.8,5.4,9.0,7.0,8.4,8.0,8.9,4.0,5.5,9.2,2.6,4.0,2.8,5.9,7.7,1,2,1,Managerial,Data Analyst
7.11,8.1,5.8,5.4,6.0,5.9,2.3,5.6,8.9,7.9,7.9,3.1,10.0,8.8,6.7,5.7,6.7,5.4,5.6,4.8,5.3,9.9,6.6,3.8,6.9,1,1,1,Technical,Cloud Engineer
8.51,7.1,1.8,4.5,8.1,3.0,8.3,7.6,7.4,0.8,4.5,2.6,7.8,8.0,7.9,7.3,4.1,6.8,1.0,7.7,2.1,5.0,4.3,3.0,6.4,1,4,1,Analytical,Data Scientist
8.26,5.3,4.5,3.2,6.8,8.2,2.5,1.2,3.7,3.3,3.5,7.3,6.0,9.9,4.4,9.2,5.8,6.2,10.0,4.4,2.5,4.6,7.7,7.9,6.4,4,2,0,Creative,Web Developer
7.03,6.1,3.0,0.9,9.0,8.6,2.3,3.1,5.6,4.2,6.0,7.8,7.5,9.1,5.6,7.4,7.7,5.5,9.9,3.6,1.6,5.4,8.8,9.0,4.8,2,1,1,Creative,Web Developer
8.81,6.6,2.9,2.2,7.9,3.1,5.1,6.8,4.1,1.6,1.1,5.6,8.3,7.7,8.2,8.4,6.7,5.8,4.0,8.3,3.0,3.7,4.7,5.2,7.8,0,5,0,Creative,Data Analyst
8.22,7.2,6.7,6.3,6.9,5.5,3.1,3.9,7.7,7.9,9.0,1.6,8.5,7.3,4.4,7.3,6.3,5.0,7.7,5.4,7.0,8.0,6.6,2.5,3.0,2,2,0,Analytical,DevOps Engineer
7.37,6.2,6.2,1.4,6.8,8.9,1.6,4.3,5.3,1.6,6.3,8.6,7.7,8.4,4.7,6.5,4.9,3.2,9.4,4.1,2.6,6.0,8.1,9.1,5.9,3,4,1,Creative,Web Developer
6.62,6.1,2.2,2.9,9.0,4.9,2.3,9.9,4.8,3.6,2.9,6.6,6.7,7.2,6.7,9.0,9.5,3.3,3.2,7.3,3.7,3.2,1.2,6.5,8.9,3,5,1,Analytical,Business Analyst
8.74,9.2,7.1,7.6,7.3,5.7,3.2,4.0,3.4,3.6,5.0,4.1,6.1,9.3,7.1,5.3,9.0,3.6,5.7,4.7,6.1,5.7,9.9,2.9,4.1,2,4,0,Technical,Software Developer
7.04,8.0,5.6,2.5,9.4,3.5,7.0,9.4,4.7,3.1,2.0,5.5,8.2,7.8,9.2,8.5,6.8,9.4,3.0,9.1,2.1,6.2,5.7,4.6,8.2,1,6,0,Managerial,Data Scientist
8.02,8.4,3.3,6.9,6.5,5.7,8.2,6.4,9.5,1.7,5.2,2.3,7.2,8.9,10.0,8.1,7.6,10.0,3.7,8.0,4.3,8.4,7.1,4.8,6.7,3,5,0,Technical,AI Engineer
8.63,7.4,8.1,2.9,6.8,6.7,5.4,6.6,9.6,7.7,9.2,3.3,6.8,8.9,8.2,5.5,8.1,4.1,6.4,4.5,7.0,10.0,5.9,2.7,5.1,5,0,1,Managerial,Cloud Engineer
7.74,7.1,6.9,8.1,6.5,8.0,1.9,4.7,4.9,6.3,5.6,4.4,7.9,7.7,7.3,5.0,5.5,5.1,4.1,3.6,2.8,4.6,9.2,5.1,5.3,2,2,0,Technical,Software Developer
8.39,4.1,1.8,2.1,3.5,9.7,2.9,5.6,3.1,2.9,3.6,9.3,6.6,6.3,3.7,9.1,7.7,3.7,6.5,4.7,0.7,4.2,5.9,9.6,6.1,1,2,1,Creative,UI/UX Developer
7.48,5.8,3.6,5.8,6.9,7.9,3.5,2.5,4.8,2.2,5.7,8.2,8.1,8.8,5.7,8.3,10.0,4.4,9.5,1.9,4.3,4.0,8.0,7.0,3.9,3,1,1,Creative,Web Developer
7.09,4.1,1.2,1.7,4.0,8.7,3.1,4.2,1.3,2.2,3.4,7.0,7.5,8.8,2.7,8.5,8.8,4.5,10.0,3.5,3.2,2.4,4.8,8.3,5.9,2,2,1,Creative,UI/UX Developer
8.66,5.6,3.5,2.2,7.1,3.1,4.6,9.2,4.9,3.7,2.3,4.7,7.8,6.1,6.4,8.6,9.6,3.9,5.5,8.9,3.3,4.5,4.2,4.5,8.0,0,2,0,Analytical,Data Analyst
6.0,9.2,7.4,5.5,5.2,5.9,1.4,3.1,8.2,7.5,9.7,2.7,7.7,9.3,5.9,7.7,8.6,5.2,5.6,3.5,6.5,8.2,6.3,2.2,3.6,1,3,1,Technical,DevOps Engineer
7.59,5.5,4.8,1.2,6.7,3.0,3.6,8.0,4.0,4.7,2.1,5.4,6.3,5.5,6.8,6.6,8.5,3.3,3.7,7.7,1.9,6.0,2.2,4.8,7.9,2,2,1,Managerial,Business Analyst
7.4,7.7,7.1,7.6,6.2,6.8,9.2,10.0,5.4,3.7,4.5,3.4,8.9,8.5,9.1,6.5,6.9,8.7,5.6,6.8,4.2,5.7,6.6,2.7,4.9,1,2,1,Technical,AI Engineer
6.92,6.6,3.6,2.6,7.4,2.0,6.8,8.7,5.6,2.3,4.2,5.7,8.2,7.7,6.1,7.8,6.9,4.6,2.6,9.7,2.7,3.8,5.1,4.5,8.1,2,3,1,Analytical,Data Analyst
7.73,4.6,3.7,0.6,6.8,4.6,3.3,7.2,2.0,2.9,3.8,3.8,8.4,9.8,8.0,8.8,9.8,5.0,2.3,9.4,4.8,4.6,4.2,7.0,10.0,3,5,0,Managerial,Business Analyst
8.11,7.5,4.6,4.4,8.2,8.9,1.7,3.3,4.3,4.1,4.1,7.9,5.7,8.4,6.8,8.1,5.1,4.2,10.0,6.7,4.2,3.4,6.1,7.7,4.1,3,1,0,Creative,Web Developer
8.87,6.3,1.6,4.5,7.1,6.1,0.6,2.3,5.0,2.9,4.0,8.5,8.8,9.0,4.2,8.5,7.5,6.2,9.8,4.8,4.6,5.5,7.6,9.3,6.0,0,1,0,Creative,Web Developer
9.74,7.8,6.4,6.5,6.1,3.8,3.1,4.5,5.8,9.5,6.2,1.0,7.5,8.8,5.0,7.1,6.4,4.5,5.9,4.5,9.4,5.3,6.2,0.4,4.6,3,5,0,Managerial,Cybersecurity Analyst
7.47,7.2,8.9,8.6,5.5,6.2,3.2,4.9,4.5,3.3,5.2,5.3,6.7,7.4,6.4,6.1,5.1,5.6,5.9,3.7,5.8,5.8,8.4,4.2,4.0,2,3,1,Technical,Software Developer
7.73,4.3,2.0,2.8,8.3,2.6,4.2,6.4,3.6,1.8,3.1,6.0,9.5,9.4,6.5,9.1,8.0,3.8,1.8,8.6,2.2,3.7,3.5,5.5,8.5,2,1,0,Analytical,Business Analyst
8.01,7.2,5.1,6.0,6.6,2.4,1.5,5.8,8.2,9.8,7.8,3.3,9.0,7.1,7.4,6.2,5.5,5.2,5.2,5.3,9.2,8.3,6.8,1.7,4.9,1,4,0,Technical,Cybersecurity Analyst
7.07,2.8,3.1,0.0,5.9,9.8,1.8,4.3,3.4,2.0,3.2,8.8,6.2,8.4,5.6,6.9,8.5,5.2,7.2,3.1,2.2,3.5,6.3,10.0,6.5,5,1,1,Creative,UI/UX Developer
7.39,9.7,2.9,5.0,6.5,3.9,8.1,8.1,7.2,4.6,8.0,1.5,8.2,8.0,9.6,5.8,7.3,7.9,3.3,7.5,4.3,5.1,9.5,3.2,4.2,1,3,1,Technical,Machine Learning Engineer
9.0,5.4,2.6,0.2,7.2,2.1,3.1,7.9,5.1,1.8,3.9,5.9,6.9,5.5,6.9,9.1,9.0,5.4,4.5,9.1,2.7,3.8,3.8,6.2,9.6,1,3,1,Managerial,Business Analyst
6.97,8.7,6.5,7.0,6.5,6.8,4.5,4.8,6.6,3.1,6.3,5.1,5.4,8.3,7.7,5.9,5.8,6.3,6.1,4.2,2.6,4.3,8.0,5.2,4.6,4,6,0,Technical,Software Developer
7.76,8.2,5.6,5.4,7.0,3.1,8.6,5.7,7.4,3.1,6.4,3.5,8.2,8.5,6.6,6.1,8.7,9.8,2.3,9.0,4.9,5.4,7.3,2.8,5.1,0,3,1,Creative,Machine Learning Engineer
8.5,8.1,5.2,7.3,5.0,2.6,9.6,8.1,6.6,2.5,4.9,3.5,9.2,6.9,8.4,8.5,7.7,8.5,4.2,8.3,5.3,5.3,8.9,1.7,5.4,3,3,1,Technical,Machine Learning Engineer
8.06,9.3,3.1,4.5,6.5,4.4,9.0,9.4,6.2,3.2,4.9,3.5,9.1,7.9,9.7,7.3,7.5,8.2,2.7,8.8,1.5,6.0,5.1,2.6,6.4,1,3,0,Analytical,Data Scientist
8.29,6.4,2.1,2.7,8.6,2.9,4.6,8.1,5.9,2.2,3.2,4.9,6.2,6.8,6.2,6.5,5.8,4.3,3.0,7.9,2.8,4.3,3.7,7.4,7.7,0,5,0,Analytical,Data Analyst
7.7,8.7,7.0,6.6,7.6,6.0,4.5,3.3,4.9,3.0,5.0,2.4,7.5,6.9,7.8,7.3,5.1,5.5,8.7,4.1,3.3,8.1,7.5,4.0,4.2,0,4,1,Technical,Software Developer
6.29,7.4,7.8,8.3,7.4,5.3,2.4,3.3,7.3,5.6,5.8,3.6,7.7,8.9,9.4,6.8,7.6,1.2,6.3,2.5,3.5,5.1,8.7,3.3,3.3,0,1,1,Technical,Software Developer
9.52,7.1,5.6,4.9,5.3,6.9,4.3,5.4,8.3,6.3,7.0,2.3,7.5,7.3,6.0,6.7,8.0,5.5,7.8,2.8,7.0,7.6,7.2,4.4,4.5,3,1,1,Technical,DevOps Engineer
8.13,4.8,2.3,2.1,7.7,4.2,2.7,8.4,2.7,2.0,3.2,6.7,10.0,6.9,8.2,7.7,7.8,4.4,4.7,8.1,3.4,5.4,4.2,7.3,9.9,2,4,1,Managerial,Business Analyst
8.08,9.2,3.2,6.3,5.8,4.9,9.9,7.7,5.6,3.7,7.7,1.4,10.0,8.7,8.4,8.3,6.9,9.4,3.0,7.9,2.7,4.6,5.2,2.7,3.5,1,1,0,Technical,Machine Learning Engineer
7.37,5.4,0.0,1.1,6.6,3.5,5.2,9.3,5.7,3.7,3.5,5.9,8.9,8.3,6.0,8.7,8.5,3.4,3.7,9.2,4.3,4.7,3.9,5.3,8.6,0,3,1,Managerial,Business Analyst
7.67,4.8,0.3,2.0,6.1,3.4,1.0,6.2,3.4,2.9,2.1,7.0,6.6,9.5,7.6,9.4,8.3,4.5,2.7,9.9,3.3,4.1,2.6,7.0,9.7,2,2,0,Managerial,Business Analyst
7.81,10.0,7.3,4.9,6.7,6.1,3.3,4.3,8.1,5.8,9.4,4.5,7.9,9.1,6.0,5.4,10.0,3.4,6.5,3.2,5.9,10.0,5.3,4.4,4.7,1,4,1,Technical,DevOps Engineer
7.23,8.7,2.6,7.1,8.4,2.6,10.0,5.7,6.9,4.4,8.1,3.5,8.6,9.2,7.7,4.3,6.7,10.0,5.1,8.0,5.1,6.3,8.0,3.8,5.1,0,3,1,Technical,Machine Learning Engineer
7.56,8.1,4.7,2.0,5.2,5.4,4.5,3.6,7.8,5.6,8.8,2.7,7.8,9.0,6.1,8.1,7.4,3.6,6.8,5.6,6.9,10.0,7.4,1.7,5.8,0,2,0,Technical,Cloud Engineer
7.01,6.0,5.1,9.0,7.3,4.9,2.5,4.5,6.5,8.3,6.2,2.3,9.4,7.6,7.5,7.6,7.3,4.2,5.7,4.3,7.4,6.1,6.0,1.6,4.9,2,5,0,Analytical,Cybersecurity Analyst
7.03,10.0,5.4,7.3,7.5,4.7,9.0,7.8,6.7,4.8,3.9,0.5,9.6,8.0,8.6,6.5,9.4,10.0,5.1,8.2,2.6,5.6,8.8,3.6,5.1,0,2,0,Technical,Machine Learning Engineer
7.82,7.6,7.6,7.2,6.0,5.3,2.6,3.5,4.1,3.4,2.2,4.8,8.4,8.4,7.3,6.8,6.2,3.4,6.6,4.2,6.2,6.8,10.0,3.2,3.4,2,1,0,Technical,Software Developer
7.17,4.5,3.3,1.8,5.8,2.8,3.2,8.7,2.6,2.5,2.1,5.9,10.0,5.4,7.0,9.6,9.1,6.3,4.0,8.3,1.8,5.8,2.9,6.3,8.1,5,3,0,Managerial,Business Analyst
7.92,6.9,1.9,2.0,9.3,2.6,6.2,7.6,3.1,1.4,3.9,5.2,7.0,5.4,6.2,6.1,8.5,3.8,3.7,10.0,3.3,3.2,4.4,5.1,8.1,2,2,0,Creative,Data Analyst
6.49,7.7,4.0,3.3,8.4,3.8,9.1,6.9,5.2,4.2,3.3,3.1,8.0,7.9,9.1,6.9,4.8,9.8,3.6,9.2,2.9,4.6,4.1,1.9,8.8,1,3,1,Analytical,Data Scientist
7.42,5.9,1.9,1.3,2.9,10.0,3.3,3.0,3.3,2.4,4.3,9.3,5.4,5.8,4.5,8.7,9.7,2.1,8.3,2.5,2.3,0.8,5.8,10.0,7.3,3,2,1,Creative,UI/UX Developer
8.35,5.6,5.5,3.6,5.0,9.0,2.0,4.9,3.2,1.5,2.9,8.7,4.5,5.1,5.0,6.2,7.2,4.0,7.7,2.1,0.8,4.3,6.4,8.6,7.0,0,1,1,Analytical,UI/UX Developer
7.39,5.5,2.4,1.8,8.6,4.2,4.7,10.0,3.4,1.4,3.4,6.6,6.7,7.5,6.8,8.1,10.0,3.0,3.7,5.9,1.8,7.1,3.0,8.3,8.9,1,0,1,Managerial,Business Analyst
7.3,6.8,4.8,7.3,6.2,4.6,7.2,8.5,7.4,5.3,5.3,3.9,6.9,8.0,7.4,7.2,5.7,8.9,3.9,7.5,2.5,8.7,7.5,5.2,3.8,4,2,1,Technical,AI Engineer
7.22,10.0,4.4,6.5,5.2,3.8,9.5,7.5,7.0,3.3,5.1,3.3,8.8,9.1,7.9,5.8,7.2,9.2,5.9,9.4,4.1,6.3,5.3,2.1,4.3,0,2,0,Technical,Machine Learning Engineer
7.18,3.2,2.2,1.6,4.9,9.3,3.7,6.0,3.3,3.7,2.9,8.3,5.0,5.4,4.4,8.4,6.4,4.7,7.9,2.1,2.1,4.5,6.0,7.5,5.2,3,2,0,Technical,UI/UX Developer
8.83,7.1,7.4,4.3,5.9,5.3,5.6,3.4,8.7,5.4,8.6,1.9,8.2,7.1,6.9,7.2,8.5,5.1,7.3,7.5,9.1,10.0,6.8,2.6,5.2,0,2,0,Technical,Cloud Engineer
8.28,6.8,3.4,3.6,7.9,2.1,8.3,8.2,4.4,2.9,3.4,4.5,7.5,8.6,8.1,6.8,7.3,8.8,2.5,8.7,1.4,6.5,5.8,4.7,5.2,1,3,1,Analytical,Data Scientist
7.91,8.6,9.5,6.4,8.1,7.0,2.1,3.7,6.7,2.3,6.5,4.9,8.6,8.6,9.2,8.8,6.3,4.7,8.1,3.1,4.3,6.1,6.8,4.9,2.8,3,1,1,Technical,Software Developer
7.38,8.1,4.7,8.1,7.6,4.8,3.3,4.0,6.7,9.7,7.5,2.9,8.1,10.0,7.9,6.2,6.9,5.2,5.3,3.9,9.7,5.8,6.1,1.1,4.0,2,4,1,Technical,Cybersecurity Analyst
6.93,7.0,4.4,4.2,7.7,9.4,1.9,1.9,4.7,4.0,5.6,7.7,7.4,8.3,4.9,6.9,8.9,3.5,9.2,4.1,3.2,4.5,6.1,9.2,6.4,1,3,0,Creative,Web Developer
7.44,6.1,7.7,4.9,5.4,5.0,3.9,4.2,8.3,7.6,10.0,2.9,8.5,9.4,5.7,9.0,6.2,5.0,5.2,3.7,5.8,9.1,5.8,4.1,5.5,1,2,0,Technical,Cloud Engineer
7.17,5.6,2.5,3.2,6.4,3.1,5.1,8.3,4.0,0.8,2.4,5.2,9.7,9.5,6.9,9.1,9.4,4.8,3.7,8.8,2.9,2.8,3.1,6.1,10.0,3,2,1,Technical,Business Analyst
8.26,7.2,5.5,4.4,7.1,2.9,3.8,5.5,8.9,6.3,6.4,2.1,7.2,8.5,7.3,8.5,7.9,2.6,7.4,3.7,6.5,8.6,6.3,3.7,5.8,1,4,0,Technical,Cloud Engineer
7.31,4.8,3.8,6.5,6.5,5.6,5.9,6.5,7.6,10.0,6.2,2.7,10.0,8.7,7.3,8.3,6.7,4.4,3.5,4.5,9.1,6.2,6.9,1.4,6.6,2,4,1,Technical,Cybersecurity Analyst
8.65,6.7,3.9,5.3,5.5,8.6,3.6,4.8,3.4,3.7,5.8,9.1,9.0,8.8,6.1,7.3,8.5,5.6,9.3,3.2,5.3,6.2,7.5,6.5,3.1,0,3,1,Creative,Web Developer
7.92,8.9,5.9,3.2,6.0,7.1,1.0,4.6,7.5,7.6,8.5,3.8,9.0,7.2,7.4,6.2,9.5,4.8,7.3,5.2,6.3,9.1,7.0,3.1,4.4,0,2,1,Technical,DevOps Engineer
7.88,9.7,3.7,6.6,7.8,2.3,10.0,7.9,8.1,2.5,4.5,3.0,9.6,9.7,7.3,4.7,6.7,10.0,4.5,10.0,3.1,4.5,8.8,3.2,5.3,4,4,1,Technical,Machine Learning Engineer
7.34,7.5,3.7,2.9,8.2,3.3,4.7,9.7,3.5,1.2,4.3,5.9,7.1,9.6,6.9,8.1,8.8,6.3,2.2,10.0,1.7,4.5,3.9,4.6,6.9,2,4,0,Analytical,Data Analyst
7.61,7.9,4.5,7.6,8.0,4.3,9.0,8.0,5.7,3.6,4.9,2.9,10.0,8.5,9.7,7.2,8.6,6.1,4.2,9.1,4.4,7.8,8.3,3.3,3.9,3,1,1,Technical,Machine Learning Engineer
6.59,5.8,4.2,2.1,6.4,4.0,2.4,8.8,3.1,3.9,1.1,9.2,9.0,9.1,7.7,10.0,8.1,4.7,3.0,6.5,4.2,3.4,4.5,6.8,9.9,2,5,0,Managerial,Business Analyst
7.06,6.1,5.6,4.2,7.6,6.2,2.7,5.8,6.7,7.5,9.8,3.7,8.7,10.0,4.9,6.2,7.6,2.4,7.5,4.9,8.1,9.0,5.1,4.9,4.2,1,2,0,Creative,DevOps Engineer
7.03,3.5,0.1,1.3,7.8,2.9,3.7,7.8,2.7,2.1,4.1,6.8,8.7,7.7,6.1,9.4,8.6,3.9,3.6,6.7,4.3,4.8,5.0,5.6,9.1,1,2,1,Managerial,Business Analyst
9.3,10.0,5.2,3.3,6.8,3.3,8.4,8.9,4.6,3.8,4.3,3.6,7.7,8.3,8.1,7.6,7.1,8.8,4.9,8.9,4.1,5.3,4.7,3.9,6.9,0,3,1,Creative,Data Scientist
7.85,3.6,2.1,1.6,8.3,2.6,4.9,7.7,3.6,0.8,0.0,5.5,6.2,6.8,6.7,10.0,8.7,4.1,2.9,8.3,5.6,5.1,2.7,6.3,8.6,2,4,0,Managerial,Business Analyst
7.33,10.0,5.1,6.5,7.3,6.1,9.2,7.8,7.1,3.2,5.3,2.9,10.0,9.5,7.1,7.4,7.6,9.6,5.2,9.5,4.5,4.6,8.2,2.7,5.4,2,4,0,Technical,Machine Learning Engineer
7.77,10.0,4.7,7.0,7.8,3.2,10.0,7.5,7.8,4.2,6.6,2.3,10.0,8.9,7.9,8.2,4.7,10.0,6.2,7.5,2.8,5.3,8.5,2.3,4.9,0,1,0,Technical,Machine Learning Engineer
7.1,8.7,4.4,8.9,5.4,5.0,8.4,7.9,8.4,0.5,5.1,2.6,8.8,10.0,10.0,8.0,6.8,8.9,5.7,6.4,4.4,8.3,7.2,3.8,3.5,3,3,1,Technical,AI Engineer
7.84,2.7,3.2,2.9,1.4,8.9,0.0,4.9,4.0,2.5,2.0,9.8,5.3,9.6,5.2,9.3,9.3,5.1,8.3,5.1,2.2,4.0,8.1,10.0,7.7,1,1,0,Creative,UI/UX Developer
7.67,8.4,4.4,8.7,5.7,4.2,9.4,5.7,5.7,4.8,4.0,1.9,7.2,8.6,7.6,6.1,8.3,9.3,4.2,8.4,5.2,6.5,7.4,3.2,3.9,4,3,1,Technical,AI Engineer
9.13,4.3,1.4,1.1,8.0,1.0,3.6,10.0,3.7,2.5,2.6,8.8,10.0,7.9,6.7,10.0,8.9,4.7,3.1,9.2,3.2,4.4,3.4,4.7,9.7,1,1,1,Managerial,Business Analyst
7.6,8.7,3.1,9.4,6.4,4.5,9.1,8.6,7.8,3.9,5.0,4.9,9.1,9.7,7.8,7.7,5.4,9.1,4.1,9.9,4.7,8.6,8.0,2.3,3.8,1,1,1,Technical,AI Engineer
7.61,6.7,2.4,2.2,6.2,3.8,3.7,8.0,5.2,1.4,2.6,7.8,8.6,7.9,4.9,9.7,7.4,2.9,2.7,10.0,2.5,2.6,5.9,5.0,9.7,3,3,0,Managerial,Business Analyst
8.68,8.3,4.4,4.6,4.8,5.9,3.5,4.6,7.1,8.2,7.7,3.0,9.5,9.0,6.6,7.1,7.1,5.3,6.1,2.2,5.9,8.4,7.1,3.6,5.9,2,1,1,Technical,DevOps Engineer
8.69,4.2,5.4,4.1,4.8,8.2,2.6,3.7,7.2,3.3,4.8,8.2,7.1,7.4,5.4,7.8,7.8,4.8,9.9,0.3,2.1,4.4,9.1,7.3,5.4,2,1,0,Creative,Web Developer
8.2,5.6,7.8,6.6,7.4,7.2,0.7,4.0,6.2,3.8,5.8,4.4,8.4,8.2,5.7,5.3,7.8,4.0,5.8,3.5,3.7,6.2,8.6,2.5,4.8,4,2,1,Technical,Software Developer
6.57,6.2,2.3,5.3,5.6,9.7,1.9,4.3,3.8,4.1,4.3,10.0,6.4,6.8,7.7,8.3,7.1,4.1,9.6,3.8,4.8,3.7,8.3,7.6,2.2,0,3,1,Creative,Web Developer
8.92,7.9,4.7,7.8,5.2,5.5,8.3,6.8,8.0,4.5,5.4,2.6,9.3,8.6,9.9,7.4,3.7,8.6,3.4,8.0,4.0,7.7,6.8,1.8,4.6,3,1,0,Managerial,Machine Learning Engineer
7.93,4.3,5.1,3.1,1.7,10.0,4.2,2.7,1.8,3.3,3.4,10.0,8.4,3.8,5.8,7.0,8.8,4.7,6.1,4.4,2.8,2.6,6.5,10.0,9.1,1,0,0,Creative,UI/UX Developer
9.39,3.9,2.0,3.4,6.8,3.7,2.8,7.4,2.1,2.8,4.1,6.8,9.0,7.7,8.1,9.2,6.7,4.0,1.0,8.8,2.2,4.2,6.4,5.5,9.9,1,5,1,Managerial,Business Analyst
7.12,9.4,4.7,2.1,8.2,3.3,8.3,6.8,4.3,2.9,5.2,3.4,8.1,10.0,8.7,7.4,6.9,7.0,3.6,8.3,3.0,5.5,7.1,2.6,8.0,2,2,1,Analytical,Data Scientist
7.9,6.1,4.7,6.1,5.8,5.7,4.1,4.8,6.9,9.7,6.0,3.6,8.6,10.0,6.0,5.4,7.2,5.5,4.6,4.1,9.5,6.2,5.8,1.6,4.4,2,2,1,Creative,Cybersecurity Analyst
7.75,4.8,2.3,2.1,3.1,6.9,0.0,2.2,4.2,1.5,3.6,9.9,6.1,5.5,4.2,8.2,8.0,2.5,7.3,2.4,0.0,4.0,3.5,8.9,6.6,2,3,0,Creative,UI/UX Developer
7.33,5.9,5.5,2.1,6.0,7.7,3.1,1.9,5.3,3.2,4.2,5.4,7.4,7.2,5.8,7.3,9.9,3.0,10.0,3.1,4.6,4.8,10.0,7.9,5.1,2,3,1,Managerial,Web Developer
7.89,6.8,5.2,5.6,6.1,5.3,3.0,4.3,4.6,9.5,4.6,2.5,9.3,9.9,6.6,7.7,7.0,2.4,3.4,5.9,10.0,4.2,6.4,2.8,4.1,1,1,1,Technical,Cybersecurity Analyst
9.01,6.7,9.4,6.2,8.0,5.5,3.1,3.6,6.4,5.2,5.5,2.7,7.2,7.4,4.5,7.9,6.6,3.6,7.6,3.5,3.1,4.8,7.8,4.4,3.6,3,0,1,Technical,Software Developer
7.76,5.3,4.1,2.4,7.6,3.5,4.6,7.9,5.0,2.9,2.6,7.0,7.4,8.0,8.3,9.5,10.0,3.9,4.2,10.0,3.3,5.2,5.5,7.4,10.0,2,3,1,Managerial,Business Analyst
7.76,6.3,5.2,4.0,7.0,8.4,2.0,4.2,8.8,5.2,10.0,3.2,7.2,8.2,7.6,7.8,8.6,4.6,4.8,4.7,8.6,7.1,7.6,3.8,5.2,3,2,0,Technical,DevOps Engineer
9.29,6.0,9.2,7.3,4.1,4.3,2.4,2.8,4.0,6.6,5.8,1.2,7.7,8.4,5.4,7.1,4.8,5.2,7.6,6.6,2.3,3.5,9.8,5.3,4.9,2,3,1,Technical,Software Developer
8.21,7.9,8.3,7.6,6.4,4.2,4.0,4.4,6.2,2.3,5.6,3.7,8.2,8.3,7.6,6.3,5.8,4.1,5.8,3.9,0.5,5.8,8.7,2.5,5.0,2,2,0,Technical,Software Developer
8.69,10.0,4.5,7.9,7.3,4.5,8.6,8.9,7.0,3.9,6.9,2.4,7.6,7.2,9.6,6.8,7.9,9.6,2.5,7.6,5.0,6.7,8.8,3.0,5.8,1,2,1,Technical,AI Engineer
9.04,8.9,4.8,4.5,6.2,6.4,9.2,7.2,6.4,3.0,6.1,4.0,10.0,8.2,10.0,8.4,6.6,8.7,2.4,8.0,3.7,8.2,7.9,1.3,4.9,1,2,1,Technical,AI Engineer
9.9,6.5,4.3,4.7,6.0,8.5,2.4,2.6,5.7,5.0,4.5,7.9,7.8,8.4,5.7,6.7,9.5,3.2,9.1,4.6,4.0,7.5,6.9,7.1,4.7,3,2,1,Creative,Web Developer
7.29,6.6,5.2,2.4,8.4,4.2,5.2,8.9,4.7,1.7,6.3,6.3,7.6,8.3,8.1,8.3,8.1,4.1,2.5,10.0,2.2,3.2,3.8,4.4,9.0,0,6,1,Analytical,Data Analyst
7.47,5.8,2.3,3.1,8.8,3.4,3.1,9.2,4.4,3.7,3.0,4.6,7.2,7.6,7.3,9.2,8.5,3.9,3.0,10.0,0.4,3.8,4.8,4.7,7.6,1,3,1,Analytical,Data Analyst
6.73,5.7,6.2,1.5,7.4,8.7,3.1,2.3,5.3,3.0,2.8,5.9,7.3,8.3,7.3,7.9,9.7,3.8,10.0,2.4,4.3,4.6,7.5,8.1,3.4,2,0,1,Managerial,Web Developer
7.16,7.6,7.0,5.3,6.9,6.3,2.0,4.8,5.5,8.1,7.7,3.5,9.9,9.6,7.3,7.6,8.3,4.4,5.8,7.3,10.0,6.2,5.7,1.8,3.4,3,4,1,Technical,Cybersecurity Analyst
8.18,10.0,7.1,8.9,5.9,4.9,3.6,2.9,7.0,8.7,5.4,1.7,8.4,9.4,6.0,6.6,6.7,4.4,4.1,5.6,9.5,6.2,6.4,2.4,4.1,0,5,0,Technical,Cybersecurity Analyst
7.86,5.3,3.4,2.7,9.0,4.1,4.7,9.5,4.2,2.8,1.3,4.0,9.7,4.8,7.3,9.3,7.4,4.6,3.1,9.1,2.0,3.2,5.2,6.6,7.9,0,1,0,Analytical,Data Analyst
9.7,9.2,4.3,7.1,8.5,3.9,9.0,9.6,6.6,5.4,5.0,3.5,10.0,10.0,8.0,6.2,9.1,9.1,3.4,8.0,2.5,5.3,7.3,1.2,4.3,1,3,0,Technical,Machine Learning Engineer
7.16,7.0,5.1,4.1,4.7,4.9,5.0,5.2,8.9,7.5,9.5,3.0,7.1,7.6,7.1,8.1,7.6,4.3,7.1,3.9,6.5,10.0,6.6,2.8,4.1,1,0,1,Creative,Cloud Engineer
7.51,4.8,2.1,2.0,3.9,7.9,2.9,2.4,3.0,2.3,2.1,9.1,4.9,7.6,6.5,6.6,7.8,2.2,6.4,3.1,0.0,0.5,5.7,9.7,6.9,3,4,1,Creative,UI/UX Developer
8.0,8.1,4.3,4.0,10.0,9.5,2.8,3.8,5.4,3.7,3.6,8.4,7.2,7.7,6.7,7.2,9.5,2.6,9.6,2.4,2.9,4.5,8.6,8.6,6.1,1,2,1,Creative,Web Developer
7.93,5.3,0.9,1.4,5.3,7.5,2.0,3.2,4.4,2.4,2.7,8.6,8.8,6.9,4.8,9.0,9.3,2.0,8.3,2.3,1.4,4.4,6.8,10.0,5.0,3,1,1,Creative,UI/UX Developer
7.01,6.6,6.0,7.1,5.9,4.1,2.3,5.5,6.8,8.5,4.1,3.0,8.9,7.6,5.8,9.0,6.9,3.5,5.6,3.6,9.5,7.0,6.2,2.5,4.5,2,4,1,Technical,Cybersecurity Analyst
7.08,4.1,2.1,2.0,3.2,8.9,2.0,3.5,1.5,3.0,2.9,10.0,7.5,6.3,4.5,8.8,9.8,2.1,9.2,1.9,0.9,2.3,4.0,8.0,7.6,3,3,0,Creative,UI/UX Developer
6.97,2.9,0.3,2.3,7.9,5.4,4.8,6.5,2.8,3.6,3.0,7.1,9.5,8.4,7.1,7.9,7.9,5.2,2.1,7.6,1.7,3.4,3.8,5.7,10.0,0,0,0,Managerial,Business Analyst
8.29,6.3,2.8,0.0,4.8,10.0,2.5,2.2,4.5,2.4,2.0,7.7,4.4,7.6,6.3,9.2,9.2,5.5,9.3,1.6,1.4,3.5,6.6,9.3,7.5,0,2,1,Creative,UI/UX Developer
9.66,6.9,6.5,2.5,9.2,2.7,3.8,8.7,3.1,1.0,5.0,5.9,9.6,8.7,6.8,6.3,7.0,5.1,4.3,9.4,5.3,3.5,4.7,4.3,8.4,2,5,0,Managerial,Data Analyst
6.63,6.7,7.0,5.6,6.1,8.6,3.1,4.7,10.0,8.2,8.6,2.8,9.6,8.2,6.3,7.5,7.3,5.3,6.5,5.2,7.0,8.8,7.2,1.5,3.7,1,4,1,Technical,Cloud Engineer
6.41,9.3,5.0,7.8,4.5,4.2,7.6,6.9,6.0,3.0,4.9,6.1,8.9,10.0,9.8,7.8,7.6,10.0,4.5,6.0,3.8,5.8,6.0,4.0,2.7,1,3,1,Technical,AI Engineer
8.26,4.1,2.6,1.4,3.3,8.4,1.7,2.7,4.8,1.4,3.2,10.0,6.1,5.9,4.7,8.3,9.4,2.9,7.4,3.2,3.0,3.6,6.9,10.0,6.0,2,3,0,Creative,UI/UX Developer
6.59,7.7,5.1,6.1,6.1,4.0,2.5,7.4,7.7,9.2,4.4,3.1,8.1,8.3,9.5,9.1,4.4,4.9,5.2,5.4,8.9,6.5,4.8,3.6,6.1,3,2,0,Creative,Cybersecurity Analyst
9.1,8.4,2.9,3.8,7.3,2.6,10.0,8.5,6.6,3.5,4.5,4.0,8.0,9.9,9.7,7.3,8.1,10.0,3.4,10.0,2.5,4.0,4.6,4.0,8.7,0,0,1,Analytical,Data Scientist
7.47,5.2,1.4,1.0,7.3,3.0,4.2,7.8,3.1,3.5,3.4,4.4,6.1,8.2,5.4,8.9,7.5,4.3,3.9,9.5,2.1,3.1,4.2,7.0,8.7,0,0,1,Managerial,Business Analyst
8.98,6.0,3.7,1.9,8.4,3.7,4.1,9.1,5.2,1.1,3.3,6.0,8.5,8.9,7.4,8.7,8.7,3.1,2.6,9.9,3.0,4.3,5.5,4.4,6.6,4,0,1,Analytical,Data Analyst
6.83,6.2,7.8,4.6,4.1,5.8,4.2,4.7,10.0,7.7,8.2,0.8,8.3,7.8,6.4,6.4,5.6,3.3,7.1,6.2,8.3,9.2,6.5,2.0,5.7,0,1,1,Technical,Cloud Engineer
7.51,5.2,1.2,2.6,7.0,2.2,3.8,8.0,4.5,2.1,2.2,6.2,6.8,9.4,9.0,6.4,10.0,3.4,4.1,7.5,3.6,4.1,3.9,4.0,10.0,1,4,1,Managerial,Business Analyst
7.2,5.5,3.7,1.8,6.8,10.0,1.0,4.8,5.2,4.2,4.7,7.6,7.4,8.1,5.4,8.2,5.7,4.9,10.0,4.1,4.5,5.3,8.8,8.4,4.6,1,4,0,Creative,Web Developer
8.74,6.9,10.0,8.5,6.9,6.4,3.4,3.2,3.1,3.4,5.0,3.3,6.6,7.7,8.1,7.3,7.2,4.6,4.8,3.1,4.3,3.9,9.1,2.6,2.2,0,0,0,Technical,Software Developer
7.28,6.2,2.8,4.3,6.1,7.7,3.2,4.1,5.0,2.9,4.5,7.5,6.6,9.5,8.0,6.0,9.8,3.8,8.0,4.0,3.6,5.5,9.0,8.7,4.2,4,2,0,Creative,Web Developer
6.7,8.0,5.5,8.1,5.9,5.1,8.4,7.6,7.4,6.0,5.0,4.2,9.9,10.0,10.0,7.8,4.9,10.0,5.2,6.8,3.0,9.0,8.9,1.8,5.0,2,2,1,Technical,AI Engineer
8.55,6.2,6.8,7.0,8.0,5.4,6.1,3.2,7.3,9.5,4.8,3.9,7.3,9.3,6.6,9.5,7.7,5.2,6.8,5.0,10.0,5.1,6.1,2.6,2.9,4,2,0,Technical,Cybersecurity Analyst
8.81,7.5,3.9,6.0,8.0,5.8,4.8,6.3,6.1,7.7,6.2,3.0,10.0,7.7,6.7,8.3,8.0,2.9,6.3,6.9,9.0,7.8,6.8,1.6,3.6,3,1,1,Technical,Cybersecurity Analyst
6.92,6.7,5.6,7.1,5.8,7.6,2.6,4.8,9.4,7.8,9.2,5.0,8.2,9.1,5.8,6.3,8.3,5.1,7.5,4.9,6.6,8.2,7.9,2.9,3.6,3,4,0,Technical,Cloud Engineer
7.03,4.0,4.9,3.2,7.3,8.5,3.2,3.2,6.1,2.8,6.0,8.0,8.2,7.6,7.9,6.7,10.0,4.5,10.0,5.1,4.9,7.1,9.0,8.8,5.5,3,2,0,Managerial,Web Developer
7.74,9.0,2.3,4.8,7.2,4.2,7.8,9.3,5.4,2.0,3.5,5.3,8.6,8.0,10.0,8.4,6.1,8.3,1.1,10.0,3.0,5.7,2.9,3.7,7.2,2,1,1,Analytical,Data Scientist
7.25,4.1,0.0,3.8,7.9,2.4,4.6,8.4,4.0,2.3,2.1,7.7,8.4,8.4,5.9,8.3,9.2,6.0,4.8,8.8,3.2,5.7,5.8,7.0,10.0,0,1,1,Managerial,Business Analyst
8.37,7.5,6.7,4.1,6.2,5.4,4.4,4.9,10.0,5.6,8.7,2.5,9.5,9.5,4.8,5.9,6.5,4.3,5.2,3.4,7.3,9.6,5.2,2.1,3.8,2,1,0,Creative,Cloud Engineer
8.36,7.2,5.9,3.6,4.6,6.4,2.8,5.4,5.8,7.2,10.0,3.5,7.1,7.3,5.7,6.3,7.5,3.1,6.3,4.0,7.1,8.0,5.2,3.5,3.6,1,2,1,Technical,DevOps Engineer
6.0,4.2,3.7,0.3,6.2,3.8,4.2,7.0,3.4,2.9,3.2,6.8,7.1,8.5,7.4,8.7,8.5,5.0,4.3,9.0,4.6,4.2,4.9,5.3,10.0,1,2,0,Analytical,Business Analyst
7.38,5.4,5.2,7.8,6.7,3.6,2.6,4.9,7.2,9.9,6.4,2.1,7.9,6.4,7.0,6.8,6.9,6.0,4.6,4.7,8.1,7.0,5.5,5.3,5.8,2,4,1,Technical,Cybersecurity Analyst
7.1,3.5,1.8,2.2,2.9,9.2,3.4,3.6,2.4,3.5,2.5,10.0,7.4,6.1,5.7,8.5,8.7,1.6,8.3,2.3,1.0,1.7,5.2,10.0,6.4,2,1,0,Creative,UI/UX Developer
7.5,8.0,3.4,1.1,8.6,1.5,3.6,7.2,4.5,1.7,2.8,5.9,6.9,8.0,9.7,6.9,5.8,3.6,3.4,10.0,3.9,4.9,5.0,5.5,8.8,2,5,1,Analytical,Data Analyst
8.58,8.0,4.0,4.8,5.9,5.3,3.3,2.2,6.2,3.8,5.7,8.5,9.9,9.2,6.2,8.5,8.8,4.6,10.0,3.3,4.2,4.4,10.0,7.7,5.4,1,4,1,Technical,Web Developer
9.13,5.8,4.8,2.7,6.7,8.3,1.1,2.8,5.4,2.9,4.7,8.6,7.6,10.0,6.7,5.5,6.9,1.3,9.3,5.0,4.3,4.2,9.8,7.1,5.8,1,5,1,Analytical,Web Developer
8.48,2.7,1.3,1.3,3.7,7.9,0.0,3.8,2.9,3.4,2.9,7.4,5.0,5.1,4.7,10.0,9.0,3.7,7.3,4.0,1.7,3.3,6.1,9.0,6.8,3,0,0,Creative,UI/UX Developer
7.8,7.6,3.0,1.0,7.2,6.5,2.4,9.3,3.2,1.9,3.8,7.1,7.9,6.4,7.5,8.9,7.1,4.0,4.1,7.5,1.9,5.6,4.0,7.6,10.0,1,2,0,Managerial,Business Analyst
8.57,7.9,6.8,5.7,5.4,6.9,2.7,4.1,3.5,4.9,2.8,3.3,8.5,7.3,7.7,5.5,5.7,5.4,6.2,4.6,5.1,2.1,9.7,3.2,3.3,3,1,0,Technical,Software Developer
8.03,7.6,5.1,5.1,6.1,4.8,8.2,7.2,7.0,3.6,6.3,1.6,7.7,7.9,8.8,9.0,7.6,7.6,4.2,7.4,3.5,6.2,7.2,1.5,4.9,1,1,0,Creative,AI Engineer
9.68,7.6,5.9,7.7,8.2,4.0,7.2,6.7,5.0,8.1,9.1,3.6,7.8,8.6,7.8,8.0,8.5,4.8,5.3,4.6,8.5,5.4,5.8,2.9,3.4,0,2,0,Technical,Cybersecurity Analyst
7.19,10.0,6.6,7.1,6.0,5.8,8.3,8.2,5.8,4.2,5.5,4.0,10.0,8.3,7.8,6.7,8.5,9.6,3.9,9.3,4.6,9.6,6.3,3.5,3.5,2,2,1,Technical,AI Engineer
9.26,6.0,5.1,4.3,9.3,5.0,2.1,5.3,8.9,6.7,7.4,2.9,8.9,8.0,6.6,6.9,6.4,4.5,5.6,6.6,9.1,9.0,6.1,4.3,4.8,0,0,0,Technical,Cloud Engineer
7.27,4.9,3.3,1.3,7.5,3.9,3.6,7.8,2.4,4.9,3.9,8.2,9.7,7.2,6.4,8.3,8.0,3.8,2.2,9.6,3.9,3.0,3.9,6.9,9.8,1,2,0,Managerial,Business Analyst
7.89,4.1,3.5,0.3,4.4,9.0,1.1,3.1,2.3,2.2,2.8,10.0,5.6,7.6,4.5,7.9,7.7,4.5,9.8,4.1,1.8,3.0,5.7,10.0,4.4,2,1,1,Creative,UI/UX Developer
6.2,9.6,6.2,6.0,7.5,6.1,3.8,4.1,7.8,5.0,10.0,4.7,8.3,7.6,7.1,7.4,6.3,5.6,5.8,3.7,5.7,7.4,4.9,3.2,3.7,2,4,1,Managerial,DevOps Engineer
7.82,7.9,1.9,3.5,7.5,5.2,8.0,8.8,7.3,1.8,3.3,3.4,6.7,8.2,10.0,8.4,8.3,7.8,1.8,10.0,3.2,3.2,7.8,3.9,3.8,3,4,1,Analytical,Data Scientist
8.34,5.5,5.4,4.8,5.3,8.6,1.1,4.2,4.0,5.6,4.3,6.7,8.5,8.0,6.9,6.1,7.9,5.4,9.5,1.8,5.9,3.7,7.1,6.5,6.1,0,0,1,Creative,Web Developer
6.86,6.4,6.2,6.5,7.2,2.3,2.2,2.5,8.3,6.2,10.0,4.1,8.4,8.5,7.0,5.1,5.9,5.0,6.0,5.3,8.3,8.7,6.1,3.3,3.6,2,1,1,Technical,Cloud Engineer
8.0,5.1,9.2,6.3,6.0,6.8,2.8,3.8,3.9,6.3,5.6,2.8,8.2,7.2,8.9,6.7,5.9,4.8,5.7,2.6,4.4,5.4,10.0,4.1,4.1,5,2,1,Technical,Software Developer
7.95,9.5,5.9,8.5,6.4,3.9,10.0,7.0,4.8,3.0,7.9,3.2,8.5,10.0,9.1,5.6,6.8,8.4,4.2,9.2,0.8,5.4,9.3,2.6,6.8,0,3,1,Technical,Machine Learning Engineer
9.11,7.2,5.1,3.6,9.4,1.1,4.6,9.3,4.2,1.9,3.7,5.9,6.2,9.0,5.9,7.6,6.5,4.2,4.2,9.6,2.8,4.7,1.9,4.4,8.8,1,2,1,Analytical,Data Analyst
7.17,6.7,6.1,5.7,6.4,4.4,5.1,3.2,3.4,9.5,6.1,1.7,8.6,6.4,8.7,6.1,8.1,3.2,3.5,4.0,9.5,7.5,7.7,3.7,3.4,0,1,0,Managerial,Cybersecurity Analyst
8.5,8.6,6.4,3.7,5.5,4.9,2.8,3.4,6.8,7.3,9.4,3.2,7.8,8.7,5.7,5.2,9.6,3.5,6.3,3.9,7.7,8.9,7.6,2.5,5.0,3,1,0,Technical,DevOps Engineer
8.83,6.8,6.6,8.2,6.6,4.9,4.5,4.1,7.1,9.4,4.6,1.1,7.4,9.1,6.6,7.0,8.5,5.0,4.3,3.9,9.8,5.4,7.4,2.8,5.1,4,0,0,Technical,Cybersecurity Analyst
7.13,5.3,2.6,1.7,3.0,9.1,2.2,3.3,3.2,2.1,2.2,7.0,6.4,6.5,3.6,6.4,8.3,3.5,8.2,3.4,2.4,3.4,5.8,7.3,5.5,1,3,0,Creative,UI/UX Developer
8.82,6.8,9.1,4.5,6.3,4.4,2.5,3.7,4.6,3.4,3.8,6.5,10.0,7.2,8.7,6.1,7.1,3.9,5.3,5.1,4.1,4.5,7.6,3.0,2.2,0,4,1,Technical,Software Developer
7.09,5.0,2.6,2.9,2.8,8.5,1.4,4.3,5.4,0.6,2.8,10.0,6.0,6.1,5.1,8.1,10.0,3.9,9.1,2.5,2.2,2.9,6.3,10.0,5.9,3,1,1,Creative,UI/UX Developer
8.74,8.1,6.3,2.3,5.3,5.0,3.3,6.0,9.5,6.2,8.4,2.9,7.2,7.0,6.1,5.7,7.6,5.7,6.7,5.8,5.6,8.1,7.4,3.3,5.2,1,4,1,Technical,Cloud Engineer
7.19,7.0,6.6,7.7,6.0,5.1,1.8,7.0,4.7,1.9,6.6,4.7,7.2,7.5,7.7,6.2,4.9,6.0,5.5,5.6,5.4,3.9,10.0,3.3,1.9,3,0,0,Technical,Software Developer
8.18,8.5,3.4,5.4,8.4,3.7,6.2,10.0,3.4,3.6,4.8,5.8,7.4,7.6,9.9,8.2,8.9,9.7,2.6,8.9,3.6,3.3,5.6,4.7,6.1,2,2,1,Analytical,Data Scientist
7.46,6.2,3.2,2.5,7.1,2.7,4.2,7.4,3.2,3.0,3.9,3.2,8.5,5.9,7.1,7.9,8.3,4.8,1.9,8.2,2.2,3.3,3.6,6.1,8.5,1,3,1,Managerial,Data Analyst
7.7,6.0,5.5,6.9,3.7,6.6,2.6,2.6,5.1,3.2,5.5,4.8,7.2,8.2,7.2,5.0,7.2,2.4,6.6,3.5,2.4,4.4,8.4,5.2,4.2,2,2,1,Technical,Software Developer
7.39,8.1,7.4,7.1,6.1,6.2,1.7,3.0,6.8,4.4,5.8,4.1,7.8,9.0,7.8,7.4,6.9,5.1,3.3,5.0,3.5,5.6,8.3,2.5,4.4,0,4,0,Managerial,Software Developer
7.6,8.3,3.8,3.6,7.4,4.6,8.7,9.9,3.0,2.4,3.2,3.7,7.4,6.7,9.7,6.8,7.6,7.2,1.2,9.3,3.7,4.3,3.9,5.4,6.9,1,1,1,Analytical,Data Scientist
7.04,6.2,5.1,3.9,6.7,6.0,4.5,3.1,9.6,4.9,5.0,3.4,8.2,9.1,5.4,6.5,7.9,4.1,5.7,5.4,7.6,10.0,7.3,2.1,4.3,1,3,1,Technical,Cloud Engineer
7.79,8.7,4.7,7.4,6.6,5.0,8.0,9.2,6.3,2.1,4.5,3.5,10.0,9.9,10.0,5.6,8.4,10.0,3.6,7.2,3.0,7.6,7.6,1.5,4.7,2,1,0,Technical,AI Engineer
8.79,7.4,7.8,3.9,5.2,8.1,1.0,5.1,6.5,6.0,5.9,9.4,5.8,8.0,5.0,5.7,10.0,2.7,9.3,4.0,3.1,3.0,8.2,7.4,7.1,3,0,0,Creative,Web Developer
7.83,4.8,1.8,2.0,7.4,9.7,1.8,3.0,5.1,4.4,6.1,6.9,6.7,10.0,8.0,6.9,9.3,6.4,10.0,2.7,4.1,3.1,6.9,8.0,5.2,3,4,1,Creative,Web Developer
8.22,3.9,4.9,0.2,7.3,2.6,4.2,6.9,6.0,2.0,4.0,6.2,8.8,8.7,7.0,7.4,8.9,3.2,2.8,7.7,3.7,4.2,5.9,5.7,9.3,2,2,0,Managerial,Business Analyst
8.65,5.9,5.0,4.0,8.5,9.4,4.3,2.2,4.5,3.2,5.0,7.7,6.8,9.2,2.2,8.6,7.3,4.4,8.0,3.7,4.2,6.1,9.0,6.4,4.9,2,3,0,Creative,Web Developer
8.06,6.4,4.3,1.7,8.8,2.5,3.9,9.1,6.2,1.9,1.8,7.9,9.8,8.2,7.6,8.6,8.8,2.6,3.5,8.2,5.3,6.2,4.6,5.0,9.0,2,0,1,Managerial,Business Analyst
7.89,7.7,4.3,7.7,5.2,2.5,8.7,7.4,7.3,0.9,6.4,4.5,9.4,7.3,10.0,5.9,4.3,10.0,3.1,10.0,4.3,8.8,6.3,4.4,4.1,0,0,1,Analytical,Machine Learning Engineer
8.2,4.6,4.2,1.0,6.7,10.0,1.0,3.3,4.1,6.0,5.4,8.4,7.8,8.8,7.2,7.5,7.4,3.0,10.0,4.4,1.6,4.7,8.5,9.8,3.8,1,3,1,Creative,Web Developer
8.38,5.0,7.8,4.2,7.1,4.7,3.9,5.9,10.0,7.7,8.5,3.4,7.0,6.0,5.9,7.7,8.2,1.4,4.4,4.6,5.6,8.4,7.5,2.8,6.5,0,3,1,Technical,Cloud Engineer
8.46,6.4,5.8,3.0,7.7,10.0,2.4,3.6,6.1,4.8,6.5,8.5,9.4,7.4,6.4,7.3,6.2,2.9,10.0,4.2,5.1,4.8,8.2,8.5,4.7,2,5,1,Creative,Web Developer
7.8,10.0,4.3,3.8,7.8,2.7,8.7,8.4,4.8,2.9,3.4,4.3,9.3,7.8,8.5,6.5,8.2,6.5,2.3,9.8,2.3,4.3,5.7,1.5,7.0,4,1,0,Analytical,Data Scientist
7.62,8.9,4.4,8.5,5.4,4.5,10.0,9.2,6.4,5.3,5.3,4.0,10.0,8.7,9.9,6.8,6.4,10.0,4.6,6.5,3.7,5.7,5.7,3.3,5.4,1,2,0,Technical,AI Engineer
6.83,9.7,5.9,5.8,5.4,6.4,3.0,4.5,8.1,7.3,8.2,4.0,8.4,10.0,6.8,7.2,8.1,7.3,5.5,3.7,6.3,9.0,8.1,3.3,4.9,1,2,1,Technical,Cloud Engineer
6.11,10.0,1.8,5.3,7.1,6.9,9.3,7.8,4.0,3.5,1.9,4.8,7.0,7.4,5.9,7.6,7.3,8.5,1.1,10.0,2.8,4.4,5.9,3.5,7.5,2,3,1,Analytical,Data Scientist
7.89,7.3,8.0,6.7,5.6,7.0,4.7,3.6,5.4,2.7,4.6,3.5,9.7,8.9,5.5,4.1,5.9,4.2,6.4,4.8,2.0,5.6,9.0,4.5,4.7,4,1,0,Technical,Software Developer
9.08,6.4,6.2,7.3,5.7,4.5,4.4,5.6,5.6,10.0,7.0,2.7,7.9,9.3,6.9,7.6,8.8,5.1,4.3,3.4,9.8,6.8,4.8,0.8,4.9,2,0,0,Technical,Cybersecurity Analyst
8.16,8.6,4.7,4.2,9.3,3.7,8.5,7.3,6.8,2.0,4.3,4.9,10.0,8.7,10.0,7.5,6.4,10.0,1.7,10.0,4.8,4.4,5.7,2.5,7.7,4,3,0,Analytical,Data Scientist
6.83,4.5,1.6,2.0,8.2,4.4,4.2,7.1,3.4,0.3,3.8,5.8,6.6,9.2,6.3,10.0,8.8,3.9,3.4,7.4,2.0,3.8,4.6,7.6,10.0,1,5,1,Managerial,Business Analyst
7.22,3.5,3.1,1.9,5.8,9.4,1.2,0.5,3.5,3.1,3.2,8.4,5.6,6.5,6.8,4.4,7.4,2.8,9.2,3.1,0.0,2.7,5.0,9.7,8.1,2,2,1,Creative,UI/UX Developer
7.4,7.4,5.3,1.9,6.1,9.7,2.6,3.9,4.5,3.4,5.0,6.7,6.7,6.0,5.4,6.2,7.3,3.8,10.0,3.2,4.1,4.6,8.2,7.9,2.8,2,1,1,Creative,Web Developer
6.88,7.0,2.3,1.4,7.1,4.7,3.5,8.7,3.1,1.8,2.5,5.5,8.7,7.3,7.2,8.6,9.0,2.7,3.9,7.5,3.2,5.0,3.8,5.7,8.2,4,2,0,Managerial,Business Analyst
6.48,8.8,4.6,8.7,8.0,5.0,8.7,7.8,7.9,5.1,6.4,5.2,8.3,10.0,9.8,6.3,7.3,9.8,3.8,7.8,2.3,6.2,7.2,2.9,4.1,3,3,1,Creative,AI Engineer
7.49,4.6,3.6,1.2,8.0,2.6,5.0,9.1,3.4,4.1,4.2,6.6,10.0,7.4,6.2,10.0,9.4,3.1,5.3,6.3,4.2,6.0,4.5,7.6,8.9,0,5,1,Managerial,Business Analyst
7.59,7.7,4.7,4.6,6.9,6.5,3.4,3.1,10.0,8.0,8.8,3.8,8.7,8.3,6.2,7.9,9.1,3.7,6.9,5.3,3.4,9.3,5.5,3.6,5.1,1,1,0,Managerial,Cloud Engineer
8.74,10.0,4.9,6.0,7.5,3.5,7.5,9.1,4.3,5.2,6.4,2.9,9.6,9.6,8.1,6.5,9.9,10.0,6.4,7.8,3.2,7.5,6.9,3.7,4.0,1,4,0,Technical,AI Engineer
7.97,7.4,4.5,3.4,7.7,9.1,2.1,3.7,6.4,1.3,5.8,7.7,6.9,9.0,4.7,7.1,9.4,1.9,10.0,5.1,5.2,5.4,6.9,9.0,4.3,1,3,1,Creative,Web Developer
8.56,9.4,5.6,6.9,7.2,3.2,8.3,8.7,5.3,2.7,6.3,1.3,10.0,9.7,9.0,6.1,8.3,9.9,5.1,9.7,3.0,5.5,6.4,3.1,2.0,1,2,0,Technical,Machine Learning Engineer
7.58,5.6,1.6,1.2,7.9,3.5,4.6,7.6,3.3,1.9,2.2,4.5,10.0,8.5,5.5,9.3,9.3,5.2,3.4,7.6,1.6,1.5,3.6,6.9,8.4,0,2,0,Technical,Business Analyst
8.58,6.5,4.8,2.3,6.9,7.5,3.1,1.3,4.8,5.4,5.0,7.0,6.0,10.0,4.5,8.9,7.5,4.2,9.3,2.2,3.1,6.4,5.6,7.8,6.9,2,5,0,Creative,Web Developer
7.56,7.4,4.4,5.8,5.1,5.0,4.4,4.6,5.5,9.9,6.8,2.3,8.9,9.5,6.1,5.4,7.9,6.7,2.8,6.7,9.4,7.6,4.6,1.9,6.0,1,1,0,Technical,Cybersecurity Analyst
8.67,9.9,2.9,5.3,8.2,2.1,7.4,10.0,8.0,2.8,4.5,5.3,7.1,9.3,10.0,7.9,8.5,8.7,4.2,9.3,1.3,6.0,6.4,3.8,5.5,6,4,0,Analytical,Data Scientist
7.23,7.4,1.9,4.6,7.9,5.4,6.2,9.4,6.5,4.2,4.3,5.0,8.8,7.7,8.6,7.0,8.3,9.9,3.9,9.1,0.7,5.9,5.9,4.3,7.5,1,1,0,Managerial,Data Scientist
7.22,10.0,3.9,5.7,8.3,3.0,10.0,8.8,5.5,4.2,6.9,1.3,9.0,8.6,8.9,6.3,7.4,8.8,3.9,7.0,3.1,6.0,5.9,3.1,6.8,2,3,1,Managerial,Machine Learning Engineer
9.18,8.3,7.0,7.1,7.9,5.4,4.6,5.2,5.8,2.7,4.7,4.7,6.9,8.3,7.8,5.9,6.1,2.0,5.6,4.9,3.0,5.0,8.8,3.3,4.9,3,3,0,Technical,Software Developer
8.32,7.0,2.6,4.2,6.5,1.3,9.1,8.9,6.0,3.3,3.9,3.3,9.1,10.0,8.4,6.4,5.8,7.5,3.2,6.6,3.5,5.7,3.0,2.9,7.1,2,2,1,Technical,Data Scientist
7.95,9.2,7.3,7.8,6.3,6.5,8.9,5.6,5.3,3.8,6.3,4.4,8.0,8.8,8.1,8.2,8.4,10.0,4.4,10.0,3.2,7.2,6.3,4.1,5.3,3,2,1,Technical,AI Engineer
6.63,10.0,3.4,7.9,7.4,3.7,6.7,7.8,7.9,5.6,4.2,3.2,10.0,9.3,9.3,7.6,7.0,9.2,3.8,9.6,4.8,7.4,5.4,2.9,7.3,1,2,1,Technical,AI Engineer
8.77,8.1,4.7,4.2,8.0,5.6,6.5,7.4,4.3,1.1,3.2,4.8,7.8,8.1,7.1,6.6,6.5,9.2,1.2,8.5,4.2,4.5,2.7,5.4,7.8,2,2,0,Analytical,Data Scientist
8.04,8.1,5.9,6.1,5.4,4.4,8.1,6.7,6.9,2.6,6.1,3.9,7.3,9.3,9.2,7.5,7.1,9.9,4.4,8.3,4.4,8.7,8.9,3.4,4.3,2,1,1,Technical,AI Engineer
8.14,6.6,5.5,2.9,6.0,8.4,2.1,5.8,3.5,3.1,4.1,9.2,7.8,6.8,6.1,7.1,7.6,4.7,9.0,4.2,4.7,4.0,7.4,7.9,7.4,2,3,0,Creative,Web Developer
7.83,8.2,7.0,7.6,6.1,4.0,8.8,8.6,5.1,2.2,6.2,2.0,10.0,7.9,10.0,6.3,7.1,9.9,3.9,9.8,3.7,5.9,6.0,3.4,6.0,2,3,1,Technical,Machine Learning Engineer
9.23,8.4,3.7,4.5,7.0,5.6,3.4,3.8,7.1,6.4,7.3,4.4,8.2,8.9,4.6,6.5,7.3,3.6,5.7,4.9,6.5,8.6,7.0,4.7,3.1,3,1,0,Technical,DevOps Engineer
9.5,9.0,5.7,3.7,7.2,6.2,3.7,5.2,7.7,7.2,7.9,1.4,10.0,7.5,5.3,4.3,9.4,4.4,8.8,3.1,6.6,8.5,7.1,3.7,5.3,0,5,1,Technical,DevOps Engineer
7.57,9.7,5.2,5.3,7.8,6.0,8.5,7.8,8.2,7.7,6.6,3.9,9.9,10.0,9.6,5.6,7.2,9.8,2.4,8.7,2.8,8.5,6.6,4.5,4.2,3,3,1,Managerial,AI Engineer
8.87,9.2,4.0,5.3,6.1,4.5,9.0,6.0,7.2,2.0,6.1,3.3,9.7,10.0,6.4,7.7,8.2,10.0,3.4,9.2,3.4,5.8,7.5,3.4,6.0,1,1,1,Technical,AI Engineer
7.85,9.5,5.6,8.2,7.3,4.8,9.1,8.5,7.8,2.4,5.8,1.5,7.0,8.4,8.9,6.5,5.0,10.0,3.2,8.5,3.3,6.5,8.0,3.1,5.2,1,2,0,Managerial,AI Engineer
8.77,6.7,4.3,6.7,6.9,6.2,1.8,5.7,9.5,4.5,8.5,1.9,8.1,8.8,6.7,5.0,7.8,5.4,5.8,5.6,7.1,7.3,7.9,2.4,4.7,2,3,1,Technical,Cloud Engineer
8.14,9.6,6.4,7.6,6.1,6.6,8.7,6.0,6.3,3.0,7.1,2.6,10.0,9.0,9.3,8.0,8.2,9.2,5.2,8.2,4.5,5.2,8.2,2.4,6.5,2,4,1,Technical,AI Engineer
7.66,8.0,6.2,4.9,6.5,6.1,3.0,4.2,7.8,9.0,6.5,0.6,9.1,7.7,5.3,6.7,7.9,5.5,4.9,4.5,7.8,7.1,5.9,2.3,4.6,5,3,1,Technical,Cybersecurity Analyst
7.34,8.6,4.4,8.3,7.3,5.5,9.7,5.8,7.8,4.2,3.5,4.2,8.5,10.0,8.7,7.6,7.5,8.3,5.5,7.1,3.0,8.1,7.7,5.9,3.8,6,7,0,Technical,AI Engineer
7.8,5.5,3.6,3.5,7.0,9.9,1.4,3.7,4.2,5.4,3.9,5.6,6.9,6.8,6.2,8.1,8.8,1.7,10.0,3.7,4.8,6.0,7.3,7.0,5.4,0,3,1,Creative,Web Developer
7.71,8.8,6.0,6.6,3.9,4.6,9.1,8.5,7.9,5.8,6.3,5.9,10.0,9.1,10.0,6.0,6.7,9.3,3.8,8.9,5.2,7.9,6.8,4.2,6.3,0,1,0,Technical,AI Engineer
8.41,5.6,2.1,0.0,8.4,4.1,4.0,6.1,5.1,3.1,3.2,5.3,9.2,7.2,7.5,8.1,8.3,4.7,1.0,10.0,3.3,5.5,1.3,4.8,8.0,1,2,1,Managerial,Business Analyst
8.28,4.5,3.5,1.8,7.7,3.6,2.0,8.5,3.8,2.9,5.0,5.2,7.2,7.7,8.5,8.2,10.0,7.6,5.5,6.6,1.8,4.9,3.8,5.7,9.0,1,2,0,Managerial,Business Analyst
6.52,5.6,5.2,3.3,7.6,10.0,2.7,3.2,2.6,6.5,6.9,8.9,7.7,7.9,6.0,7.9,8.9,3.2,9.1,3.2,4.6,6.1,9.4,8.3,7.0,2,4,1,Creative,Web Developer
7.6,7.5,3.8,10.0,4.9,5.1,9.3,8.3,5.3,4.3,4.5,2.5,9.0,10.0,9.2,6.0,6.7,10.0,2.7,9.7,3.4,5.5,6.0,0.3,6.9,2,1,0,Technical,Machine Learning Engineer
7.1,8.4,6.4,3.9,9.6,3.9,9.1,7.5,3.7,3.8,4.3,4.1,7.0,8.1,8.3,6.9,7.3,9.3,3.3,9.2,3.1,4.8,4.1,4.1,7.8,0,2,1,Analytical,Data Scientist
8.71,7.5,7.8,5.8,6.1,6.8,2.2,3.7,8.3,7.1,6.5,3.4,7.9,9.5,7.5,7.0,5.8,3.7,5.1,3.9,6.7,8.4,6.7,3.0,4.7,1,0,1,Technical,DevOps Engineer
7.23,4.0,2.4,1.5,4.9,8.3,3.0,2.5,3.8,1.0,2.7,9.3,8.3,5.7,4.4,8.8,8.4,4.3,7.4,4.8,1.5,2.7,5.4,10.0,6.2,2,4,1,Creative,UI/UX Developer
6.08,6.5,4.1,3.9,8.3,8.5,2.4,3.8,5.2,6.4,4.7,5.4,7.3,10.0,6.4,7.6,6.7,3.9,10.0,4.7,5.6,3.6,8.8,5.7,4.9,4,3,1,Analytical,Web Developer
7.88,6.3,3.9,6.5,6.1,9.7,2.4,4.5,9.6,5.8,8.9,2.8,8.1,8.9,6.6,4.8,8.1,4.4,6.5,5.8,6.9,8.5,8.0,5.5,4.8,2,1,0,Technical,DevOps Engineer
9.11,7.5,4.9,4.2,8.1,6.4,2.5,2.1,8.8,6.5,8.8,2.3,9.9,9.7,7.2,5.1,7.7,5.6,6.0,3.2,5.6,10.0,5.4,3.0,3.2,2,2,1,Technical,DevOps Engineer
7.44,6.0,6.0,5.6,6.8,6.7,2.8,3.7,8.4,5.7,7.7,3.6,9.1,10.0,5.9,7.4,7.7,3.8,5.8,4.1,8.0,8.0,7.4,2.3,3.4,2,3,0,Technical,DevOps Engineer
9.39,6.1,4.6,3.7,6.9,8.5,2.7,3.7,5.1,4.7,4.3,7.3,6.0,7.7,5.3,8.7,6.4,3.5,8.9,4.2,2.6,5.0,8.1,9.0,4.1,0,0,1,Creative,Web Developer
7.57,4.0,2.0,0.9,5.0,9.6,2.2,4.1,4.2,1.6,2.7,8.5,7.3,6.7,5.1,9.0,9.1,2.3,9.2,5.7,2.0,4.5,3.7,9.6,4.3,2,4,1,Creative,UI/UX Developer
7.25,4.7,0.9,4.1,8.0,4.3,1.9,8.5,5.7,2.9,3.4,5.7,8.5,8.0,6.7,9.4,9.0,4.9,3.4,9.2,5.1,4.8,4.6,5.6,10.0,1,2,1,Managerial,Business Analyst
7.12,9.4,3.0,3.4,6.1,8.0,1.0,4.7,6.3,3.3,6.0,6.4,7.1,8.7,4.9,6.7,8.0,4.0,8.3,6.0,3.1,6.0,8.7,7.1,5.5,3,1,0,Creative,Web Developer
8.63,7.3,4.8,6.5,6.8,4.0,9.7,8.1,8.4,3.7,8.2,4.2,10.0,7.3,8.7,6.9,6.7,9.7,2.9,10.0,3.5,6.9,6.6,4.7,5.9,3,2,1,Technical,Machine Learning Engineer
8.01,5.5,5.0,5.1,7.9,6.7,2.7,4.4,7.7,6.4,8.0,3.1,9.5,10.0,9.4,9.4,6.8,6.3,7.5,5.1,7.9,7.5,8.1,1.1,4.3,2,2,1,Technical,DevOps Engineer
8.6,9.3,5.7,5.7,5.0,3.1,9.5,10.0,5.4,3.4,5.7,3.0,6.9,10.0,8.5,7.5,6.7,9.7,5.2,8.6,3.7,5.6,6.9,1.9,4.2,3,4,0,Technical,Machine Learning Engineer
8.68,4.8,3.2,2.3,6.7,1.8,5.7,9.1,3.0,1.3,1.7,5.1,8.8,8.8,6.8,7.6,8.1,6.0,3.4,10.0,4.0,2.2,5.7,6.4,6.7,1,3,0,Analytical,Data Analyst
9.3,6.0,2.9,1.6,8.8,4.4,1.8,9.0,3.3,3.2,1.8,8.2,6.8,9.1,8.4,9.5,9.3,3.7,3.3,6.8,3.6,5.0,3.2,6.3,9.6,1,2,0,Managerial,Business Analyst
9.74,7.2,2.4,2.4,6.6,9.8,3.2,3.8,3.6,5.6,5.9,7.0,10.0,7.7,6.9,10.0,8.0,3.4,10.0,3.6,5.5,5.9,9.1,7.1,6.1,3,1,0,Creative,Web Developer
7.09,8.6,7.1,4.2,5.6,4.6,1.3,5.5,10.0,6.7,8.1,4.0,9.1,8.3,6.7,7.3,8.0,3.8,7.2,3.2,5.4,6.9,5.9,3.8,6.1,1,1,1,Technical,DevOps Engineer
8.13,4.8,3.6,2.6,8.1,2.4,5.2,9.5,4.3,2.1,1.4,5.3,7.4,8.9,8.3,7.8,8.4,4.8,3.4,9.2,1.8,5.7,3.4,8.0,10.0,0,3,0,Managerial,Business Analyst
9.37,8.5,7.1,4.9,5.7,6.3,3.5,6.1,9.3,6.5,7.0,4.4,7.1,8.7,8.0,7.1,7.8,2.9,4.5,3.7,7.5,8.4,7.5,1.6,5.4,3,2,1,Technical,Cloud Engineer
6.51,7.2,4.0,3.0,8.1,10.0,3.5,4.0,7.4,2.6,7.3,7.8,8.0,6.8,4.6,7.0,7.9,4.0,9.8,2.9,4.5,3.3,9.6,7.4,5.2,1,3,1,Creative,Web Developer
7.73,7.9,5.2,6.0,6.1,4.4,5.4,4.9,7.4,8.9,7.5,3.8,8.4,9.2,7.2,7.0,6.7,4.6,5.0,4.2,9.9,5.2,6.2,1.6,6.5,4,2,1,Technical,Cybersecurity Analyst
6.81,5.8,7.7,5.9,7.2,3.9,4.1,4.5,5.5,1.6,4.6,5.3,7.4,7.3,6.3,6.4,6.1,5.4,5.9,3.4,2.6,5.5,9.5,3.1,1.5,2,3,1,Technical,Software Developer
6.0,7.5,1.8,6.6,8.2,1.9,7.5,7.8,5.3,2.3,7.1,2.5,7.4,6.7,10.0,7.7,6.5,9.6,3.5,9.1,2.6,5.9,8.0,4.6,5.8,0,2,0,Technical,Machine Learning Engineer
7.89,6.6,5.5,2.3,8.6,4.0,3.9,7.6,5.0,1.6,4.5,6.4,5.4,7.6,8.7,6.1,7.9,5.7,2.9,9.4,3.3,2.4,4.9,5.5,9.4,2,6,1,Analytical,Data Analyst
8.23,4.8,2.3,1.8,5.4,1.5,0.8,8.9,5.5,3.2,2.2,5.9,7.3,7.5,8.3,8.0,9.1,5.5,3.9,7.6,2.0,4.0,3.6,7.6,7.9,0,3,0,Managerial,Business Analyst
8.01,9.2,6.5,2.8,5.9,6.2,1.0,3.6,9.5,6.7,8.0,3.6,8.4,9.9,4.8,6.4,5.9,3.0,7.5,5.1,8.7,7.7,8.9,4.2,4.7,2,3,1,Technical,DevOps Engineer
6.96,10.0,4.0,5.0,8.8,2.0,7.8,8.6,5.2,3.3,4.2,4.9,8.5,8.6,7.4,6.8,6.4,8.0,2.6,9.7,4.9,3.5,4.8,3.0,5.5,2,2,0,Analytical,Data Scientist
7.41,10.0,3.3,6.5,5.5,2.7,9.9,7.8,9.0,2.9,4.1,4.5,8.6,8.5,10.0,7.2,8.0,8.8,3.2,7.6,4.7,7.1,8.0,0.6,2.9,1,2,1,Technical,AI Engineer
8.31,4.6,3.7,2.7,3.1,8.4,2.1,4.6,2.4,2.6,4.5,8.0,4.5,7.8,4.9,10.0,10.0,5.0,7.0,5.7,2.8,3.8,4.1,9.0,6.6,3,3,1,Creative,UI/UX Developer
7.35,6.1,4.2,2.8,6.8,8.4,2.6,4.5,4.7,3.9,5.7,10.0,7.3,6.1,5.0,8.2,9.7,3.0,9.5,3.5,3.2,6.7,9.3,8.4,4.5,3,2,0,Creative,Web Developer
6.28,9.0,5.7,7.7,6.1,3.3,9.2,9.1,5.1,2.1,8.0,4.3,8.0,8.6,10.0,7.5,6.9,10.0,3.5,8.7,3.2,7.3,8.3,3.2,5.6,5,2,1,Technical,Machine Learning Engineer
8.29,7.9,7.7,8.3,4.2,6.8,3.3,2.9,3.4,4.1,6.5,3.7,7.1,8.7,9.0,7.0,7.6,5.3,6.5,3.1,2.1,4.0,7.8,4.7,4.9,3,3,1,Technical,Software Developer
6.0,5.6,2.7,2.6,9.0,3.5,4.1,8.6,3.2,2.8,2.0,5.9,8.2,7.5,6.8,6.5,6.8,4.6,0.4,9.3,3.0,4.6,3.5,5.1,7.4,2,6,1,Analytical,Data Analyst
7.24,8.9,5.3,3.8,8.3,6.0,3.5,6.4,8.9,4.7,9.9,3.3,7.1,9.1,8.3,7.4,8.5,5.1,7.6,3.7,7.3,7.4,8.4,3.8,3.8,1,4,1,Managerial,DevOps Engineer
7.24,10.0,4.0,5.4,7.6,4.2,7.7,7.6,3.5,3.4,4.3,4.9,8.7,10.0,9.2,8.6,6.6,7.5,3.8,8.9,3.9,5.4,4.1,5.2,6.0,4,3,1,Analytical,Data Scientist
6.84,5.8,2.9,2.3,10.0,3.0,5.5,9.8,4.1,0.8,1.4,5.1,7.4,8.5,8.3,7.8,6.2,5.6,1.9,8.7,0.9,3.8,5.3,5.0,7.5,0,4,1,Analytical,Data Analyst
6.17,8.0,5.4,4.7,6.6,8.0,3.3,3.9,8.6,6.2,10.0,2.9,7.9,9.0,8.1,6.0,9.9,3.1,6.9,4.7,8.1,8.7,6.7,4.1,5.4,1,5,0,Technical,DevOps Engineer
8.32,5.7,4.1,0.4,6.3,5.7,5.9,8.8,4.7,2.9,3.5,6.8,10.0,8.7,6.7,8.1,7.3,4.6,4.6,9.5,4.8,5.1,3.3,7.4,8.1,1,1,1,Managerial,Business Analyst
7.99,6.5,2.0,1.5,5.0,6.1,3.0,6.9,3.7,3.3,4.3,5.1,8.2,8.8,6.0,9.3,9.1,4.9,1.1,8.3,3.1,4.4,2.2,6.2,8.3,1,3,1,Managerial,Business Analyst
7.46,8.9,4.1,8.8,7.2,4.9,8.5,9.7,5.7,3.4,6.0,3.3,8.2,9.6,8.8,6.3,5.8,9.4,3.9,9.5,3.2,5.4,5.6,4.3,4.8,1,1,1,Technical,Machine Learning Engineer
7.4,7.4,5.6,1.9,4.6,6.0,3.2,5.0,7.8,6.7,9.2,2.1,9.2,9.0,9.0,8.2,6.3,5.0,4.9,5.6,6.2,8.8,8.4,3.5,5.9,1,3,0,Technical,DevOps Engineer
6.08,10.0,2.6,7.2,8.5,5.6,8.4,7.6,8.1,5.0,5.9,3.2,9.5,10.0,8.6,5.0,6.9,8.1,6.1,7.0,3.9,6.2,6.9,4.4,6.2,2,2,1,Technical,AI Engineer
8.72,7.3,4.4,2.9,7.7,4.6,1.8,3.8,6.9,7.9,8.7,3.1,8.2,9.6,5.5,7.7,9.0,3.8,7.3,3.9,7.8,6.6,5.8,2.8,2.6,1,1,1,Technical,DevOps Engineer
8.32,9.3,6.3,6.7,7.3,4.4,9.3,9.4,7.4,2.0,6.4,3.0,10.0,8.6,7.4,7.0,7.5,9.4,3.8,9.5,2.6,6.1,6.9,4.2,5.3,3,3,1,Technical,Machine Learning Engineer
7.94,9.2,5.1,7.7,5.7,3.4,9.1,9.1,7.9,2.6,5.7,4.3,10.0,10.0,8.8,7.9,7.3,9.4,4.1,8.1,5.3,5.5,8.0,5.2,6.6,2,5,0,Technical,AI Engineer
8.55,9.0,5.3,5.4,6.8,5.6,2.1,4.1,8.5,4.7,8.3,3.8,8.0,9.0,5.3,7.1,8.1,4.3,6.1,4.2,8.6,9.0,8.6,2.8,2.2,4,1,1,Analytical,DevOps Engineer
9.08,5.9,2.5,2.2,5.4,8.9,3.3,5.8,5.1,1.6,3.3,7.3,9.6,9.1,4.1,5.8,5.3,4.7,8.8,2.8,5.1,3.9,6.9,8.2,4.8,2,2,1,Creative,Web Developer
7.83,7.9,5.6,6.6,8.3,5.8,1.7,1.8,10.0,6.1,9.2,2.3,7.8,9.1,6.3,5.2,8.3,3.0,7.3,3.5,5.6,7.8,5.1,3.7,6.8,2,3,0,Technical,DevOps Engineer
6.77,8.3,4.1,7.0,7.1,4.3,4.9,2.6,5.4,8.3,6.7,3.2,8.7,8.7,8.4,6.6,6.5,4.3,3.9,5.7,8.1,6.3,7.0,2.2,3.8,2,4,1,Technical,Cybersecurity Analyst
7.79,8.7,2.1,3.2,9.7,2.6,9.5,8.9,6.1,3.7,4.0,3.4,7.7,8.1,10.0,6.0,6.7,6.8,2.4,8.9,4.5,6.7,3.0,2.3,6.8,1,0,0,Analytical,Data Scientist
6.03,6.2,2.5,4.3,7.3,9.2,4.2,4.3,6.0,1.8,4.5,8.6,7.4,8.5,6.2,8.6,6.6,2.2,9.3,3.9,3.4,4.9,6.5,6.6,4.2,4,1,1,Creative,Web Developer
7.39,5.7,6.5,4.1,6.8,6.2,3.9,4.6,8.9,4.9,8.4,2.7,9.5,9.2,7.9,7.5,8.7,4.5,8.3,3.0,7.7,8.5,6.3,2.5,4.2,3,2,0,Technical,Cloud Engineer
8.27,5.0,3.4,1.4,7.5,3.8,4.6,10.0,3.9,1.8,4.3,5.0,6.8,6.5,7.1,8.7,8.9,5.9,3.6,10.0,2.7,3.0,3.8,4.4,9.4,1,3,0,Analytical,Data Analyst
7.37,4.0,2.0,1.7,4.4,8.7,3.1,3.5,1.5,3.7,2.1,10.0,8.2,8.8,5.4,9.1,7.1,2.5,9.4,1.4,2.9,1.6,4.0,8.6,5.8,2,3,1,Managerial,UI/UX Developer
7.29,3.9,2.0,4.5,3.2,8.6,2.0,3.9,4.1,2.1,1.4,9.2,6.2,7.5,4.2,8.1,7.9,4.5,8.2,3.7,2.1,1.2,4.4,10.0,6.1,3,5,0,Creative,UI/UX Developer
8.45,5.0,0.8,3.5,5.5,6.2,2.1,3.3,4.2,1.8,4.6,10.0,5.7,7.6,5.3,9.1,8.6,4.5,8.8,3.9,1.9,2.4,4.6,10.0,6.5,1,3,1,Creative,UI/UX Developer
6.4,6.8,4.4,4.9,8.3,4.4,7.9,8.3,5.6,3.2,1.4,3.0,9.6,7.6,8.7,7.4,5.5,10.0,3.0,8.1,3.7,4.7,5.1,5.5,6.4,4,1,1,Creative,Data Scientist
8.1,4.9,5.1,0.6,8.2,7.3,2.9,2.6,4.5,3.0,2.7,7.0,6.2,6.4,5.5,7.2,8.1,4.5,8.2,2.0,4.8,4.6,10.0,5.7,5.4,3,2,0,Creative,Web Developer
7.61,9.1,8.6,8.0,5.2,6.7,2.0,2.8,4.6,3.4,4.8,2.4,9.1,9.7,4.9,7.6,6.1,4.9,5.9,4.0,3.8,6.3,7.6,4.7,5.2,2,5,0,Technical,Software Developer
9.25,5.8,5.5,7.7,7.8,4.8,4.0,4.4,4.8,9.0,6.5,0.8,10.0,8.5,8.9,7.7,8.4,3.2,5.9,4.3,9.6,7.2,6.2,2.1,5.1,2,1,0,Technical,Cybersecurity Analyst
8.3,2.4,0.6,1.5,4.2,8.5,1.3,1.4,4.4,1.2,3.6,8.4,4.7,6.5,5.6,6.6,8.2,3.4,8.0,2.1,1.8,2.2,3.9,10.0,7.6,1,4,1,Creative,UI/UX Developer
7.01,6.7,6.7,7.4,6.3,6.0,5.2,5.1,5.9,10.0,4.4,2.7,8.2,9.1,7.5,6.2,6.2,4.4,6.2,4.4,9.2,7.0,7.6,2.8,2.8,1,8,0,Technical,Cybersecurity Analyst
7.31,5.2,2.5,3.1,4.0,9.2,3.9,4.1,2.2,2.3,3.1,9.1,5.6,9.5,4.7,5.9,7.8,2.7,8.2,1.9,1.4,3.3,4.0,10.0,6.5,0,6,0,Creative,UI/UX Developer
7.36,6.9,7.6,4.7,6.4,4.9,3.5,4.5,9.9,5.9,7.1,2.5,7.9,8.0,6.5,5.9,7.4,5.3,7.4,6.1,6.4,9.3,7.9,2.9,6.5,2,4,0,Technical,Cloud Engineer
7.15,5.2,4.1,0.1,5.7,7.3,4.2,2.3,3.9,3.9,5.2,7.9,6.8,7.8,7.6,7.4,8.1,5.0,10.0,1.5,4.4,5.0,9.9,6.8,4.0,6,1,1,Creative,Web Developer
6.43,8.1,3.7,0.6,6.0,1.9,4.2,10.0,4.6,0.0,2.2,4.9,8.3,6.1,7.4,7.2,6.3,5.3,3.9,10.0,2.6,3.5,4.8,5.3,8.1,1,2,0,Analytical,Data Analyst
8.13,6.9,5.7,2.4,8.0,5.1,4.8,6.0,10.0,6.2,8.9,3.5,9.0,7.3,6.1,7.0,7.8,4.2,5.0,3.8,7.5,10.0,8.4,2.6,4.2,1,1,1,Technical,Cloud Engineer
7.65,6.2,4.4,2.1,7.6,4.5,5.5,10.0,3.6,1.5,1.8,4.4,7.6,8.3,6.5,7.3,9.4,1.8,3.5,8.1,1.1,5.6,4.1,7.9,8.7,3,2,1,Managerial,Data Analyst
8.16,5.2,6.2,2.5,6.4,9.1,3.6,4.2,3.0,4.6,6.1,8.7,9.1,10.0,6.1,7.1,7.1,2.7,9.0,2.9,2.8,5.2,7.9,8.1,3.9,1,3,0,Creative,Web Developer
7.48,8.2,4.3,4.3,10.0,2.0,5.5,10.0,3.6,2.5,0.9,2.9,6.1,7.9,8.0,7.7,9.4,6.1,1.2,9.3,1.0,4.5,4.0,4.0,9.9,0,1,1,Analytical,Data Analyst
7.1,6.1,7.0,4.3,9.3,5.1,3.0,3.5,7.5,5.1,10.0,2.7,8.7,7.7,7.5,6.4,8.1,5.2,7.3,6.6,6.6,10.0,6.9,2.6,4.6,1,1,1,Technical,DevOps Engineer
8.76,9.7,4.1,5.8,5.9,6.0,9.5,7.8,8.5,1.7,5.9,4.9,7.9,8.0,8.8,6.4,6.6,9.7,3.4,7.6,3.1,6.8,7.7,3.6,4.3,0,1,0,Technical,AI Engineer
9.19,8.6,4.9,5.0,9.5,2.6,8.2,8.8,6.8,5.3,7.3,2.9,10.0,10.0,7.8,7.6,6.8,9.4,4.2,8.1,3.0,7.6,5.8,1.8,5.7,5,2,0,Technical,Machine Learning Engineer
6.48,5.1,1.8,0.3,3.8,7.9,2.1,3.5,3.6,2.2,5.5,8.7,5.0,6.0,6.2,6.6,9.5,5.8,10.0,3.0,2.7,4.0,5.0,8.3,6.4,4,0,1,Creative,UI/UX Developer
8.77,9.4,6.1,5.5,5.8,5.6,8.1,5.8,6.5,3.3,6.9,3.6,8.2,10.0,9.0,5.5,6.3,8.9,6.2,7.8,2.6,6.8,8.3,3.4,6.2,6,3,0,Technical,AI Engineer
7.01,9.9,5.9,6.5,6.4,6.7,1.8,5.1,8.0,5.7,9.1,5.6,9.2,7.9,6.2,7.3,9.8,3.4,5.9,1.9,7.0,7.3,8.5,2.2,4.9,1,3,0,Technical,DevOps Engineer
7.56,5.2,5.7,5.8,5.7,4.8,5.0,6.3,5.5,10.0,6.4,3.1,7.4,8.4,6.9,5.1,7.0,5.4,4.4,4.2,10.0,6.7,5.9,2.7,5.6,3,4,0,Technical,Cybersecurity Analyst
7.58,8.4,6.1,6.5,7.5,4.4,7.0,7.9,4.6,3.9,5.7,4.3,8.8,8.2,9.8,5.5,8.0,10.0,3.6,7.0,4.9,7.1,6.7,3.3,6.1,3,2,1,Technical,Machine Learning Engineer
8.11,7.3,4.3,7.4,6.9,5.3,10.0,7.4,6.5,4.4,6.3,2.3,7.7,10.0,9.3,7.9,7.6,10.0,5.4,10.0,4.6,7.1,8.6,3.3,3.7,2,2,1,Technical,AI Engineer
7.06,8.8,4.6,6.7,4.4,6.5,3.2,2.5,8.0,6.2,8.5,1.4,9.5,6.7,5.3,6.4,8.2,4.9,5.7,2.7,5.4,8.7,5.7,2.5,4.0,1,3,1,Technical,DevOps Engineer
8.11,6.9,8.0,5.6,5.7,5.5,2.4,4.2,4.1,5.2,5.0,4.0,7.6,8.7,7.9,5.5,6.3,3.7,4.5,3.1,3.5,6.0,9.3,4.2,4.9,2,4,0,Technical,Software Developer
9.29,5.9,6.8,7.0,7.6,4.7,3.9,5.6,6.7,8.7,4.5,4.2,6.6,8.9,7.1,4.1,7.2,4.5,5.1,5.6,7.9,7.3,5.2,2.0,4.9,0,3,1,Technical,Cybersecurity Analyst
6.84,8.4,6.0,8.1,7.5,5.3,7.2,9.8,5.6,3.8,5.8,3.3,9.0,10.0,10.0,7.5,6.9,10.0,2.1,7.9,3.2,6.2,6.7,3.8,5.0,2,2,1,Technical,Machine Learning Engineer
7.87,4.8,3.1,3.7,6.2,9.1,0.8,4.6,2.2,2.9,3.0,9.8,5.5,6.7,3.7,7.7,8.7,4.0,7.7,3.2,3.8,3.0,5.7,10.0,6.5,0,3,1,Creative,UI/UX Developer
7.86,8.1,5.2,1.8,8.8,4.3,4.0,8.1,6.1,1.8,3.2,3.2,7.4,9.6,8.0,8.0,9.0,3.2,2.5,10.0,1.9,3.9,5.3,6.4,6.6,2,0,1,Technical,Data Analyst
7.31,8.3,2.9,0.6,7.6,2.0,3.5,9.6,5.0,3.9,2.2,5.4,7.3,7.5,5.9,6.8,8.4,3.4,3.7,8.8,0.0,1.2,5.6,2.9,7.9,0,0,0,Analytical,Data Analyst
6.81,6.7,7.2,5.2,7.1,4.2,3.3,5.3,7.1,5.5,8.8,1.8,7.3,9.1,7.0,7.8,8.0,5.0,6.1,3.6,6.1,9.2,4.8,2.4,5.1,3,3,0,Managerial,Cloud Engineer
8.0,9.1,4.8,3.2,8.9,2.5,7.0,7.3,4.6,3.9,4.6,3.0,7.8,10.0,9.9,5.9,8.5,10.0,3.0,8.7,2.5,4.7,5.8,3.3,7.8,0,5,0,Analytical,Data Scientist
8.53,7.8,6.3,6.7,7.3,5.0,3.3,4.6,10.0,7.6,7.6,3.9,7.8,7.1,7.2,6.0,7.8,5.1,5.6,4.5,6.4,10.0,5.9,3.5,5.0,1,4,0,Technical,Cloud Engineer
7.77,9.1,3.3,3.7,9.1,4.2,8.5,8.7,5.5,2.5,4.0,4.5,8.4,9.0,8.1,6.8,6.2,7.9,4.4,9.8,1.8,5.5,4.6,3.2,5.4,2,3,1,Analytical,Data Scientist
7.52,8.6,6.2,7.5,6.2,4.3,9.5,6.1,8.8,3.3,5.5,3.0,8.0,7.1,9.1,6.5,7.3,7.6,4.5,8.3,2.1,5.5,9.2,2.5,6.7,1,3,1,Technical,Machine Learning Engineer
8.42,8.7,4.6,3.0,8.2,3.0,7.1,7.9,5.8,3.5,2.6,3.0,9.3,9.1,10.0,9.0,7.6,8.0,3.1,10.0,6.0,5.5,5.6,4.8,7.0,2,3,0,Analytical,Data Scientist
7.87,9.0,3.7,2.4,8.8,3.5,4.3,10.0,4.6,0.9,3.7,5.2,7.7,9.6,7.6,5.8,7.2,6.1,2.0,10.0,0.9,5.5,3.4,4.6,7.5,2,3,0,Analytical,Data Analyst
7.83,8.8,4.9,2.8,3.7,6.3,2.1,3.7,8.0,6.4,8.3,2.2,10.0,8.3,6.6,6.8,8.7,5.5,3.9,3.0,6.9,9.9,5.1,2.3,5.0,2,1,0,Technical,DevOps Engineer
7.44,6.6,4.2,3.6,7.1,3.2,3.6,5.1,10.0,5.7,6.3,0.9,8.6,7.4,5.9,6.9,8.8,1.9,5.3,5.9,7.1,9.4,8.5,3.2,4.0,5,3,1,Analytical,Cloud Engineer
7.99,9.7,6.5,4.5,6.5,3.4,8.1,6.4,6.3,4.3,5.1,3.1,9.5,10.0,9.2,6.4,7.3,10.0,4.1,9.4,3.1,7.8,6.9,2.2,4.5,3,2,1,Managerial,Machine Learning Engineer
7.46,7.7,5.2,7.0,5.3,4.5,7.5,8.9,8.1,5.9,8.9,1.7,8.8,10.0,10.0,7.9,5.8,9.8,5.2,7.6,3.2,6.7,6.9,3.8,3.4,2,1,1,Technical,AI Engineer
9.23,8.2,2.0,1.7,8.4,4.6,3.6,10.0,2.4,3.4,3.9,4.8,9.0,6.9,6.5,9.9,6.9,5.7,4.2,10.0,2.7,4.7,5.2,5.3,8.0,1,3,0,Analytical,Data Analyst
6.59,3.9,3.2,2.1,9.4,5.5,3.4,5.9,3.8,2.5,2.7,4.1,8.9,7.7,7.2,8.2,9.3,5.7,2.9,6.6,3.7,4.9,2.8,5.7,8.4,3,3,1,Managerial,Business Analyst
8.78,6.9,4.5,4.8,7.7,6.1,7.5,8.4,6.3,3.9,3.7,3.7,9.3,9.0,9.1,5.5,7.2,10.0,3.6,8.1,1.4,6.1,4.5,5.5,8.4,2,5,1,Analytical,Data Scientist
7.63,7.6,5.6,3.3,5.8,3.9,3.0,3.5,9.1,8.3,7.5,2.4,6.8,9.3,6.5,8.8,7.0,5.0,4.6,5.4,8.0,9.8,6.0,0.9,6.1,1,2,0,Technical,Cloud Engineer
8.02,8.3,5.1,6.5,6.0,5.3,8.9,7.4,5.3,1.4,6.3,1.5,9.8,9.0,10.0,6.7,6.2,7.4,4.9,7.1,3.1,8.3,8.2,3.4,6.0,3,1,1,Technical,Machine Learning Engineer
7.67,7.9,7.1,6.6,5.7,4.4,5.3,4.0,6.9,9.2,6.8,2.5,8.0,7.9,6.4,5.5,7.6,4.7,3.4,4.6,9.2,5.9,5.9,2.4,6.0,0,3,0,Technical,Cybersecurity Analyst
8.37,8.2,8.6,7.7,5.8,7.4,2.4,3.2,6.0,4.2,6.5,3.9,7.3,8.8,6.5,5.8,7.9,6.0,5.7,2.9,3.8,5.6,9.3,5.3,4.7,1,3,0,Technical,Software Developer
7.64,8.2,6.3,7.7,6.6,6.0,4.1,4.4,6.6,2.9,5.1,4.1,6.8,9.6,9.6,6.5,7.6,4.1,5.2,2.0,3.2,3.5,10.0,3.9,3.6,3,1,1,Technical,Software Developer
8.62,9.2,3.9,6.6,9.0,5.4,9.4,8.1,7.3,3.9,6.8,2.6,10.0,9.1,9.9,8.7,7.5,8.6,5.3,9.9,1.9,6.9,7.8,3.2,3.6,1,6,0,Technical,AI Engineer
6.49,10.0,6.0,5.5,7.2,6.4,1.5,2.7,9.3,7.1,9.5,4.0,8.0,6.7,7.3,6.4,9.7,5.6,6.5,5.3,6.4,7.5,7.2,3.0,5.5,0,2,0,Technical,DevOps Engineer
6.74,6.0,7.0,2.6,5.4,6.3,4.1,3.4,8.8,7.6,9.6,3.4,7.8,9.2,6.0,6.6,6.7,3.0,6.7,5.1,7.1,10.0,8.3,4.3,5.1,0,2,0,Managerial,Cloud Engineer
9.29,7.9,4.2,5.0,4.4,2.3,10.0,9.6,6.7,2.0,5.6,3.1,8.6,9.3,9.9,8.0,6.8,6.5,3.1,6.6,3.6,3.9,4.8,3.4,7.6,1,5,0,Analytical,Data Scientist
8.3,10.0,6.4,6.4,6.7,4.4,10.0,6.7,8.0,2.9,5.9,2.5,6.8,8.0,8.7,8.6,5.8,8.8,2.4,9.3,3.5,6.6,7.1,1.4,3.4,2,3,1,Technical,AI Engineer
8.7,10.0,4.2,7.2,6.8,4.8,10.0,8.8,5.8,3.4,8.0,1.5,8.3,9.8,9.9,7.2,6.3,10.0,4.5,8.9,3.4,6.6,6.5,5.7,5.2,2,3,1,Technical,Machine Learning Engineer
8.37,8.9,7.6,4.4,6.9,5.0,4.1,4.7,10.0,8.5,7.9,2.5,9.1,7.8,7.6,7.0,9.7,3.8,6.7,4.7,3.4,9.1,5.9,3.1,4.1,1,3,0,Technical,DevOps Engineer
8.79,9.5,3.6,5.6,7.3,4.4,10.0,9.8,6.2,4.2,5.4,0.2,7.9,8.5,10.0,4.7,7.8,8.8,4.5,8.5,2.5,7.6,8.0,3.0,5.3,1,4,0,Technical,Machine Learning Engineer
6.72,4.5,1.9,0.8,4.6,8.4,0.7,3.1,4.1,0.6,3.7,9.0,6.5,6.7,5.3,7.5,9.4,2.9,9.5,3.8,2.5,2.2,4.5,8.6,5.8,2,1,1,Creative,UI/UX Developer
8.9,9.1,1.9,8.1,5.4,4.5,9.6,9.1,8.2,2.8,4.5,3.7,9.6,9.8,10.0,6.4,7.1,8.1,5.4,9.3,3.9,6.2,6.3,3.8,3.8,5,2,1,Technical,AI Engineer
7.36,5.9,5.6,6.5,4.7,6.5,3.0,4.1,6.3,8.3,6.6,2.5,6.3,6.5,7.5,6.2,6.9,4.9,3.8,3.6,10.0,6.1,7.3,3.2,5.4,3,2,1,Technical,Cybersecurity Analyst
8.75,3.0,2.6,3.1,4.5,9.9,0.6,4.4,1.3,2.9,1.2,7.0,8.2,7.3,5.4,10.0,7.9,4.2,8.6,4.4,2.0,3.2,7.2,9.0,6.2,2,2,1,Creative,UI/UX Developer
7.94,4.5,7.5,3.8,7.3,6.1,2.0,3.9,7.4,4.9,7.8,3.5,9.5,7.9,5.2,7.1,7.4,4.4,6.2,7.3,7.1,7.9,6.6,1.3,6.1,0,2,1,Technical,Cloud Engineer
7.54,9.8,8.4,8.0,7.6,6.3,2.7,3.8,4.9,4.0,5.8,4.1,8.8,8.4,7.1,4.3,8.0,4.4,7.1,0.8,6.3,4.8,10.0,2.9,4.7,1,3,1,Analytical,Software Developer
8.74,9.7,5.0,3.7,7.5,2.5,6.6,9.3,6.2,3.5,0.9,3.8,9.2,9.9,9.3,7.7,6.3,8.9,2.7,8.2,1.7,4.0,5.4,2.5,6.7,1,5,1,Analytical,Data Scientist
7.47,7.0,5.1,7.8,7.0,6.7,5.8,4.5,8.3,6.6,10.0,0.2,9.6,10.0,5.0,6.0,7.2,3.9,7.1,4.0,8.1,9.5,7.9,2.9,3.9,2,5,1,Technical,DevOps Engineer
7.88,9.6,4.7,9.5,6.7,5.4,7.4,6.2,9.3,2.7,6.7,4.5,9.3,10.0,7.0,8.3,4.4,10.0,7.0,9.4,4.1,6.8,7.5,2.3,4.8,2,3,0,Technical,AI Engineer
7.06,4.1,2.3,2.6,4.2,8.2,1.6,2.3,1.2,2.4,4.0,8.7,6.3,6.9,4.8,9.6,7.1,5.6,7.9,4.2,1.7,3.0,4.5,9.8,7.1,0,3,0,Technical,UI/UX Developer
9.42,7.5,6.5,8.8,6.1,5.3,9.3,7.5,6.5,4.8,5.4,4.6,8.1,10.0,7.7,10.0,6.6,10.0,5.1,8.2,5.2,6.3,6.1,3.6,5.9,1,1,1,Managerial,AI Engineer
7.51,6.2,5.9,5.9,6.5,4.8,5.1,5.5,6.8,9.2,5.2,1.5,8.8,6.9,7.0,7.1,5.4,4.4,5.0,7.3,9.5,7.5,6.5,2.8,5.9,1,1,1,Technical,Cybersecurity Analyst
8.41,9.5,5.8,8.1,5.1,2.6,9.1,10.0,5.9,3.6,6.3,2.9,9.7,9.8,10.0,7.6,6.6,10.0,4.0,7.6,3.5,6.5,8.7,4.7,5.3,1,1,1,Technical,AI Engineer
8.39,3.5,2.0,1.8,2.9,8.1,4.2,4.7,4.5,1.1,4.9,10.0,6.2,6.5,4.1,9.3,8.3,3.8,9.2,6.5,1.9,3.0,7.9,10.0,6.6,3,3,0,Creative,UI/UX Developer
9.36,7.4,5.0,4.7,5.3,6.7,2.2,5.3,7.4,8.9,10.0,1.6,8.8,10.0,6.5,5.6,8.6,4.5,5.7,4.5,7.3,7.2,4.7,4.5,4.3,1,2,0,Technical,DevOps Engineer
6.47,5.6,1.5,3.5,6.7,4.1,3.9,6.8,4.4,2.3,1.7,5.3,7.6,9.4,7.1,7.0,9.8,4.3,3.7,8.4,4.3,3.9,3.3,3.8,9.4,2,3,1,Managerial,Business Analyst
7.0,8.3,6.9,2.9,6.6,5.1,3.6,4.9,8.5,7.6,10.0,1.9,6.6,7.1,8.6,5.8,7.7,4.1,5.4,3.7,4.2,9.8,7.7,4.6,4.6,0,3,1,Technical,DevOps Engineer
8.45,7.9,6.1,7.1,5.8,3.1,1.4,2.8,6.5,7.6,4.3,1.2,8.5,9.5,9.6,9.1,6.6,3.2,5.8,4.8,9.4,6.2,5.3,3.3,6.0,2,1,0,Technical,Cybersecurity Analyst
7.43,6.2,5.6,6.4,7.6,4.2,2.4,4.9,4.9,5.2,2.8,3.6,9.5,7.3,8.1,6.2,7.5,5.4,6.5,3.3,4.6,4.3,9.3,2.6,4.0,3,5,0,Creative,Software Developer
6.65,4.8,4.1,5.7,5.7,3.4,4.0,7.1,7.5,8.1,5.9,2.4,9.0,8.4,6.5,9.0,6.7,3.9,6.8,5.2,9.8,8.2,6.2,1.8,5.6,2,1,1,Technical,Cybersecurity Analyst
8.69,7.6,6.6,3.9,6.0,5.5,1.9,5.8,7.9,8.8,8.3,3.5,6.5,8.2,7.6,7.3,7.6,4.2,6.4,4.6,6.8,10.0,7.8,3.2,4.2,3,4,1,Technical,Cloud Engineer
7.89,6.5,3.9,2.3,8.0,1.7,4.4,10.0,4.6,2.8,3.8,6.3,8.9,7.7,7.1,9.0,4.8,6.4,3.8,10.0,0.8,5.3,4.7,4.3,7.9,1,3,0,Analytical,Data Analyst
8.92,7.9,6.0,6.2,4.0,5.6,2.2,4.2,9.2,6.3,7.0,3.2,9.5,7.5,8.6,7.8,7.3,4.0,6.5,4.4,7.3,9.0,5.7,2.9,7.2,1,2,0,Technical,Cloud Engineer
7.62,7.8,5.2,8.4,7.2,5.2,7.9,7.7,7.4,2.4,3.7,3.6,8.1,7.6,6.8,6.2,8.7,10.0,5.6,7.2,5.2,8.4,9.1,3.2,4.5,1,2,0,Technical,AI Engineer
6.67,7.7,5.7,7.5,7.2,7.1,3.4,4.0,5.8,9.5,7.3,4.1,7.8,10.0,7.3,6.9,6.9,6.0,4.0,5.4,9.7,5.0,3.1,2.6,3.6,1,0,0,Technical,Cybersecurity Analyst
7.33,5.6,2.4,1.8,2.8,9.4,2.5,3.5,3.7,3.2,3.2,10.0,7.1,5.1,5.5,6.7,8.5,4.1,6.5,3.6,1.6,2.7,6.4,10.0,7.3,2,2,1,Creative,UI/UX Developer
8.22,6.8,4.9,6.2,4.1,5.8,4.9,5.9,6.4,10.0,5.2,1.4,9.3,7.9,8.8,8.3,7.0,3.2,4.2,4.8,10.0,6.8,6.8,1.6,5.1,1,3,0,Technical,Cybersecurity Analyst
7.3,8.0,4.5,3.4,8.6,3.6,8.4,6.8,4.6,3.7,3.2,5.3,10.0,9.2,10.0,8.3,6.4,8.7,5.2,8.4,1.9,3.8,4.8,2.9,8.8,0,3,0,Analytical,Data Scientist
8.4,4.2,1.2,1.7,7.5,3.7,1.1,7.6,4.6,1.2,3.0,6.5,7.5,8.1,6.3,9.5,9.6,4.4,1.5,7.0,4.5,1.9,5.2,5.6,10.0,2,3,1,Technical,Business Analyst
7.37,10.0,3.8,8.6,7.7,5.7,9.5,7.4,8.0,4.2,6.1,2.4,8.0,9.6,8.6,7.8,8.0,8.0,3.2,7.1,5.7,6.8,7.9,2.6,5.1,1,3,1,Technical,AI Engineer
8.88,2.9,1.3,2.9,5.2,10.0,1.5,3.7,3.5,0.8,4.4,10.0,7.4,6.1,3.7,8.7,8.2,2.0,10.0,5.7,2.4,3.6,4.4,10.0,7.9,1,1,0,Creative,UI/UX Developer
8.2,10.0,3.8,5.9,5.3,5.1,10.0,8.4,7.9,2.7,5.2,3.3,9.5,9.2,8.2,7.6,7.0,9.8,4.0,8.0,2.3,7.0,5.1,2.3,4.4,1,5,0,Technical,Machine Learning Engineer
6.82,6.6,6.6,6.5,6.6,9.3,2.7,4.9,4.9,4.8,5.1,5.9,7.5,8.3,6.4,8.7,7.6,2.9,10.0,3.1,4.3,5.2,6.4,9.7,5.4,5,2,0,Creative,Web Developer
7.7,7.4,2.0,1.8,9.0,2.6,5.9,7.3,5.2,2.7,2.4,4.0,5.7,6.6,8.7,7.9,8.8,4.3,3.8,8.7,0.9,3.9,3.3,3.3,7.8,4,5,1,Creative,Data Analyst
7.74,5.9,2.5,1.5,9.4,3.3,4.3,9.1,2.8,3.4,4.6,5.8,7.7,8.8,10.0,6.7,8.6,4.8,3.6,9.4,3.2,4.1,4.1,7.7,9.4,2,5,0,Managerial,Business Analyst
6.0,6.6,5.4,6.7,6.7,4.4,3.8,7.2,9.4,5.5,10.0,3.4,7.8,8.6,6.2,6.2,6.7,3.3,6.4,4.9,5.1,7.0,7.1,2.6,4.6,3,3,1,Technical,DevOps Engineer
7.01,6.4,1.9,3.2,1.6,7.9,1.9,2.9,2.2,3.0,3.4,8.9,5.8,5.5,3.8,7.3,8.0,6.9,7.9,3.0,1.4,3.5,4.1,8.4,7.7,5,2,0,Creative,UI/UX Developer
8.51,7.9,8.4,8.3,6.1,5.5,4.6,2.3,4.7,4.2,5.7,4.2,7.0,9.8,7.0,4.7,7.2,4.5,8.2,4.4,2.4,3.4,10.0,3.1,2.3,2,1,1,Technical,Software Developer
8.22,5.8,2.3,1.9,7.4,8.7,2.4,3.8,5.5,4.1,1.3,7.4,6.9,8.0,7.2,6.3,8.1,4.5,9.2,2.1,2.7,5.0,7.3,5.9,4.1,2,1,0,Creative,Web Developer
7.09,10.0,2.8,7.9,7.5,3.3,10.0,8.2,5.9,3.3,7.2,3.5,8.4,9.9,8.5,6.2,6.8,8.2,2.9,7.3,0.9,6.9,6.4,2.5,4.7,1,1,1,Managerial,Machine Learning Engineer
8.25,8.2,6.9,3.1,8.1,6.6,3.0,3.6,10.0,5.4,10.0,0.1,7.6,8.4,7.5,6.2,7.2,4.2,5.3,4.9,4.5,7.4,6.2,3.0,4.9,2,1,1,Technical,DevOps Engineer
6.55,7.4,5.4,8.4,6.5,5.9,4.6,4.9,7.7,9.6,7.0,1.5,9.1,9.4,5.8,6.9,5.1,2.8,4.9,7.0,10.0,6.2,5.0,3.5,2.8,1,1,1,Technical,Cybersecurity Analyst
6.79,6.5,8.9,6.3,6.3,7.4,3.8,2.6,6.2,4.7,8.4,1.9,8.7,9.1,5.2,9.0,6.8,4.4,6.0,4.7,6.9,9.3,7.7,2.4,5.3,3,1,1,Technical,DevOps Engineer
7.49,7.8,5.9,6.0,8.7,4.9,7.7,8.0,4.9,4.9,6.5,3.0,9.2,8.8,7.8,6.4,8.4,8.9,5.5,8.0,3.7,8.7,8.1,3.4,5.7,1,2,1,Technical,Machine Learning Engineer
8.46,7.0,2.6,2.0,9.9,2.7,4.6,10.0,3.7,0.2,4.5,6.1,5.6,7.4,7.5,9.5,7.5,5.2,3.2,9.0,3.4,3.1,3.5,5.0,6.5,3,3,0,Analytical,Data Analyst
6.91,3.3,3.6,3.6,3.0,7.6,2.6,4.3,2.7,3.7,3.0,7.3,8.2,7.7,7.1,8.1,7.1,3.6,8.6,2.6,0.0,2.2,7.4,10.0,6.8,1,5,1,Creative,UI/UX Developer
7.22,8.2,3.9,1.9,7.2,3.4,8.6,9.4,6.6,2.7,3.8,3.5,9.2,8.1,7.9,5.7,6.0,8.2,4.1,9.1,3.1,5.0,6.4,4.6,7.0,2,4,0,Analytical,Data Scientist
8.77,6.4,5.6,2.5,5.9,5.1,4.3,5.2,9.9,6.2,8.3,5.2,9.6,9.9,7.2,9.0,9.5,6.1,7.2,4.1,8.0,8.1,7.0,4.9,6.0,1,1,1,Technical,Cloud Engineer
8.7,9.3,8.0,7.2,5.7,6.1,2.8,4.6,4.7,5.6,5.1,3.7,9.1,6.7,7.4,6.5,5.4,2.1,7.1,5.1,4.2,6.9,9.5,5.4,4.5,2,2,1,Technical,Software Developer
6.74,4.6,2.1,2.9,10.0,3.0,4.2,6.9,4.0,4.9,4.6,5.5,9.0,8.2,6.9,7.0,8.5,3.4,3.8,7.1,0.5,4.9,4.6,5.2,7.0,2,2,0,Managerial,Business Analyst
7.98,6.0,4.2,0.0,7.9,2.8,3.5,8.4,5.5,3.4,3.8,6.1,7.3,6.2,6.6,7.3,6.8,5.6,3.4,9.3,1.9,5.2,2.6,5.9,5.7,3,2,1,Analytical,Data Analyst
6.14,8.9,7.1,5.5,6.2,4.5,10.0,6.5,8.2,4.1,5.0,4.3,10.0,9.0,8.0,5.2,6.5,10.0,2.1,7.6,3.8,7.3,8.2,2.1,4.9,5,2,1,Technical,Machine Learning Engineer
7.63,7.4,6.5,3.7,4.8,4.2,2.3,4.7,9.1,4.5,10.0,2.3,7.0,6.3,6.7,6.4,6.8,4.5,4.1,5.0,5.9,10.0,6.5,2.1,5.6,2,0,0,Managerial,Cloud Engineer
6.28,7.1,4.6,7.1,7.9,3.9,9.0,6.5,7.6,6.8,7.9,4.3,9.4,7.9,7.6,7.2,8.0,8.5,4.5,8.6,4.0,6.9,8.0,0.9,7.0,3,2,0,Technical,Machine Learning Engineer
7.4,9.7,5.4,7.1,6.7,2.4,10.0,10.0,6.0,5.0,6.9,1.1,7.2,9.8,9.9,6.9,7.3,8.5,2.8,9.3,3.6,6.4,8.9,4.9,5.6,1,1,1,Technical,Machine Learning Engineer
6.21,8.1,4.5,4.3,6.3,3.4,4.1,6.3,9.9,6.6,9.0,2.3,7.0,8.6,6.8,7.3,6.6,2.8,4.9,4.1,4.3,10.0,5.1,1.5,5.2,1,0,0,Analytical,Cloud Engineer
8.4,7.2,6.2,4.9,6.6,7.7,3.4,4.9,9.2,7.8,10.0,2.3,8.7,7.3,6.7,6.8,8.6,4.8,5.6,4.5,6.1,7.9,7.8,2.8,4.9,1,0,1,Managerial,DevOps Engineer
8.82,7.4,3.2,6.6,5.2,4.9,9.5,7.7,7.4,2.3,6.6,4.2,9.3,8.9,8.2,7.4,6.6,10.0,4.3,7.8,3.6,6.8,7.3,3.4,3.6,3,0,1,Technical,AI Engineer
8.35,8.6,5.6,6.6,5.6,5.3,4.5,5.0,9.3,6.6,8.2,6.1,8.1,8.3,7.2,6.2,6.8,4.9,4.7,4.3,6.7,9.9,8.3,3.1,5.5,2,1,0,Technical,Cloud Engineer
7.82,9.4,2.8,3.4,7.7,5.6,7.1,8.5,4.5,5.5,4.3,3.0,6.7,9.2,9.2,8.2,5.9,10.0,3.1,9.5,3.7,5.1,6.4,3.4,8.1,2,2,1,Analytical,Data Scientist
8.26,7.1,0.8,2.1,8.1,3.8,2.9,7.7,4.5,4.9,2.9,7.4,8.0,8.9,7.4,9.4,10.0,2.8,4.2,6.0,4.1,5.3,4.4,6.1,8.4,3,4,0,Creative,Business Analyst
8.95,7.3,6.7,2.8,6.0,9.8,2.8,4.1,4.4,6.0,5.2,6.2,7.7,8.6,5.0,8.1,8.2,2.8,8.8,3.7,4.1,3.0,8.5,8.2,5.9,2,4,0,Creative,Web Developer
7.81,6.9,9.9,6.1,5.5,6.3,2.3,0.8,7.1,2.8,5.6,2.6,7.1,6.7,6.2,5.8,6.9,3.6,4.4,3.4,5.6,6.5,9.5,4.7,6.3,1,1,0,Technical,Software Developer
7.26,4.3,1.5,0.0,5.1,8.3,1.8,3.9,2.4,2.2,4.0,9.7,6.6,6.0,4.9,7.7,6.9,2.7,8.9,2.9,2.1,2.0,5.4,6.6,6.4,2,4,1,Creative,UI/UX Developer
7.95,5.2,3.9,3.4,5.8,8.7,1.5,2.6,4.3,1.8,2.0,10.0,4.9,5.8,5.2,9.5,8.1,3.2,9.4,4.4,0.0,4.6,5.1,8.7,6.0,2,3,0,Creative,UI/UX Developer
9.11,4.6,1.8,4.1,8.1,5.1,2.8,7.5,2.9,3.6,2.2,5.0,8.2,8.4,6.9,9.1,10.0,5.6,3.4,8.7,4.0,4.9,3.2,4.0,10.0,0,1,0,Managerial,Business Analyst
8.61,7.2,5.8,4.9,7.2,4.7,3.1,4.3,5.0,10.0,7.0,3.7,7.2,6.2,6.8,6.8,7.3,6.8,4.0,3.2,8.2,6.7,7.8,3.3,3.5,2,3,1,Technical,Cybersecurity Analyst
8.65,8.2,4.4,6.4,6.4,6.2,9.5,9.3,8.7,5.5,7.9,3.5,9.2,7.5,9.7,7.3,9.2,9.1,2.9,6.4,5.5,7.2,7.2,3.8,3.6,4,2,0,Technical,AI Engineer
6.9,8.5,2.3,2.8,6.5,0.2,4.9,8.9,4.4,4.1,1.6,5.0,9.6,6.3,6.9,6.1,10.0,2.6,3.9,8.0,0.8,5.2,3.2,5.7,9.5,2,6,0,Analytical,Data Analyst
7.68,8.7,4.9,8.7,6.6,2.7,8.1,9.1,5.4,4.8,6.3,1.0,9.8,8.7,8.9,5.8,8.4,10.0,6.4,9.3,3.2,5.5,5.9,2.9,4.9,3,2,1,Creative,Machine Learning Engineer
7.47,7.1,3.0,0.0,10.0,4.3,5.5,10.0,3.5,2.9,2.5,5.2,6.1,7.3,5.8,6.6,7.4,4.2,3.4,10.0,1.3,3.7,4.7,4.3,7.2,2,3,0,Analytical,Data Analyst
7.29,6.9,8.2,7.1,5.7,4.8,3.1,5.3,4.8,9.6,6.0,4.2,9.1,9.6,7.8,7.2,7.6,4.7,3.7,5.6,9.3,8.3,5.1,1.0,5.9,2,2,0,Technical,Cybersecurity Analyst
8.37,6.8,3.6,3.4,8.1,9.9,3.2,4.1,5.5,4.0,6.9,8.4,7.2,6.1,8.4,6.6,6.4,5.1,9.5,4.1,2.6,5.9,9.6,8.0,4.4,1,2,0,Creative,Web Developer
7.82,3.9,3.0,2.2,4.6,7.8,1.8,3.8,4.9,3.9,3.1,7.2,7.4,5.0,2.2,9.4,8.8,2.2,8.9,2.7,2.8,5.3,4.5,7.0,4.8,2,3,1,Creative,UI/UX Developer
7.48,8.6,4.5,7.1,5.8,3.7,8.6,6.6,6.3,1.3,5.8,3.4,9.5,9.0,8.7,7.2,7.1,10.0,1.7,9.4,1.1,5.8,8.3,3.7,3.9,0,1,1,Technical,Machine Learning Engineer
8.87,9.5,5.2,6.5,7.6,3.2,9.2,7.8,5.4,5.2,5.4,2.6,7.3,8.8,9.0,5.5,5.0,9.1,3.8,8.2,5.2,6.9,7.8,3.4,5.4,2,0,0,Technical,Machine Learning Engineer
8.37,10.0,5.0,6.5,6.4,3.8,8.3,9.3,7.7,4.6,7.2,4.2,10.0,6.7,7.9,6.2,5.5,9.6,4.2,10.0,5.0,6.4,8.0,1.5,5.2,1,1,1,Technical,AI Engineer
8.0,8.7,2.0,5.5,9.7,3.4,9.1,10.0,6.2,2.4,2.7,4.7,8.7,8.5,8.2,7.1,7.4,8.2,3.0,9.0,3.7,3.4,4.6,2.8,7.2,2,1,1,Analytical,Data Scientist
7.56,4.9,3.3,3.1,2.5,8.1,2.8,2.8,4.6,0.6,3.9,9.0,7.7,7.3,4.1,9.4,6.6,3.1,8.0,4.0,0.0,3.3,5.9,8.6,6.2,3,4,1,Analytical,UI/UX Developer
